symbol,side,entry_date,entry_price,exit_date,exit_price,exit_reason,entry_shares,exit_shares,gross_pnl,cost,net_pnl,return_bp,holding_sessions,sample
DBA,short,2012-02-01,29.09,2012-06-01,25.85,flat,-0.0171880371262,-0.0174979249978,0.0550858686633,0.000504553202511,0.0545813154608,1091.62630922,84,IS
DBB,short,2012-02-01,20.93,2012-05-01,20.19,flat,-0.0238891543239,-0.0228713257983,0.0168439871198,0.00049157800644,0.0163524091134,327.048182267,62,IS
GLD,long,2012-02-01,169.75,2012-09-04,164.11,flat,0.00294550810015,0.00380842334222,-0.00892211656507,0.000130572436595,-0.00905268900166,-181.053780033,149,IS
SLV,long,2012-02-01,32.96,2012-03-01,33.75,flat,0.0151699029126,0.0151699029126,0.011984223301,0.00010119842233,0.0118830248786,237.660497573,20,IS
UNG,long,2012-03-01,322.56,2013-08-01,291.36,flat,0.00153258446309,0.00160539694507,-0.0101496848814,0.0007153567662,-0.0108650416476,-219.784199051,356,IS
SLV,short,2012-05-01,30.36,2012-10-01,33.76,flip,-0.0156939557869,-0.0165710172277,-0.084156221177,0.000139481944837,-0.0842957031219,-1769.17684024,106,IS
DBB,short,2012-06-01,18.18,2012-12-03,19.28,flat,-0.027459616549,-0.0275377769847,-0.0375373688336,0.000672491167509,-0.0382098600011,-765.397605447,126,IS
USO,long,2012-09-04,287.68,2012-10-01,275.6,flat,0.00179661438866,0.00179661438866,-0.0217031018151,0.000505998476423,-0.0222091002915,-429.70105673,19,IS
DBA,short,2012-10-01,29.45,2012-11-01,29.05,flat,-0.0168251339649,-0.0168251339649,0.00673005358596,0.000492135168473,0.00623791841749,125.891341256,21,IS
SLV,long,2012-10-01,33.76,2012-11-01,31.5,flat,0.0146771384854,0.0146771384854,-0.0331703329769,9.57830057556e-05,-0.0332661159827,-671.364336493,21,IS
GLD,long,2012-11-01,167.02,2012-12-03,166.11,flip,0.00299746608539,0.00299746608539,-0.0027276941377,9.98545877025e-05,-0.0028275487254,-56.4790444258,21,IS
USO,short,2012-11-01,254.8,2013-06-03,263.44,flat,-0.00196482254938,-0.00188291048376,-0.0208959096864,0.000614082023348,-0.0215099917098,-429.652640982,145,IS
GLD,short,2012-12-03,166.11,2013-01-02,163.49,flat,-0.00276093742263,-0.00276093742263,0.00723365604728,9.10004974497e-05,0.00714265554983,155.742580218,20,IS
SLV,long,2012-12-03,32.52,2013-02-01,31.02,flat,0.0141026849715,0.013678637802,-0.0214254176457,8.95813212899e-05,-0.021514998967,-469.125443489,41,IS
DBA,short,2013-01-02,28.21,2013-02-01,27.98,flip,-0.0147308407098,-0.0147308407098,0.00338809336326,0.000413862969743,0.00297423039352,71.5721375399,21,IS
DBA,long,2013-02-01,27.98,2013-04-01,25.99,flat,0.015095618726,0.0168059570741,-0.0305020726188,0.000452037860666,-0.0309541104794,-732.857775414,39,IS
DBB,short,2013-02-01,19.51,2013-03-01,18.18,flat,-0.0216491753949,-0.0216491753949,0.0287934032752,0.000407978710316,0.0283854245649,672.042542286,19,IS
SLV,short,2013-03-01,27.67,2013-04-01,27.08,flat,-0.0159495638875,-0.0159495638875,0.00941024269361,8.73238622839e-05,0.00932291883133,211.248644742,20,IS
DBB,short,2013-04-01,17.4,2013-05-01,16.42,flat,-0.0264153316447,-0.0264153316447,0.0258870250118,0.000446683258112,0.0254403417537,553.5,22,IS
GLD,long,2013-04-01,154.57,2013-05-01,140.59,flat,0.00297358329959,0.00297358329959,-0.0415706945283,8.77682846707e-05,-0.0416584628129,-906.354143754,22,IS
DBA,long,2013-05-01,26.04,2013-07-01,24.87,flat,0.0187249807555,0.0181276899491,-0.0214065032066,0.000476895247271,-0.0218833984539,-448.799545208,42,IS
SLV,short,2013-05-01,22.69,2014-08-01,19.68,flat,-0.0214895768565,-0.022910641148,0.0126073321023,0.000178508949228,0.0124288231531,254.898716502,316,IS
GLD,short,2013-06-03,134.77,2014-07-01,127.99,flat,-0.00345820960594,-0.00425974571257,0.00176488830582,0.000155393898376,0.00160949440744,34.5338446328,272,IS
USO,long,2013-07-01,276.88,2014-04-01,291.6,flat,0.00176171557278,0.00159583553329,0.0365285587622,0.000627142457459,0.0359014163048,736.01082552,189,IS
DBB,long,2013-08-01,16.43,2013-09-03,16.67,flat,0.0294961463614,0.0294961463614,0.00707907512674,0.000488161222282,0.00659091390446,136.001217285,22,IS
UNG,long,2013-09-03,307.2,2013-11-01,279.68,flat,0.00135922477664,0.00150888121341,-0.0398243138713,0.000441916054701,-0.040266229926,-964.336211786,43,IS
DBB,long,2013-11-01,16.66,2013-12-02,15.89,flat,0.024493591089,0.024493591089,-0.0188600651386,0.000398633194974,-0.0192586983335,-471.953781513,20,IS
UNG,long,2013-12-02,306.08,2015-01-02,241.12,flip,0.00139250107225,0.00139126811547,-0.0803237580666,0.000506453081053,-0.0808302111477,-1896.4579708,273,IS
DBA,long,2014-04-01,28.31,2014-06-02,27.62,flat,0.0172164978513,0.018210964648,-0.0134406963883,0.000509707191773,-0.0139504035801,-286.221392117,42,IS
USO,long,2014-06-02,300.16,2014-08-01,288.96,flip,0.00170199661283,0.00149063019514,-0.0141586611733,0.000503791972722,-0.014662453146,-287.008744688,43,IS
DBB,short,2014-07-01,16.92,2014-08-01,17.72,flip,-0.0275008937184,-0.0275008937184,-0.0220007149747,0.000476315479202,-0.0224770304539,-483.04964539,22,IS
DBB,long,2014-08-01,17.72,2015-01-02,16.04,flat,0.0231791537441,0.0272279057967,-0.0431809786803,0.000458326098319,-0.0436393047786,-1062.46964139,106,IS
GLD,short,2014-08-01,124.54,2014-12-01,113.8,flat,-0.00329801352454,-0.00418524671591,0.0378371790583,9.903993316e-05,0.0377381391252,918.796194085,84,IS
USO,short,2014-08-01,288.96,2014-09-02,282.24,flat,-0.00142142374151,-0.00142142374151,0.00955196754293,0.000405958620574,0.00914600892235,222.674418605,21,IS
SLV,short,2014-09-02,18.45,2015-01-02,14.96,flat,-0.0231968081881,-0.0295637641198,0.088578101548,0.000100246151305,0.0884778553967,2067.33084961,85,IS
USO,short,2014-12-01,202.48,2017-02-01,91.36,flip,-0.00222954700765,-0.00551518157752,0.243965222404,0.0015286798725,0.242436542531,5370.30950797,546,IS
DBA,long,2015-01-02,24.8,2015-03-02,23.05,flat,0.0176679917928,0.020786673969,-0.0310125461027,0.000494639108036,-0.0315071852108,-719.069281591,39,IS
GLD,long,2015-01-02,112.48,2016-11-01,122.8,flat,0.00389550316912,0.00491597536605,0.0825735323995,0.000189151388675,0.0823843810109,1880.20850709,462,IS
UNG,short,2015-01-02,241.12,2016-12-01,138.72,flat,-0.00181721216184,-0.00504291862936,0.190331413542,0.00144881159228,0.18888260195,4310.75248331,483,IS
DBB,long,2015-03-02,15.17,2015-07-01,14.53,flat,0.0308019968163,0.0296177108716,-0.0130306118595,0.000517199053517,-0.013547810913,-289.937689784,85,IS
DBA,long,2015-07-01,23.25,2015-10-01,20.93,flat,0.0185496921068,0.0220898634894,-0.0438538238866,0.000484267754776,-0.0443380916414,-1028.05733016,64,IS
SLV,long,2015-10-01,13.98,2016-02-01,13.64,flat,0.0347056160608,0.0447956282902,-0.0135950194204,0.000123561975918,-0.0137185813963,-282.749779558,83,IS
DBA,long,2016-02-01,20,2016-03-01,19.92,flat,0.0349741333703,0.0349741333703,-0.00279793066962,0.000698083702071,-0.0034960143717,-49.98,20,IS
SLV,long,2016-03-01,14.21,2016-04-01,14.24,flat,0.0584392308494,0.0584392308494,0.00175317692548,0.000166259611767,0.00158691731372,19.1097818438,22,IS
DBA,long,2016-04-01,20.41,2016-05-02,21.1,flat,0.0374404848346,0.0374404848346,0.0258339345359,0.000777077262742,0.0250568572731,327.900538951,21,IS
SLV,long,2016-05-02,16.94,2016-06-01,15.19,flat,0.0422491191204,0.0422491191204,-0.0739359584607,0.000135746419734,-0.0740717048804,-1034.95454545,21,IS
DBA,long,2016-06-01,21.27,2016-07-01,22.16,flat,0.0295266236578,0.0295266236578,0.0262786950554,0.000641170632729,0.0256375244227,408.220498354,22,IS
SLV,long,2016-07-01,18.28,2017-02-01,16.54,flat,0.0334714286119,0.0346606558944,-0.0651216192736,0.000132160145388,-0.065253779419,-1066.48617508,147,IS
DBB,long,2016-11-01,14.36,2018-09-04,15.84,flip,0.0436584710307,0.0382045155874,0.0588309677684,0.000873452180712,0.0579575155877,924.457177418,462,IS
DBA,short,2016-12-01,19.95,2017-07-03,20.04,flat,-0.0282954042808,-0.028119279153,-0.000449647961781,0.000667884536647,-0.00111753249843,-19.7970900263,146,IS
UNG,short,2017-02-01,126.4,2017-03-01,107.84,flat,-0.00460607285316,-0.00460607285316,0.0854887121546,0.000539463252562,0.0849492489021,1459.08860759,19,IS
USO,long,2017-02-01,91.36,2017-04-03,84.88,flat,0.00637267522591,0.00692501821423,-0.0452718049798,0.000610431448514,-0.0458822364283,-788.073459493,42,IS
GLD,short,2017-03-01,117.98,2017-05-01,120.21,flat,-0.00540477773493,-0.00514223571153,-0.0116535904733,0.000128696494481,-0.0117822869678,-184.775065756,42,IS
SLV,long,2017-04-03,17.21,2017-05-01,16.22,flat,0.0354637975945,0.0354637975945,-0.0351091596185,0.000118555475358,-0.0352277150939,-577.189424753,19,IS
UNG,long,2017-05-01,120.64,2017-06-01,111.04,flat,0.0047880071173,0.0047880071173,-0.0459648683261,0.000554642744468,-0.0465195110706,-805.358090186,22,IS
USO,short,2017-05-01,81.52,2017-08-01,81.36,flip,-0.00708568668586,-0.00740818888538,-0.000826554580639,0.000610165105083,-0.00143671968572,-24.8728715242,64,IS
SLV,long,2017-06-01,16.16,2017-07-03,15.37,flat,0.0346270826204,0.0346270826204,-0.0273553952701,0.000109179191502,-0.0274645744616,-490.8125,22,IS
GLD,long,2017-07-03,116.54,2017-08-01,120.44,flat,0.00485657826363,0.00485657826363,0.0189406552282,0.000115091191691,0.0188255640365,332.615582633,20,IS
UNG,short,2017-07-03,108.16,2018-09-04,93.4,flat,-0.00523285531475,-0.00693593884176,0.0714849742753,0.000839667549287,0.0706453067261,1248.18198336,295,IS
SLV,short,2017-08-01,15.83,2017-09-01,16.71,flat,-0.0369165378688,-0.0369165378688,-0.0324865533246,0.000120126414225,-0.0326066797388,-557.962097284,23,IS
USO,long,2017-08-01,81.36,2017-09-01,76.8,flat,0.00718275312763,0.00718275312763,-0.032753354262,0.000568012117333,-0.0333213663793,-570.191740413,23,IS
DBA,short,2017-09-01,18.63,2017-10-02,18.78,flat,-0.0301358303684,-0.0301358303684,-0.00452037455526,0.000563690707041,-0.0050840652623,-90.5555555556,20,IS
GLD,long,2017-09-01,126.01,2017-11-01,120.98,flat,0.00445544416922,0.00457959040688,-0.0224344719563,0.00011305121668,-0.022547523173,-401.608433801,42,IS
SLV,short,2017-10-02,15.75,2017-12-01,15.42,flat,-0.0352323155303,-0.0367111358861,0.0124104389136,0.000114458186964,0.0122959807266,221.585546462,43,IS
USO,long,2017-11-01,88.24,2017-12-01,93.2,flat,0.00663579575456,0.00663579575456,0.0329135469426,0.000601999390854,0.0323115475518,551.822302811,21,IS
DBA,short,2017-12-01,19.06,2018-03-01,19.27,flat,-0.030873869873,-0.0334229339737,-0.00770706344166,0.000640206405953,-0.00834726984761,-141.850374848,60,IS
GLD,long,2017-12-01,120.94,2018-02-01,127.18,flat,0.00486568513131,0.00501184214514,0.0307301908942,0.000124408197714,0.0306057826965,520.103198682,41,IS
USO,long,2018-02-01,104.64,2018-12-03,90.16,flat,0.00600169083874,0.00537380063676,-0.0645125708131,0.000672782450014,-0.0651853532631,-1037.95535144,211,IS
SLV,short,2018-03-01,15.33,2018-07-02,14.96,flat,-0.0402670364654,-0.0400752679607,0.014406157705,0.00012814556027,0.0142780121448,231.300155201,85,IS
DBA,short,2018-07-02,17.88,2018-09-04,16.87,flip,-0.0365585607308,-0.0358943737436,0.0364857829265,0.000635424174404,0.0358503587521,548.449824447,44,IS
DBA,long,2018-09-04,16.87,2018-10-01,16.92,flip,0.0377417187763,0.0377417187763,0.00188708593882,0.000637646338726,0.00124943960009,19.6235921755,19,IS
DBB,short,2018-09-04,15.84,2018-10-01,16.55,flat,-0.0401958835705,-0.0401958835705,-0.028539077335,0.000650972334424,-0.0291900496695,-458.456439394,19,IS
SLV,short,2018-09-04,13.23,2019-01-02,14.46,flat,-0.0481256837306,-0.0460385969403,-0.0575778937878,0.000140211884357,-0.0577181056721,-906.515662517,82,IS
DBA,short,2018-10-01,16.92,2018-11-01,17.53,flat,-0.0371909627058,-0.0371909627058,-0.0226864872505,0.000640614332607,-0.0233271015831,-370.70035461,23,IS
UNG,long,2018-10-01,101.28,2019-07-01,77.6,flip,0.00621318215819,0.00479551422466,-0.0630336978552,0.000740282383844,-0.0637739802391,-1013.45797313,187,IS
DBB,short,2018-11-01,16.09,2019-04-01,17.07,flat,-0.0370321326665,-0.0278373580554,-0.0283208233731,0.000625372349609,-0.0289461957227,-485.799123151,101,IS
GLD,long,2018-12-03,116.6,2019-05-01,121.03,flat,0.00538169876755,0.0036567434544,0.026980944925,0.000128199309752,0.0268527456153,427.928057267,101,IS
USO,short,2019-01-02,75.36,2019-03-01,95.6,flat,-0.00728118084403,-0.0053261133345,-0.138768803241,0.000618094190027,-0.139386897431,-2540.2662824,40,IS
DBA,short,2019-03-01,16.47,2019-06-03,16.68,flat,-0.0284289230414,-0.0278830561965,-0.00625609482171,0.000483737450542,-0.00673983227225,-143.944502084,64,IS
SLV,short,2019-04-01,14.24,2019-05-01,13.89,flat,-0.0314315589058,-0.0314315589058,0.011001045617,8.84169752019e-05,0.0109126286418,243.811095506,21,IS
DBB,short,2019-05-01,16.3,2019-07-01,15.41,flat,-0.027404083452,-0.0261904031773,0.0245231391025,0.000434424990716,0.0240887141118,539.275551459,42,IS
USO,long,2019-05-01,106.24,2019-06-03,90.4,flip,0.00420450452059,0.00420450452059,-0.0665993516062,0.000413386884465,-0.0670127384907,-1500.21837349,22,IS
GLD,long,2019-06-03,124.09,2021-02-01,175.02,flat,0.00322921402702,0.00516660850228,0.193456886273,0.000189433384655,0.193267452889,4823.08713632,420,IS
USO,short,2019-06-03,90.4,2019-12-02,94.24,flat,-0.00443266779439,-0.00469355147547,-0.0243446585485,0.000536493963381,-0.0248811525118,-620.921758024,127,IS
SLV,long,2019-07-01,14.24,2020-01-02,16.84,flat,0.0264389760545,0.02725466864,0.0707854031809,9.03913121203e-05,0.0706950118688,1877.73434951,128,IS
UNG,short,2019-07-01,77.6,2021-08-02,55.88,flat,-0.00485168838938,-0.0157252574215,-0.00921420511027,0.00162858191868,-0.0108427870289,-287.995901132,526,IS
DBB,short,2019-12-02,14.84,2020-03-02,13.74,flat,-0.0290177738889,-0.0346130745745,0.0354621336306,0.000493314711469,0.0349688189192,812.050374387,61,IS
USO,long,2020-01-02,102.4,2020-02-03,85.96,flat,0.00456954423916,0.00456954423916,-0.0751233072918,0.000430359676444,-0.0755536669682,-1614.66601563,21,IS
SLV,long,2020-02-03,16.61,2021-06-01,26.38,flat,0.0291324974444,0.0332553397894,0.547389919992,0.000269790056893,0.547120129935,11306.6863363,334,IS
USO,short,2020-03-02,77.36,2021-04-01,41.47,flat,-0.00634808657555,-0.0198997471407,-0.182694294907,0.00171302171809,-0.184407316625,-3755.07699394,274,IS
DBB,long,2021-02-01,16.89,2021-05-03,20.18,flat,0.0523952357214,0.0431248784222,0.159147991518,0.000964529527094,0.158183461991,1787.47356664,63,IS
GLD,short,2021-04-01,161.56,2022-07-01,167.13,flat,-0.00498087541073,-0.00776100014069,-0.0140987218932,0.000335209174607,-0.0144339310678,-179.368057039,315,IS
USO,long,2021-05-03,43.56,2023-04-03,69.93,flat,0.0187881981684,0.00902737060772,0.374861678951,0.00189435038006,0.372967328571,4557.19682917,483,IS
DBB,long,2021-06-01,21.08,2021-10-01,20.84,flat,0.0395731852331,0.0371847772995,-0.00913749880529,0.00084144565811,-0.0099789444634,-119.622532132,86,IS
SLV,short,2021-08-02,23.47,2023-01-03,22.45,flat,-0.0330869167203,-0.0516197534852,-0.0402258936944,0.000441498598311,-0.0406673922927,-523.693202942,358,IS
UNG,long,2021-10-01,78.64,2023-02-01,35.64,flip,0.0108325631303,0.0154848435552,-0.411345981905,0.00154065469464,-0.412886636599,-4846.81109401,335,IS
DBB,short,2022-07-01,19.15,2023-06-01,17.74,flat,-0.0616322518501,-0.038483179096,0.031630721081,0.00172487267187,0.0299058484091,253.384073342,230,IS
GLD,short,2023-01-03,171.32,2023-02-01,179.75,flip,-0.00463135292883,-0.00463135292883,-0.03904230519,0.000162592907272,-0.0392048980973,-494.110845202,20,IS
GLD,long,2023-02-01,179.75,2023-03-01,170.95,flat,0.00340540701997,0.00340540701997,-0.0299675817757,0.00011942762419,-0.0300870093999,-491.519888734,19,IS
UNG,short,2023-02-01,35.64,2025-03-03,20.16,flat,-0.0171751378182,-0.0405538375928,0.0680728074412,0.00237673332884,0.0656960741124,1073.25146906,521,IS
DBA,long,2023-03-01,20.21,2023-04-03,20.53,flat,0.0299899882534,0.0299899882534,0.0095967962411,0.000610896060723,0.00898590018038,148.258287976,23,IS
GLD,long,2023-04-03,183.85,2023-10-02,170.23,flat,0.00381864697829,0.00345223715846,-0.0507340993626,0.000151277032448,-0.0508853763951,-724.80277264,125,IS
SLV,long,2023-04-03,21.96,2024-01-02,21.89,flat,0.0319698655263,0.0285414098739,-0.0018645405136,0.000177177472237,-0.00204171798584,-29.0818887846,188,IS
USO,short,2023-06-01,60.66,2023-09-01,76,flat,-0.0128139240789,-0.00899806570289,-0.161739904237,0.000858162586744,-0.162598066823,-2091.85137721,64,IS
DBB,short,2023-09-01,18.71,2023-10-02,18.92,flat,-0.0333599400454,-0.0333599400454,-0.00700558740954,0.000627667271955,-0.00763325468149,-122.29556387,20,IS
DBA,short,2023-10-02,21.5,2023-11-01,21.95,flat,-0.0271725869036,-0.0271725869036,-0.0122276641066,0.00059032445048,-0.0128179885571,-219.406976744,22,IS
USO,long,2023-10-02,81.18,2023-11-01,76.66,flat,0.00719648458274,0.00719648458274,-0.032528110314,0.00056794656327,-0.0330960568773,-566.508992363,22,IS
DBB,short,2023-11-01,18.41,2024-05-01,20.13,flat,-0.0303262646509,-0.0487319471359,-0.0930521178838,0.000934448036905,-0.0939865659207,-1683.42228679,124,IS
GLD,long,2023-11-01,183.91,2024-04-01,208.68,flat,0.00303575951402,0.00412515219037,0.0960537837745,0.00016256197344,0.095891221801,1717.53716402,102,IS
DBA,long,2024-01-02,20.84,2024-06-03,25.65,flat,0.0321701520622,0.0345044745823,0.165007612571,0.000824558482476,0.164183054089,2448.93637308,105,IS
USO,long,2024-04-01,79.08,2024-08-01,77.79,flat,0.0111045736898,0.00871364238306,-0.0224999834781,0.000866899695651,-0.0233668831738,-266.092256358,85,IS
SLV,short,2024-05-01,24.18,2024-06-03,27.82,flip,-0.0347327920319,-0.0347327920319,-0.126427362996,0.000180610518566,-0.126607973515,-1507.52688172,22,IS
DBB,short,2024-06-03,20.9,2024-09-03,19.2,flat,-0.0309326850265,-0.0410640321597,0.0539768761607,0.000815417855547,0.0531614583051,822.305093478,63,IS
SLV,long,2024-06-03,27.82,2025-01-02,26.7,flat,0.0232384298006,0.0285912240149,-0.0238709559255,0.000175910331461,-0.024046866257,-371.958581193,147,IS
GLD,long,2024-08-01,226.74,2026-04-01,432.25,flat,0.00341204183597,0.00228079540365,0.472685188274,0.000270124570649,0.472415063704,6106.34373188,417,OOS
USO,short,2024-09-03,72.15,2025-01-02,75.77,flat,-0.0108525158296,-0.0110046221663,-0.0394456065354,0.000871876241612,-0.040317482777,-514.904450605,84,OOS
DBA,long,2025-01-02,26.59,2025-02-03,27.505,flat,0.024962563202,0.024962563202,0.0228407453298,0.000675174928206,0.0221655704016,333.942271531,20,OOS
DBB,short,2025-01-02,18.72,2025-04-01,19.1,flat,-0.0354569741208,-0.032964383117,-0.0156751317522,0.000718077114521,-0.0163932088668,-246.976969573,60,OOS
SLV,long,2025-02-03,28.3,2025-04-01,30.87,flat,0.0246332320926,0.0222158839438,0.0574090769949,0.000145165001343,0.0572639119936,821.434954274,40,OOS
USO,short,2025-03-03,74.54,2025-06-02,68.89,flat,-0.00847327046582,-0.0106929597659,0.0386211148183,0.000755948555679,0.0378651662626,599.514111997,63,OOS
DBA,short,2025-04-01,26.44,2025-05-01,26.81,flat,-0.0255619559479,-0.0255619559479,-0.00945792370071,0.000680587077112,-0.0101385107778,-150.009455371,21,OOS
UNG,long,2025-04-01,21.48,2025-06-02,16.21,flip,0.0314645305057,0.039626850897,-0.172266308874,0.000728484407477,-0.172994793281,-2559.63181288,42,OOS
DBB,short,2025-05-01,17.9,2025-07-01,19.43,flat,-0.0376344393994,-0.0336682100128,-0.0540904104209,0.00070070167046,-0.0547911120913,-813.339066984,41,OOS
DBA,long,2025-06-02,27.09,2025-07-01,26.03,flat,0.0230544590527,0.0230544590527,-0.0244377265959,0.00061232643244,-0.0250500530283,-401.092654116,20,OOS
UNG,short,2025-06-02,16.21,2025-12-01,14.74,flat,-0.0385283957889,-0.0543569364314,0.0338352220799,0.000869259397296,0.0329659626826,527.839420256,126,OOS
SLV,long,2025-07-01,32.95,2026-10-01,55.2252,end,0.0188060042198,0.0176637457281,0.431458581464,0.000258115812149,0.431200465652,6958.68652802,316,OOS
USO,short,2025-07-01,73,2025-08-01,79.91,flat,-0.00848846354851,-0.00848846354851,-0.0586552831202,0.000648985480601,-0.0593042686008,-957.048630137,22,OOS
DBB,short,2025-08-01,19.14,2025-09-02,19.83,flat,-0.0321754373461,-0.0321754373461,-0.0222010517688,0.000626938396689,-0.0228279901655,-370.681818182,21,OOS
USO,short,2025-09-02,76.34,2025-10-01,74.05,flat,-0.00883728126969,-0.00883728126969,0.0202373741076,0.000664519365075,0.0195728547425,290.123788315,21,OOS
DBB,short,2025-10-01,20.52,2025-11-03,21.93,flat,-0.037432545003,-0.037432545003,-0.0527798884543,0.000794505767689,-0.0535743942219,-697.478070175,23,OOS
DBA,short,2025-11-03,26.37,2026-01-02,25.5,flat,-0.02846679151,-0.0305813594125,0.026711511084,0.000793180420562,0.0259183306635,345.269627193,41,OOS
USO,short,2025-12-01,71.4,2026-02-02,74.61,flat,-0.0113159596033,-0.0140545338062,-0.0516328601206,0.00102279233722,-0.0526556524579,-651.71152064,42,OOS
UNG,short,2026-01-02,11.99,2026-10-01,10.1405,end,-0.0809044139536,-0.0948000443429,0.0786693491803,0.00173249450032,0.0769368546799,793.127536101,188,OOS
DBA,short,2026-02-02,25.55,2026-10-01,28.38,end,-0.0360576735171,-0.0344543546652,-0.101712669996,0.00141492203607,-0.103127592032,-1119.40249555,168,OOS
USO,long,2026-04-01,122.44,2026-10-01,149.5,end,0.00757526494706,0.00655208259407,0.203719395191,0.00105533156411,0.202664063626,2185.02091567,127,OOS
