symbol,side,entry_date,entry_price,exit_date,exit_price,exit_reason,entry_shares,exit_shares,entry_equity,gross_pnl,cost,net_pnl,holding_sessions,beta
EWA,short,2012-02-01,23.6,2012-09-04,23.16,flat,-0.0141242937853,-0.0139588943369,1,-0.000731234288488,0.000394970894155,-0.00112620518264,150,1.36006233364
EWG,short,2012-02-01,21.84,2014-05-01,31.62,flat,-0.0152625152625,-0.0110668385686,1,-0.14194617109,0.000580953851038,-0.142527124941,565,1.6204608854
EWH,long,2012-02-01,17.05,2013-08-01,19.4,flat,0.019550342131,0.0194505357721,1,0.0495708057664,0.000496304955799,0.0490745008106,377,0.893367005327
EWJ,long,2012-02-01,38.32,2013-07-01,45.4,flat,0.00869867780097,0.00789012156473,1,0.0632773731679,0.000442496008836,0.0628348771591,355,0.809711481935
EWL,long,2012-02-01,23.63,2012-03-01,24.41,flat,0.0141063619692,0.0141063619692,1,0.011002962336,0.000338834814501,0.0106641275215,21,0.984254122411
EWY,short,2012-02-01,57.8,2012-10-01,59.56,flat,-0.00576701268743,-0.00579612134825,1,-0.0155426829574,0.00039875044528,-0.0159414334026,169,1.37644131709
EWT,long,2012-03-01,27.44,2013-01-02,27.34,flat,0.0122850402161,0.0119801491839,1.01130451059,0.00249437467384,0.000405645179049,0.00208872949479,211,0.984135996749
EWZ,short,2012-09-04,52.58,2019-02-01,45.07,flat,-0.00616540637138,-0.00789804123036,0.972531201022,-0.0596914480559,0.0014841668964,-0.0611756149523,1613,1.39338037175
EWA,short,2012-10-01,24.03,2012-11-01,24.38,flat,-0.0134932046109,-0.0134932046109,0.972725120403,-0.00472262161383,0.000326603017608,-0.00504922463144,22,1.39449824452
EWY,short,2012-11-01,57.55,2013-09-03,58.3,flat,-0.00553964347491,-0.0064682814017,0.956419445944,-0.010431851386,0.000441816949136,-0.0108736683351,210,1.368840567
EWS,long,2013-01-02,27.62,2014-05-01,27.24,flat,0.0113489254526,0.0133681994942,0.940371963,0.00321158184179,0.000458071655048,0.00275351018674,335,0.980254579084
EWL,long,2013-07-01,28.78,2014-08-01,32.71,flat,0.0124691586169,0.0102149250767,1.07658715499,0.0479228573923,0.00040318451494,0.0475196728773,275,0.884398937259
EWT,long,2013-08-01,27.18,2013-09-03,27.66,flat,0.0133696853991,0.0133696853991,1.09016414744,0.00641744899157,0.000366596773643,0.00605085221792,23,0.886293072983
EWC,long,2013-09-03,27.73,2015-01-02,28.62,flat,0.012896085401,0.0118403501747,1.07282534451,0.0150534717177,0.000449748088349,0.0146037236294,337,0.870832556049
EWW,short,2013-09-03,62.16,2014-11-03,68.3,flat,-0.00575303166296,-0.00517753346219,1.07282534451,-0.0390483943491,0.000479006223575,-0.0395274005726,296,1.05064670906
EWJ,short,2014-05-01,44.8,2014-07-01,48.72,flat,-0.00796203429646,-0.00755323980597,1.07009740944,-0.0304589925796,0.000371928632771,-0.0308309212124,43,1.11583752482
EWT,long,2014-05-01,29.12,2014-07-01,31.96,flat,0.012249283533,0.0117172694277,1.07009740944,0.0338622606904,0.000373630266827,0.0334886304236,43,0.866433769956
EWG,short,2014-07-01,31.31,2016-02-01,24.1,flat,-0.0112556664052,-0.0156143057834,1.05724474544,0.0846907484612,0.000578129248648,0.0841126192126,400,1.04035101813
EWH,long,2014-07-01,20.89,2015-09-01,18.75,flat,0.016870029447,0.0173043743101,1.05724474544,-0.0323994757347,0.000427926453049,-0.0328274021878,296,0.752442581717
EWS,long,2014-08-01,28.06,2017-01-03,20.07,flat,0.0127949485528,0.0161240183306,1.07707876918,-0.108387620523,0.000625854670376,-0.109013475193,611,0.71270328875
EWU,short,2014-11-03,37.72,2015-01-02,36.06,flat,-0.00960184017059,-0.00925880632111,1.0865442337,0.0152186835993,0.000354572069435,0.0148641115298,42,0.886905655043
EWW,short,2015-01-02,59.11,2015-07-01,57.19,flat,-0.00627241489676,-0.00671987001257,1.11228733364,0.0103895352298,0.000432272420049,0.00995726280972,125,0.883584290756
EWY,long,2015-01-02,55.48,2016-01-04,48.32,flat,0.00668281262703,0.00727849744724,1.11228733364,-0.0444133889864,0.000458390935137,-0.0448717799216,253,0.605357385714
EWU,short,2015-07-01,36.8,2015-11-02,35.04,flat,-0.0105553974141,-0.0120267734041,1.16531587451,0.0146674050864,0.000439854682526,0.0142275504038,87,0.952654794272
EWL,long,2015-09-01,31.26,2017-02-01,30.87,flat,0.0121906282886,0.0111164639776,1.14323712091,-0.00346812904072,0.000490817064275,-0.003958946105,358,0.607963149272
EWJ,short,2015-11-02,49.16,2015-12-01,50.08,flat,-0.00816675793584,-0.00816675793584,1.20443346038,-0.00751341730097,0.000405234528776,-0.00791865182974,21,0.97733131678
EWU,short,2015-12-01,34.54,2016-01-04,31.66,flat,-0.0112443724315,-0.0112443724315,1.16514187135,0.0323837926028,0.000372188727484,0.0320116038753,23,0.955411142818
EWA,short,2016-01-04,18.7,2016-09-01,20.21,flat,-0.0213757341205,-0.0161572944889,1.19917868416,-0.0321684888732,0.000460384128171,-0.0326288730014,169,0.979392915538
EWH,long,2016-01-04,19.31,2016-05-02,19.83,flat,0.0207004778899,0.0191790966899,1.19917868416,0.0119292529414,0.000432842674783,0.0114964102666,83,0.776840185526
EWU,short,2016-02-01,30.28,2017-07-03,33.24,flat,-0.0130312187188,-0.00951917163258,1.18375590841,-0.0343525538481,0.000464797580296,-0.0348173514284,359,1.00550709791
EWY,long,2016-05-02,52.48,2016-06-01,49.78,flat,0.00672676391232,0.00672676391232,1.05906171036,-0.0181622625633,0.000343939438837,-0.0185062020021,22,0.898397275315
EWH,long,2016-06-01,19.64,2017-07-03,23.34,flat,0.018512650722,0.0138247049107,1.09076538054,0.0597898804144,0.00043141030522,0.0593584701092,275,0.913526355184
EWW,short,2016-09-01,50.27,2017-09-01,56.75,flat,-0.00662845949919,-0.00563433212904,0.999637977073,-0.0478087332859,0.000456554133362,-0.0482652874193,253,1.18317754182
EWJ,long,2017-01-03,49.06,2017-12-01,59.68,flat,0.00667305063474,0.00521213160557,0.98213959242,0.0634330697772,0.000360975130763,0.0630720946464,232,1.01063506196
EWS,long,2017-02-01,21.86,2017-03-01,22.28,flat,0.0150571787519,0.0150571787519,0.987449782547,0.00632401507578,0.000332311935053,0.00599170314073,20,0.991521087532
EWC,long,2017-03-01,26.8,2017-05-01,26.28,flat,0.0122579087295,0.0119161184201,0.985535861851,-0.00618270996606,0.000325420598967,-0.00650813056503,43,1.02719520264
EWS,long,2017-05-01,23.04,2018-11-01,22.72,flat,0.0138210575395,0.0134359559753,0.955311497133,0.000845613496073,0.000423933772572,0.000421679723501,382,0.964955337895
EWA,short,2017-07-03,21.48,2018-03-01,22.81,flat,-0.0152851258368,-0.0128563052255,0.984973508925,-0.0211566106024,0.000352083459361,-0.0215086940618,167,1.22666183147
EWL,long,2017-07-03,34.34,2017-08-01,34.74,flat,0.0095609930977,0.0095609930977,0.984973508925,0.00382439723908,0.000330236701595,0.00349416053749,21,0.807342698847
EWH,long,2017-08-01,24.55,2017-10-02,24.75,flat,0.0129647015059,0.0124598897316,0.954850265909,0.00258789218344,0.000319577368061,0.00226831481537,44,0.766044840865
EWY,short,2017-09-01,68.54,2017-11-01,76.19,flat,-0.00449748573038,-0.00444540870371,0.924773015881,-0.0340386227994,0.00032527698336,-0.0343638997827,43,1.16060862367
EWL,long,2017-10-02,35.07,2020-04-01,34.68,flat,0.00876405924649,0.00816513925236,0.922066673323,0.00436602927682,0.000471629071116,0.0038944002057,629,0.730339578823
EWW,short,2017-11-01,50.39,2017-12-01,50.17,flat,-0.00610581719938,-0.00610581719938,0.92301638603,0.00134327978386,0.000307000488785,0.00103627929508,22,1.02043467193
EWU,long,2017-12-01,34.93,2018-02-01,36.98,flat,0.00907606396015,0.0086615395927,0.951080742384,0.0182121329692,0.000326132980613,0.0178859999886,42,0.679768237522
EWY,short,2017-12-01,74.74,2020-06-01,54.33,flat,-0.00424173018635,-0.00707754349978,0.951080742384,0.066217425622,0.00070214445078,0.0655152811712,627,1.10950631269
EWJ,long,2018-02-01,63.08,2018-03-01,60.3,flat,0.00484251446032,0.00484251446032,0.916397436472,-0.0134621901997,0.000298734717057,-0.0137609249168,20,0.696224051143
EWC,long,2018-03-01,27.75,2019-01-02,23.68,flat,0.0109498954467,0.0115332810312,0.911578795937,-0.0456506317037,0.000334062384769,-0.0459846940885,212,0.728332692846
EWG,short,2018-03-01,32.04,2018-05-01,32.39,flat,-0.00948375776047,-0.00935099926719,0.911578795937,-0.00327284974352,0.000305496023517,-0.00357834576704,43,0.970496412485
EWT,short,2018-05-01,35.95,2019-11-01,39.14,flat,-0.0086345225578,-0.00853102759117,0.931233257859,-0.0345697740802,0.000458482851088,-0.0350282569312,381,0.8888253872
EWH,long,2018-11-01,21.76,2019-03-01,25.96,flat,0.0142487094687,0.0121705582853,0.930155754119,0.0575455134674,0.000353370786105,0.0571921426813,81,0.688720720236
EWS,long,2019-01-02,21.93,2019-02-01,23.47,flat,0.01402415529,0.01402415529,0.922649176531,0.0215971991466,0.000318348325084,0.0212788508216,22,0.63409679715
EWG,short,2019-02-01,26.78,2019-04-01,27.24,flat,-0.0111434686017,-0.0111784985973,0.895266267464,-0.00511198355857,0.000301946310011,-0.00541392986859,41,0.810242263478
EWU,long,2019-02-01,31.52,2019-11-01,32.61,flat,0.0094677058742,0.00995513900869,0.895266267464,0.0119648448544,0.000358082666155,0.0116067621883,191,0.647354177863
EWW,long,2019-03-01,43.74,2020-01-02,45.42,flat,0.00706387062711,0.00713620524531,0.926921103689,0.015339370231,0.0003906290467,0.0149487411843,213,0.600674932133
EWZ,short,2019-04-01,41.84,2019-06-03,42.05,flat,-0.00750707131217,-0.00772065207622,0.942287591103,-0.00170249762634,0.000323802170992,-0.00202629979734,44,0.821237174697
EWG,short,2019-06-03,27.01,2019-09-03,26.07,flat,-0.0118419307139,-0.0116720522306,0.959551645748,0.00981591143951,0.000332466683627,0.00948344475588,65,0.851170954337
EWZ,short,2019-09-03,40.3,2022-02-01,31.72,flat,-0.00794949330996,-0.0127041215437,0.961093741174,-0.0260934031193,0.000933323474411,-0.0270267265937,610,0.830224716821
EWC,long,2019-11-01,28.86,2019-12-02,29.59,flat,0.0104894621102,0.0104894621102,0.9081776295,0.00765730734044,0.00030655453017,0.00735075281027,21,0.657123030028
EWG,short,2019-11-01,28.76,2020-01-02,29.7,flat,-0.0105259345097,-0.0107203859734,0.9081776295,-0.0100596621832,0.000313365632317,-0.0103730278156,42,0.806265710246
EWS,long,2019-12-02,24.07,2020-01-02,24.31,flat,0.0128493201218,0.0128493201218,0.927849405995,0.00308383682923,0.000310825053746,0.00277301177548,22,0.6508875319
EWC,long,2020-01-02,29.95,2020-04-01,21.08,flat,0.0100167642315,0.0113500175892,0.9000062662,-0.098797866773,0.000288657304166,-0.0990865240772,63,0.671949029482
EWH,short,2020-01-02,24.68,2020-03-02,22.57,flat,-0.0121556762048,-0.0136727842334,0.9000062662,0.0264525440472,0.000321821012172,0.0261307230351,41,0.918697256941
EWJ,long,2020-01-02,59.8,2020-03-02,52.91,flat,0.00501675733668,0.00542962550785,0.9000062662,-0.0367371446301,0.000305650057936,-0.037042794688,41,0.74296992509
EWS,long,2020-03-02,21.63,2020-04-01,16.93,flat,0.0144616960128,0.0144616960128,0.938419454273,-0.0679699712604,0.000278821499128,-0.0682487927595,23,0.698878842318
EWW,short,2020-03-02,41.5,2020-04-01,27.05,flat,-0.00753750565681,-0.00753750565681,0.938419454273,0.108916956741,0.000258348006387,0.108658608735,23,0.900149685148
EWA,short,2020-04-01,15.24,2022-05-02,24.53,flat,-0.0233976528969,-0.012289735998,1.06974069045,-0.176375161516,0.000585932623223,-0.176961094139,526,1.28443735034
EWH,long,2020-04-01,19.68,2024-04-01,15.61,flat,0.0181189141336,0.0201715233488,1.06974069045,-0.0588922989037,0.000742708986291,-0.0596350078899,1006,0.695877749613
EWJ,long,2020-04-01,47.12,2021-10-01,69.77,flat,0.00756749215088,0.00451464522489,1.06974069045,0.138706745603,0.000475000634995,0.138231744968,380,0.642260048013
EWT,long,2020-04-01,32.35,2021-04-01,60.11,flat,0.0110225728021,0.00566951412064,1.06974069045,0.213638270759,0.000489385667108,0.213148885092,253,0.727503290333
EWW,short,2020-06-01,31.93,2021-07-01,48.13,flat,-0.0101162556274,-0.0061648758504,0.969036126545,-0.14724661127,0.000458417103327,-0.147705028373,275,1.02810432543
EWL,long,2021-04-01,44.49,2021-07-01,48.67,flat,0.00736367063868,0.00615485777061,0.982829120144,0.0300360424911,0.00034262772796,0.0296934147631,64,0.601303526779
EWG,short,2021-07-01,34.62,2021-08-02,34.67,flat,-0.00867410457679,-0.00867410457679,0.900892501346,-0.00043370522884,0.000300514353063,-0.000734219581903,22,0.886762084375
EWS,long,2021-07-01,23.13,2021-08-02,23.31,flat,0.0129830307155,0.0129830307155,0.900892501346,0.00233694552878,0.000301465973213,0.00203547955557,22,0.666962078047
EWL,long,2021-08-02,50.43,2021-09-01,50.88,flat,0.00604597628143,0.00604597628143,0.914695751617,0.00272068932664,0.000306258928536,0.00241443039811,23,0.64829451972
EWY,short,2021-08-02,89,2021-09-01,87.17,flat,-0.00342582678508,-0.00342582678508,0.914695751617,0.0062692630167,0.000301763952364,0.00596749906434,23,0.879426726641
EWS,long,2021-09-01,23.33,2022-05-02,19.39,flat,0.0134258930863,0.0156100178954,0.939678257109,-0.0600742977595,0.00034777387229,-0.0604220716318,168,0.637271622991
EWW,short,2021-09-01,51.45,2021-10-01,48.76,flat,-0.0060879705676,-0.0060879705676,0.939678257109,0.0163766408268,0.00030503776529,0.0160716030616,22,0.896458993566
EWL,long,2021-10-01,46.86,2022-04-01,49.26,flat,0.00693029911367,0.00680507443561,0.974261449399,0.0174072494622,0.00034628565584,0.0170609638064,127,0.671879392597
EWY,short,2021-10-01,80.21,2022-11-01,53.06,flat,-0.00404879461995,-0.00773920307751,0.974261449399,0.120722389776,0.000527270737849,0.120195119038,274,0.994739281311
EWT,short,2022-02-01,65.1,2022-04-01,61.66,flat,-0.00526554783007,-0.00509057667734,1.02836149121,0.0176515606922,0.000333961383392,0.0173175993088,43,0.918531314821
EWG,short,2022-04-01,28.63,2023-12-01,28.44,flat,-0.0114226292318,-0.0141184776494,0.981089624723,-0.030109480929,0.00062642230382,-0.0307359032328,420,0.954035066027
EWU,long,2022-04-01,33.72,2022-06-01,33.23,flat,0.00969839486677,0.0102957325446,0.981089624723,-0.00416682256045,0.000344210603737,-0.00451103316419,42,0.680981775214
EWL,long,2022-05-02,46.2,2022-08-01,43.5,flat,0.00718695615938,0.00871021026348,0.99611212369,-0.0155794593042,0.000387172767789,-0.015966632072,63,0.63406734583
EWT,short,2022-05-02,55.65,2022-06-01,57.22,flat,-0.00596652964175,-0.00596652964175,0.99611212369,-0.00936745153754,0.000336721100332,-0.00970417263788,22,0.80404236066
EWA,short,2022-06-01,25.11,2024-11-01,25.62,flat,-0.0129891782464,-0.0123582034739,0.978474797303,-0.0340562974284,0.000647899314649,-0.034704196743,610,0.801688209096
EWW,long,2022-06-01,52.31,2022-07-01,46.14,flat,0.00623510353217,0.00623510353217,0.978474797303,-0.0384705887935,0.000306922971371,-0.0387775117649,22,0.649936316642
EWJ,long,2022-07-01,52.34,2022-11-01,50.85,flat,0.00682638183049,0.00748023562511,1.07187847502,-0.00576199788172,0.000422855509601,-0.00618485339132,86,0.664206480887
EWW,long,2022-08-01,46.7,2023-02-01,57.7,flat,0.00743714760234,0.00719399489239,1.04194437909,0.0874708662323,0.000465328645607,0.0870055375867,128,0.637303405811
EWC,short,2022-11-01,33.42,2023-03-01,34.12,flat,-0.0102938031321,-0.0100021527983,1.03205670202,-0.0114375077935,0.000391449285196,-0.0118289570787,82,0.817450044115
EWS,long,2022-11-01,17.51,2023-01-03,18.84,flat,0.0196469960408,0.0180411990748,1.03205670202,0.0269173452477,0.000357477573299,0.0265598676744,43,0.631575095531
EWZ,long,2023-01-03,26.71,2023-12-01,33.7,flat,0.0136015253488,0.0118312842702,1.0898902262,0.0921556791752,0.000464618628059,0.0916910605472,231,0.585944973385
EWS,long,2023-02-01,20.32,2023-03-01,19.13,flat,0.0175923691442,0.0175923691442,1.07243082303,-0.0209349192816,0.00034700948137,-0.021281928763,20,0.642313565758
EWW,long,2023-03-01,57.8,2023-04-03,59.5,flat,0.00606207256591,0.00606207256591,1.05116338293,0.010305523362,0.000355540555991,0.00994998280606,24,0.630334410818
EWY,short,2023-03-01,59.86,2023-04-03,60.3,flat,-0.00585345463264,-0.00585345463264,1.05116338293,-0.00257552003836,0.000351675554329,-0.00292719559269,24,0.836865325402
EWC,short,2023-04-03,34.46,2023-11-01,31.84,flat,-0.0100564575723,-0.0105850862491,1.03963658382,0.0259310083407,0.00037412185778,0.0255568864829,148,0.850569827391
EWS,long,2023-04-03,19.93,2023-11-01,17.5,flat,0.0173881348691,0.0194702497066,1.03963658382,-0.0427692288894,0.000386577908314,-0.0431558067977,148,0.596915588845
EWW,long,2023-11-01,55.08,2023-12-01,63.68,flat,0.00644405461338,0.00644405461338,1.06481558432,0.0554188696751,0.000382647962943,0.0550362217122,22,0.672072269806
EWY,short,2023-11-01,55.29,2026-10-01,185.45,sample_end,-0.00641957909396,-0.00101215417969,1.06481558432,-0.458709000601,0.000856971143888,-0.459565971745,731,0.957930931208
EWC,short,2023-12-01,34.91,2024-01-02,36.51,flat,-0.0099625432374,-0.0099625432374,1.04337715325,-0.0159400691798,0.000355762419008,-0.0162958315989,21,0.868899212135
EWS,long,2023-12-01,17.94,2024-01-02,18.43,flat,0.0193864205361,0.0193864205361,1.04337715325,0.00949934606269,0.000352542057449,0.00914680400524,21,0.648622129055
EWU,long,2023-12-01,32.48,2024-03-01,32.75,flat,0.0107078936089,0.0103459458273,1.04337715325,0.00289335571459,0.000353648899226,0.00253970681537,62,0.618011596012
EWL,long,2024-01-02,47.71,2026-10-01,58.82,sample_end,0.00699816117737,0.00318009988197,1.00164680932,0.0837545187509,0.000463714125821,0.0832908046251,690,0.664525341915
EWT,short,2024-01-02,45.23,2026-10-01,113.14,sample_end,-0.00738187640443,-0.00165049534529,1.00164680932,-0.295849926275,0.000651136051852,-0.296501062327,690,0.933536844901
EWJ,long,2024-03-01,69.97,2024-08-01,68.62,flat,0.0046616197306,0.00441583367203,0.978520597651,-0.00553082200142,0.000342915931502,-0.00587373793292,106,0.723509726121
EWU,long,2024-04-01,34.25,2026-10-01,45.69,sample_end,0.00908589354712,0.0040756690795,0.933575561966,0.103130850016,0.000401805440763,0.102729044575,629,0.733924813259
EWS,long,2024-08-01,19.67,2024-09-03,20.83,flat,0.015807518213,0.015807518213,0.932801649749,0.0183367211271,0.000320102243813,0.0180166188833,23,0.740277106786
EWH,long,2024-09-03,15.88,2026-05-01,23.71,flat,0.0202933338672,0.0118069367265,0.966774425434,0.144646084211,0.000502683223934,0.144143400987,417,0.663059659248
EWW,short,2024-11-01,52,2024-12-02,49.62,flat,-0.00638381960621,-0.00638381960621,0.995875858569,0.0151934906628,0.000324361874192,0.0148691287886,21,0.996202238133
EWA,short,2024-12-02,26.29,2025-01-02,24.04,flat,-0.012818567514,-0.012818567514,1.01100041983,0.0288417769065,0.00032257925149,0.0285191976551,22,0.931398441945
EWJ,short,2025-01-02,67.15,2025-05-01,71.46,flat,-0.00515740785675,-0.0055889694278,1.03895981274,-0.0236511634414,0.00038756217359,-0.024038725615,82,0.870213054599
EWA,short,2025-05-01,24.66,2025-07-01,26.26,flat,-0.0151957949254,-0.0141708027341,1.12418490858,-0.0239852743794,0.000386720940049,-0.0243719953194,42,0.8311376844
EWJ,short,2025-07-01,74.72,2025-09-02,78.2,flat,-0.00447145060488,-0.00453097123571,1.00232036759,-0.0158415854825,0.000346401157891,-0.0161879866404,44,0.802511286078
EWG,short,2025-09-02,41.32,2025-11-03,40.93,flat,-0.00823763970561,-0.00771821920235,1.02113781791,0.00285427933794,0.000338952132967,0.00251532720498,45,0.77138350799
EWS,short,2025-11-03,28.5,2025-12-01,28.2557,flat,-0.0102840255112,-0.0102840255112,0.879284181207,0.00251238743239,0.000291838533353,0.00222054889903,20,0.768176107407
EWG,short,2025-12-01,40.6,2026-01-02,42.6,flat,-0.00778521402478,-0.00778521402478,0.948239068219,-0.0155704280496,0.000323864903431,-0.015894292953,23,0.797404161143
EWJ,short,2026-01-02,81.48,2026-02-02,85.73,flat,-0.00373012679615,-0.00373012679615,0.911792194051,-0.0158530388836,0.000311857250792,-0.0161648961344,21,0.808633500877
EWG,short,2026-02-02,43.14,2026-03-02,43.33,flat,-0.00663798562367,-0.00663798562367,0.859088099415,-0.0012612172685,0.000286993308439,-0.00154821057694,20,0.807109481498
EWJ,short,2026-03-02,90.56,2026-10-01,97.38,sample_end,-0.00293921421551,-0.00191879581625,0.798525718069,-0.0166136240996,0.000231201856642,-0.0168448259562,149,0.811444460138
EWS,long,2026-05-01,29.19,2026-10-01,33.2,sample_end,0.00780438293194,0.00565698084017,0.68342981335,0.0269034950099,0.000157985023674,0.0267455099863,106,0.635263065693
