symbol,side,entry_date,entry_price,exit_date,exit_price,entry_shares,gross_dollar,net_dollar,gross_return,net_return,cost_dollar,exit_reason,hold_sessions
FXA,long,2011-05-02,109.7,2011-10-03,96.28,0.0015192950470981463,-0.0208972678421957,-0.021059871940063923,-0.1253836070531742,-0.12635923164038354,0.00016260409786822343,flip,107
FXB,long,2011-05-02,165.71,2011-07-01,159.02,0.0010057731378110353,-0.0067587336611631965,-0.006923285172866261,-0.04055240196697917,-0.04153971103719756,0.00016455151170306466,flip,43
FXC,long,2011-05-02,104.73,2011-08-01,104.5,0.0015913937426398038,-0.0003509674905622516,-0.0005193340733174697,-0.0021058049433735097,-0.003116004439904818,0.00016836658275521808,flip,63
FXE,long,2011-05-02,147.89,2011-08-01,143.25,0.00112696373430703,-0.005228485859576944,-0.0053957658685343576,-0.03137091515746167,-0.03237459521120615,0.00016728000895741365,flip,63
FXF,long,2011-05-02,114.3,2011-10-03,108.52,0.001458151064450277,-0.007018229514503765,-0.007185104035319545,-0.042109377087022594,-0.043110624211917276,0.00016687452081578003,flip,107
FXY,long,2011-05-02,121.34,2011-11-01,125.85,0.0013735509037964945,0.006216484366439133,0.006046540192567709,0.0372989061986348,0.036279241155406254,0.00016994417387142417,flip,128
FXB,short,2011-07-01,159.02,2012-03-01,158.13,-0.0010344660198384726,0.0006858860259704315,0.0005078674505008128,0.004169499980329041,0.0030873253641184213,0.00017801857546961866,flip,167
FXC,short,2011-08-01,104.5,2012-01-03,98.37,-0.001614120768000845,0.009644748374673719,0.009464773052283442,0.05717926728255558,0.05611227655729824,0.00017997532239027653,flip,107
FXE,short,2011-08-01,143.25,2012-03-01,132.48,-0.0011774912408801974,0.012436731952824841,0.01225409499653359,0.07373165092823153,0.07264888060247866,0.00018263695629125166,flip,147
FXA,short,2011-10-03,96.28,2012-01-03,103.33,-0.0017350443723959483,-0.01220407985058342,-0.012379720825181871,-0.07305641770600976,-0.07410784481593168,0.00017564097459845196,flip,63
FXF,short,2011-10-03,108.52,2012-03-01,109.02,-0.0015393482507766486,-0.0010281373590790212,-0.0012049785086540483,-0.006154665757979286,-0.007213277390248025,0.00017684114957502702,flip,103
FXY,short,2011-11-01,125.85,2012-01-03,128.28,-0.0012845155636301607,-0.0031236141852146993,-0.0032870064287216986,-0.01932256584187436,-0.020333304427375614,0.00016339224350699934,flip,42
FXA,long,2012-01-03,103.33,2012-02-01,107.13,0.0015856447222474463,0.006025449944540291,0.005858592550418192,0.03677537985096291,0.03575699216103742,0.0001668573941220988,flip,20
FXC,long,2012-01-03,98.37,2012-02-01,99.61,0.0016655959047456401,0.0020653389218845846,0.0019004615832738138,0.012605469147097637,0.011599166412524089,0.00016487733861077092,flip,20
FXY,long,2012-01-03,128.28,2012-02-01,129.25,0.0012772425097429734,0.0012389252344506825,0.0010744611026836286,0.007561584034923595,0.006557803242906134,0.000164464131767054,flip,20
FXA,short,2012-02-01,107.13,2012-03-01,107.73,-0.0015311431351467213,-0.0009186858810880457,-0.001083176588096858,-0.005600672080649757,-0.006603472416690083,0.00016449070700881227,flip,20
FXC,short,2012-02-01,99.61,2012-03-01,100.91,-0.001646735910734547,-0.0021407566839549063,-0.002305858426365152,-0.01305089850416622,-0.014057423953418302,0.00016510174241024568,flip,20
FXY,short,2012-02-01,129.25,2012-06-01,125.79,-0.001269101462810586,0.00404752041198679,0.0038739064880603637,0.024675283504331843,0.023616864433609674,0.00017361392392642626,flip,84
FXA,long,2012-03-01,107.73,2012-05-01,103.36,0.0015258600719803672,-0.0066861173312769955,-0.006852098885131122,-0.04067453764611652,-0.041684275080609186,0.0001659815538541264,flip,42
FXB,long,2012-03-01,158.13,2012-06-01,152.39,0.0010395301685603299,-0.005761000219505317,-0.005922500624950009,-0.03504665094813706,-0.03602912762266299,0.0001615004054446923,flip,64
FXC,long,2012-03-01,100.91,2012-06-01,95.72,0.0016289852894108112,-0.008399851381919374,-0.008560940408525636,-0.05109992157293015,-0.052079895652419,0.00016108902660626114,flip,64
FXE,long,2012-03-01,132.48,2012-06-01,123.38,0.0012407978982068612,-0.01123343690709731,-0.011392201094198206,-0.0683378453793507,-0.06930367645666102,0.00015876418710089629,flip,64
FXF,long,2012-03-01,109.02,2012-06-01,101.84,0.0015078050408589706,-0.010741806545114925,-0.010900816547396813,-0.06534704568565056,-0.06631437216280774,0.00015901000228188753,flip,64
FXA,short,2012-05-01,103.36,2012-08-01,105.26,-0.0015767141598641646,-0.0030700085875651002,-0.00323942436319534,-0.01883797090430612,-0.019877528078504167,0.00016941577563023969,flip,64
FXB,short,2012-06-01,152.39,2012-09-04,157.14,-0.0010351236911118223,-0.00486918469883475,-0.005030970150317523,-0.030867931729219075,-0.03189356180489607,0.00016178545148277294,flip,65
FXC,short,2012-06-01,95.72,2012-09-04,100.94,-0.001647957577188995,-0.008334070360896227,-0.008495979895365206,-0.05283338604678869,-0.053859802739812085,0.00016190953446897872,flip,65
FXE,short,2012-06-01,123.38,2012-09-04,124.98,-0.0012785094771318739,-0.002152399584184368,-0.002315507954188616,-0.01364502016826399,-0.014679036813999409,0.00016310837000424808,flip,65
FXF,short,2012-06-01,101.84,2012-09-04,103.14,-0.0015489247769887135,-0.002122061781932688,-0.002285205521328365,-0.013452695319928803,-0.014486936187998647,0.0001631437393956766,flip,65
FXY,long,2012-06-01,125.79,2012-09-04,125.26,0.0012540146218978504,-0.0006744881154844636,-0.0008318933707152519,-0.004275880745687573,-0.005273742805314729,0.00015740525523078838,flat,65
FXA,long,2012-08-01,105.26,2012-11-01,103.92,0.0014663502112774937,-0.001945860060808351,-0.002100613613002968,-0.012606964572487053,-0.013609591939828972,0.00015475355219461728,flip,63
FXB,long,2012-09-04,157.14,2013-02-01,156.26,0.0009652498131723022,-0.0008498855331803877,-0.0010029911897633326,-0.005603172096715051,-0.006612575492022298,0.00015310565658294492,flip,102
FXC,long,2012-09-04,100.94,2012-12-03,100.13,0.0015026684727748717,-0.0012199357659602463,-0.0013743121877678515,-0.00804285962844166,-0.009060640994628876,0.00015437642180760527,flip,61
FXE,long,2012-09-04,124.98,2013-04-01,127.07,0.001213629025779289,0.0026403083711099237,0.002481884868595585,0.017407170276642715,0.01636270709413576,0.00015842350251433872,flip,141
FXF,long,2012-09-04,103.14,2013-03-01,104.26,0.0014706162075033503,0.0016383424621672395,0.0014845280039321076,0.010801354312417126,0.009787277890585026,0.00015381445823513186,flip,121
FXY,long,2012-10-01,125.92,2012-11-01,122.67,0.0012193321412667824,-0.0039628294591170414,-0.004114386347615796,-0.025810038119440906,-0.026797133100381183,0.00015155688849875472,flip,21
FXA,short,2012-11-01,103.92,2012-12-03,104.35,-0.001469760933894407,-0.0006319972015745841,-0.0007850507564256782,-0.004137798306389459,-0.005139867205542654,0.00015305355485109408,flip,21
FXY,short,2012-11-01,122.67,2013-09-03,99.06,-0.001245109287114264,0.03224192256219655,0.0320646770901397,0.2110936128201396,0.20993315512781946,0.00017724547205684826,flip,209
FXA,long,2012-12-03,104.35,2013-01-02,105.15,0.00147153798664161,0.0011772303893133043,0.0010230867852125956,0.007666506947772028,0.006662673694298142,0.00015414360410070864,flip,20
FXC,short,2012-12-03,100.13,2013-02-01,99.52,-0.0015335562659148307,0.0009512559956982873,0.0007971406599700041,0.006194888244759568,0.005191239084115402,0.0001541153357282832,flip,41
FXA,short,2013-01-02,105.15,2013-02-01,104.21,-0.0014837581650350275,0.001394732675132944,0.0012394128704170775,0.008939610080837015,0.007944079885877435,0.00015531980471586665,flip,21
FXA,long,2013-02-01,104.21,2013-03-01,102.02,0.0015173116286825087,-0.00332291246681469,-0.003479370055406287,-0.021015257652816404,-0.022004750023989997,0.00015645758859159689,flip,19
FXB,short,2013-02-01,156.26,2013-06-03,150.58,-0.0010118971254639974,0.005538385675221463,0.005377234469660349,0.035026683100387965,0.03400750665811015,0.0001611512055611143,flip,83
FXC,long,2013-02-01,99.52,2013-03-01,96.36,0.0015888167687399942,-0.005020660989218377,-0.005176269703548772,-0.031752411575562675,-0.03273653536977489,0.00015560871433039502,flip,19
FXA,short,2013-03-01,102.02,2013-04-01,104.0,-0.0015287873651497553,-0.0030269989829965218,-0.003184479369480598,-0.019407959223681673,-0.020417663203293513,0.00015748038648407629,flip,20
FXC,short,2013-03-01,96.36,2013-10-01,96.44,-0.0016185853776730804,-0.00041614796369608773,-0.0005875923997641645,-0.0026681815077574185,-0.0037674176300776345,0.00017144443606807676,flip,148
FXF,short,2013-03-01,104.26,2013-07-01,103.63,-0.0014959417513195667,0.000649306373683789,0.00048277877977986856,0.004163104016525556,0.0030953928047742756,0.00016652759390392043,flip,84
FXA,long,2013-04-01,104.0,2013-05-01,103.07,0.0014898180859928016,-0.0013855308199733156,-0.0015397791355065804,-0.008942307692307758,-0.009937836538461604,0.00015424831553326472,flip,22
FXE,short,2013-04-01,127.07,2013-07-01,129.12,-0.0012193364361631493,-0.0026251138510898137,-0.0027891603916320212,-0.016942658687474153,-0.0180014259268888,0.00016404654054220734,flip,64
FXA,short,2013-05-01,103.07,2013-10-01,94.0,-0.001485694839673408,0.013509557494755109,0.013335048709283226,0.0882224741172356,0.08708286633840935,0.00017450878547188272,flip,106
FXB,long,2013-06-03,150.58,2013-07-01,150.26,0.0010501333092854334,-0.00033604265897136125,-0.0004940037113540761,-0.0021251162172932756,-0.0031240536591846287,0.0001579610523827149,flip,20
FXB,short,2013-07-01,150.26,2013-09-03,154.68,-0.00105890913740462,-0.004708776268128289,-0.0048711688549771285,-0.029594157144033243,-0.030614777250101886,0.00016239258684883927,flip,44
FXE,long,2013-07-01,129.12,2014-02-03,133.33,0.0012322776253594965,0.00520039005084613,0.005038488964879244,0.03268389738894564,0.03166636631355263,0.00016190108596688654,flip,149
FXF,long,2013-07-01,103.63,2014-02-03,108.15,0.0015353824856356095,0.006917994242101142,0.006754846497658273,0.04347885672717217,0.042453490536084056,0.00016314774444286894,flip,149
FXB,long,2013-09-03,154.68,2014-06-02,164.83,0.0010280161658196476,0.010301335659997662,0.010134344975096117,0.06478275765528319,0.0637325912081616,0.00016699068490154552,flat,187
FXY,long,2013-09-03,99.06,2013-12-02,94.85,0.0016052245157377658,-0.006742491803197429,-0.0068981340978248136,-0.04240199784727445,-0.04338079684835081,0.0001556422946273844,flip,63
FXA,long,2013-10-01,94.0,2014-01-02,88.95,0.0017041373085616772,-0.008593342060549843,-0.008754111615961431,-0.05364505084170699,-0.05464867561459325,0.0001607695554115879,flip,64
FXC,long,2013-10-01,96.44,2013-11-01,95.34,0.001661021433065094,-0.0018271235763715936,-0.0019863989215882054,-0.011406055578598032,-0.012400352550808732,0.00015927534521661187,flip,23
FXC,short,2013-11-01,95.34,2014-05-01,90.51,-0.001667917878913695,0.008099568138448525,0.007936176236725642,0.05093450051958484,0.049907003156645896,0.00016339190172288257,flip,123
FXY,short,2013-12-02,94.85,2014-04-01,94.38,-0.0016675353812150605,0.0006278568230505316,0.0004667554167944835,0.003969613515172573,0.002951052760381116,0.0001611014062560481,flip,82
FXA,short,2014-01-02,88.95,2014-04-01,92.35,-0.0017818678780263855,-0.006016383911016459,-0.006179359135916441,-0.03795894119488653,-0.038987194555991714,0.0001629752248999828,flip,61
FXE,short,2014-02-03,133.33,2014-03-03,136.06,-0.0011874875459138247,-0.0032418410003447295,-0.0034017896353415924,-0.02047551188779712,-0.02148574964374102,0.00015994863499686264,flip,19
FXF,short,2014-02-03,108.15,2014-03-03,111.15,-0.0014639640730160911,-0.004391892219048274,-0.004552415879654489,-0.02773925104022192,-0.02875312066574203,0.0001605236606062144,flip,19
FXE,long,2014-03-03,136.06,2014-06-02,134.35,0.0011555925637058491,-0.0019622446645929013,-0.002118522407150264,-0.012480096739565386,-0.013474040757123164,0.0001562777425573628,flip,63
FXF,long,2014-03-03,111.15,2014-06-02,108.95,0.001414574216984416,-0.0031093340049259135,-0.003265256432622301,-0.019775713945002035,-0.020767398120085535,0.00015592242769638776,flip,63
FXA,long,2014-04-01,92.35,2014-10-01,87.14,0.0016950328234743351,-0.008790838988063165,-0.008947502120837144,-0.056158475964712705,-0.05715928632972913,0.0001566631327739783,flip,127
FXY,long,2014-04-01,94.38,2014-05-01,95.38,0.001658574711250846,0.001658574711250847,0.0015012091426473667,0.010595465140919693,0.009590167408349233,0.0001573655686034803,flip,21
FXC,long,2014-05-01,90.51,2014-10-01,88.82,0.0017376772515139388,-0.002846926357209593,-0.0030076142336399204,-0.01810133277949547,-0.0191230187523447,0.00016068787643032714,flip,106
FXY,short,2014-05-01,95.38,2014-07-01,96.06,-0.0016489533239099036,-0.0011130391971381562,-0.0012708728847712519,-0.007076928018527228,-0.008080466482536491,0.00015783368763309566,flip,42
FXE,short,2014-06-02,134.35,2015-07-01,108.8,-0.0011620207154854768,0.03326469582366299,0.033064858219212845,0.21307476368247424,0.21179471739650169,0.00019983760445014544,flip,273
FXF,short,2014-06-02,108.95,2015-02-02,104.97,-0.001432927793717061,0.004490406225036433,0.004305439669727878,0.028762993965431985,0.027578203180918155,0.00018496655530855506,flip,169
FXB,long,2014-07-01,168.68,2014-08-01,165.57,0.0009288135761693299,-0.002888610221886629,-0.0030438381908039283,-0.018437277685558535,-0.019428059046715757,0.00015522796891729928,flip,22
FXY,long,2014-07-01,96.06,2014-08-01,94.91,0.0016309834897797477,-0.0018756310132467193,-0.0020313654717683386,-0.011971684363939264,-0.012965698521757295,0.0001557344585216192,flip,22
FXB,short,2014-08-01,165.57,2015-05-01,149.33,-0.000941331375262711,0.016058011882791018,0.015867261725850793,0.10303092333864451,0.10180703803204534,0.00019075015694022438,flip,188
FXY,short,2014-08-01,94.91,2015-04-01,81.09,-0.0016421476746628074,0.024536098702727698,0.024351813540343454,0.1574277639674264,0.1562453591606141,0.00018428516238424544,flip,167
FXA,short,2014-10-01,87.14,2015-05-01,78.66,-0.0018271541115235602,0.016254224216329233,0.01606687545034269,0.1020877215616224,0.10091104229336588,0.00018734876598654323,flip,146
FXC,short,2014-10-01,88.82,2015-05-01,82.05,-0.0017925941148183187,0.012147839536443744,0.011958413097086229,0.07629679790720918,0.07510706941939171,0.00018942643935751491,flip,146
FXF,long,2015-02-02,104.97,2015-05-01,104.69,0.0016312668854145049,-0.0001545749197669271,-0.00033465277589867333,-0.00090271116174835,-0.001954358420947652,0.00018007785613174623,flip,62
FXY,long,2015-04-01,81.09,2015-05-01,81.03,0.0021351620781213335,-0.00012810972468728474,-0.00030118596273980003,-0.0007399186089530425,-0.001739548649648566,0.0001730762380525153,flip,21
FXA,long,2015-05-01,78.66,2015-06-01,76.51,0.002160424592483782,-0.004644912873840111,-0.004812529415847965,-0.027332824815662224,-0.028319158403254392,0.00016761654200785422,flip,20
FXB,long,2015-05-01,149.33,2015-06-01,149.71,0.0011380097665892605,0.00043244371130391585,0.0002622884910034896,0.0025446996584745007,0.0015434273086452636,0.00017015522030042624,flip,20
FXC,long,2015-05-01,82.05,2015-08-03,75.62,0.0020711639054817096,-0.0135574227799035,-0.01372577760871791,-0.07977817277950658,-0.08076885078958747,0.00016835482881440828,flip,64
FXF,short,2015-05-01,104.69,2015-06-01,103.3,-0.0016232591311947109,0.0022563301923606478,0.002087519359012054,0.013277294870570253,0.012283933518005538,0.00016881083334859394,flip,20
FXY,short,2015-05-01,81.03,2015-09-01,80.91,-0.002097235572562931,0.00019597194319805056,2.0142130963934966e-05,0.0011531899386928322,0.00011852565419514716,0.0001758298122341156,flip,85
FXA,short,2015-06-01,76.51,2015-07-01,76.59,-0.002226495250067929,-0.00017811962000543026,-0.00034855783139813024,-0.001045614952293794,-0.002046137759769941,0.00017043821139269997,flip,22
FXB,short,2015-06-01,149.71,2015-07-01,153.23,-0.0011378608749094733,-0.004005270279681326,-0.004177622066403864,-0.023512123438647933,-0.02452387950036726,0.00017235178672253792,flip,22
FXF,long,2015-06-01,103.3,2015-08-03,100.24,0.0016490721353600896,-0.005021622703528018,-0.005189461043758951,-0.029478413346192885,-0.030463674139519788,0.00016783834023093323,flip,44
FXA,long,2015-07-01,76.59,2015-08-03,72.89,0.002204462760261529,-0.008156512212967666,-0.008321273759669612,-0.0483091787439614,-0.04928502415458942,0.00016476154670194666,flip,22
FXB,long,2015-07-01,153.23,2015-09-01,150.16,0.001101871714471256,-0.0033173704104821774,-0.003484551528085367,-0.019648035328767476,-0.020638211311103095,0.00016718111760318947,flip,43
FXE,long,2015-07-01,108.8,2015-08-03,107.63,0.001551836422871604,-0.0018156486147597791,-0.0019835805932608298,-0.010753676470588249,-0.011748299632352955,0.00016793197850105065,flip,22
FXA,short,2015-08-03,72.89,2015-12-01,72.89,-0.002267385285476881,-6.691873625885793e-05,-0.00023596522104673797,-0.0004049062278776083,-0.0014277583963145108,0.00016904648478788004,flip,84
FXC,short,2015-08-03,75.62,2015-11-02,75.8,-0.002185529138566647,-0.00040398609012807195,-0.0005709519252047846,-0.0024444048560036684,-0.0034546676051959435,0.00016696583507671273,flip,64
FXE,short,2015-08-03,107.63,2015-09-01,110.47,-0.0015355357563728504,-0.0043609215480989024,-0.004528371722331362,-0.026386695159342236,-0.027399888506921908,0.00016745017423245933,flip,21
FXF,short,2015-08-03,100.24,2016-03-01,96.6,-0.0016487401582044082,0.005767673031137328,0.0055916717351522,0.03489854801853192,0.03383361426689557,0.00017600129598512786,flip,145
FXB,short,2015-09-01,150.16,2016-05-02,143.3,-0.0010906723855241011,0.0071546409017291925,0.006975579409176184,0.04368569646481932,0.042592360528096396,0.00017906149255300804,flip,167
FXE,long,2015-09-01,110.47,2015-12-01,104.01,0.001482532501224758,-0.0097011255158519,-0.009862708331705173,-0.059234339007872824,-0.06022095146603139,0.00016158281585327186,flip,63
FXY,long,2015-09-01,80.91,2015-12-01,78.73,0.002024167166114189,-0.004420168725421074,-0.00458200369227252,-0.0269892160786662,-0.027977368151757335,0.00016183496685144604,flip,63
FXC,long,2015-11-02,75.8,2015-12-01,74.23,0.002150805783387668,-0.0033767650799186233,-0.0035381077757594493,-0.020712401055408877,-0.021702044854881173,0.0001613426958408259,flip,20
FXA,long,2015-12-01,72.89,2016-02-01,70.72,0.0022226122949215808,-0.004824029826158807,-0.004987023595457608,-0.02977682041258327,-0.030782916222866646,0.0001629937692988008,flip,41
FXC,short,2015-12-01,74.23,2016-04-01,75.68,-0.0021824896965759667,-0.0035043283840722,-0.0036759699500578374,-0.021630827486471868,-0.022690302711515932,0.00017164156598563726,flip,83
FXE,short,2015-12-01,104.01,2016-03-01,106.21,-0.0015576022514838383,-0.003423272070875295,-0.0035884602925241533,-0.021130499053948017,-0.022150140347133945,0.00016518822164885832,flip,61
FXY,short,2015-12-01,78.73,2016-02-01,79.94,-0.002057744318262848,-0.0026014047653671623,-0.00276471167792668,-0.016057438554532327,-0.017065467273809594,0.00016330691255951764,flip,41
FXA,short,2016-02-01,70.72,2016-04-01,76.33,-0.002297449545118121,-0.01280699439536622,-0.012975873524394655,-0.07882409350287631,-0.07986350554962773,0.00016887912902843662,flip,42
FXY,long,2016-02-01,79.94,2016-11-01,92.07,0.0020324697501970666,0.02382822923608389,0.02365132065870466,0.1466572492600313,0.14556841781259608,0.0001769085773792324,flip,191
FXE,long,2016-03-01,106.21,2016-07-01,108.83,0.0015367696009639233,0.004184449398996176,0.0040184921551482235,0.025636819785717767,0.024620051377982916,0.00016595724384795273,flip,86
FXF,long,2016-03-01,96.6,2016-06-01,97.3,0.0016896511316602308,0.0013335807524667879,0.0011679146214045978,0.00817043442534987,0.007155449575095179,0.00016566613106219,flip,64
FXA,long,2016-04-01,76.33,2016-07-01,74.95,0.002129466561708567,-0.002868770056364837,-0.003034996203009071,-0.01764938805116259,-0.018672052715367534,0.00016622614664423398,flip,64
FXC,long,2016-04-01,75.68,2016-08-01,75.61,0.0021477561133088647,0.00012770701813491562,-3.695156779324438e-05,0.0007856853897785306,-0.0002273352503923624,0.00016465858592816,flip,84
FXB,long,2016-05-02,143.3,2016-07-01,130.34,0.0011481641161769113,-0.014673529049291416,-0.014830724202614921,-0.0891834802705807,-0.09013888853044541,0.0001571951533235057,flip,43
FXF,short,2016-06-01,97.3,2016-09-01,97.25,-0.0016360236788214592,2.9453790453924704e-05,-0.00012971658660017633,0.00018502855935125987,-0.0008148789263690647,0.00015917037705410103,flip,65
FXA,short,2016-07-01,74.95,2016-08-01,75.68,-0.002131201960357062,-0.0015557774310606639,-0.0017162889067049562,-0.009739826551034074,-0.010744696464309592,0.0001605114756442922,flat,20
FXB,short,2016-07-01,130.34,2017-02-01,123.19,-0.0012255147071410298,0.00840379902460759,0.008223123235725948,0.052611346093138986,0.05148023902695747,0.00018067578888164245,flip,147
FXE,short,2016-07-01,108.83,2016-10-03,109.28,-0.0014677348794336288,-0.0006629407413093773,-0.000823627921085637,-0.004150290205434605,-0.005156260101095454,0.00016068717977625965,flip,64
FXC,short,2016-08-01,75.61,2017-02-01,75.55,-0.0021054640869070736,-0.00015411569984869096,-0.00032699097940676704,-0.0009680990784286347,-0.0020540390507194435,0.00017287527955807608,flip,127
FXA,long,2016-09-01,75.15,2016-12-01,73.92,0.0021202050860399855,-0.0025737567330659157,-0.002732085268683834,-0.016153276938413542,-0.017146970184644755,0.00015832853561791824,flip,63
FXF,long,2016-09-01,97.25,2016-10-03,98.35,0.0016383898428370684,0.001802228827120767,0.0016419943004913017,0.011311053984575783,0.010305398457583496,0.00016023452662946528,flip,21
FXE,long,2016-10-03,109.28,2016-11-01,107.25,0.0014769854088579504,-0.002998280379981643,-0.003158186205271649,-0.018576134699853607,-0.01956684663250368,0.000159905825290006,flip,21
FXF,short,2016-10-03,98.35,2017-03-01,94.12,-0.0016411282712760229,0.0066807580246159475,0.006506797067881097,0.04139127941168516,0.04031348755926282,0.00017396095673485022,flip,102
FXE,short,2016-11-01,107.25,2017-04-03,103.37,-0.001510905949087134,0.005522931907790167,0.00534496095822143,0.034082775724867,0.03298449241068436,0.00017797094956873658,flip,104
FXY,short,2016-11-01,92.07,2017-03-01,84.61,-0.0017600158905136869,0.01272751463858691,0.012547232064449796,0.07854325097690493,0.07743070230818967,0.00018028257413711337,flip,81
FXA,short,2016-12-01,73.92,2017-03-01,76.48,-0.0022236218976132253,-0.0060617913172032085,-0.006237341112160443,-0.03687891037402266,-0.03794692555561306,0.00017554979495723458,flip,60
FXB,long,2017-02-01,123.19,2017-03-01,119.89,0.0013133726502697002,-0.004334129745890008,-0.004493757057803787,-0.026787888627323626,-0.027774494683009965,0.00015962731191377939,flip,19
FXC,long,2017-02-01,75.55,2017-05-01,72.32,0.0021415536305324206,-0.00699051640597112,-0.0071517964908558605,-0.04320617653594936,-0.044202997859952096,0.0001612800848847405,flip,61
FXA,long,2017-03-01,76.48,2017-05-01,75.25,0.0021107138660658334,-0.002601131741475214,-0.0027616731575120443,-0.016113322758385774,-0.017107834344032187,0.00016054141603682993,flip,42
FXB,short,2017-03-01,119.89,2017-04-03,121.73,-0.0013464625613205017,-0.0024774911128297283,-0.002640157254862858,-0.015347401784969588,-0.016355075485862073,0.00016266614203312984,flip,23
FXF,long,2017-03-01,94.12,2017-10-02,97.5,0.0017151232094848592,0.005766337612827707,0.0055985988785185615,0.03572093547119476,0.03468183840359545,0.00016773873430914557,flip,149
FXY,long,2017-03-01,84.61,2017-07-03,85.09,0.001907899733798782,0.0009447486311338003,0.0007806121778562,0.005852467745585399,0.004835685855645941,0.0001641364532776003,flip,86
FXB,long,2017-04-03,121.73,2018-05-01,132.42,0.0013239674153489398,0.014218749338820552,0.014043631187665722,0.08822394617646054,0.08713737984254087,0.00017511815115482936,flip,271
FXE,long,2017-04-03,103.37,2017-11-01,112.03,0.0015591230866830457,0.013240873618420938,0.013072582653154453,0.08215646071286495,0.08111225543799466,0.00016829096526648483,flip,148
FXA,short,2017-05-01,75.25,2017-07-03,76.6,-0.002151252710601531,-0.003073946204656131,-0.003241872612377735,-0.018988835318728057,-0.020026175171019917,0.00016792640772160395,flip,44
FXC,short,2017-05-01,72.32,2017-07-03,76.03,-0.00223840938153713,-0.008288530748542775,-0.008454556780389812,-0.05120113851696341,-0.05222673908622189,0.00016602603184703662,flip,44
FXA,long,2017-07-03,76.6,2017-11-01,76.81,0.002108636080699509,0.0005467297907528315,0.00038305981177394374,0.0033848726655906704,0.0023715713101613426,0.00016366997897888778,flip,85
FXC,long,2017-07-03,76.03,2017-11-01,76.45,0.002124444611095388,0.0010484241281116012,0.0008863783922659632,0.006490925194151424,0.005487679731554348,0.00016204573584563815,flip,85
FXY,short,2017-07-03,85.09,2017-08-01,87.15,-0.001898243316271975,-0.0039103812315202735,-0.004073857945917616,-0.02420966035961926,-0.02522176518979907,0.0001634767143973425,flip,20
FXY,long,2017-08-01,87.15,2017-10-02,85.32,0.0018866951809811449,-0.003442595715765687,-0.003605299902930311,-0.02093711759642649,-0.021926649037628275,0.00016270418716462397,flip,43
FXF,short,2017-10-02,97.5,2018-02-01,101.22,-0.0016714886620004356,-0.006194629631531296,-0.006365522349949806,-0.03801082492026136,-0.03905943857213965,0.00017089271841851046,flip,84
FXY,short,2017-10-02,85.32,2018-02-01,87.72,-0.001910104835267727,-0.004504372130620829,-0.004671520674837582,-0.027639247318553422,-0.02866488636847496,0.00016714854421675314,flip,84
FXA,short,2017-11-01,76.81,2018-02-01,80.01,-0.0021162209244117098,-0.006672017021165884,-0.006839025929993662,-0.041046712194665644,-0.04207416260326803,0.00016700890882777845,flip,62
FXC,short,2017-11-01,76.45,2018-02-01,80.04,-0.0021261861243173767,-0.007447051279168568,-0.007613321734012216,-0.04581477678867404,-0.04683768417706838,0.00016627045484364774,flip,62
FXE,short,2017-11-01,112.03,2018-01-02,116.09,-0.0014509232277431351,-0.005825189842716949,-0.0059906493668423705,-0.035836972566882105,-0.03685489105316554,0.0001654595241254219,flip,41
FXE,long,2018-01-02,116.09,2018-05-01,115.5,0.001374056423245121,-0.0005611081730021687,-0.000720546134989695,-0.003517606189368675,-0.004517128186895313,0.0001594379619875262,flip,82
FXA,long,2018-02-01,80.01,2018-04-02,76.73,0.0019836890520612536,-0.006522256707026489,-0.006679615366916627,-0.04109415182825149,-0.04208560631271682,0.00015735865989013838,flip,40
FXC,long,2018-02-01,80.04,2018-03-01,76.8,0.00198294554042255,-0.00642474355096908,-0.006580246140249017,-0.040479760119940145,-0.04145952023988018,0.00015550258927993633,flip,19
FXF,long,2018-02-01,101.22,2018-05-01,94.45,0.0015680197693679204,-0.010667289759130843,-0.0108224503710356,-0.06721036056207697,-0.06818796601825433,0.00015516061190475665,flip,61
FXY,long,2018-02-01,87.72,2018-05-01,87.35,0.0018093360813431476,-0.0004883317850429602,-0.0006468025802058596,-0.003076784833614028,-0.004075246441197221,0.0001584707951628994,flip,61
FXC,short,2018-03-01,76.8,2018-10-01,76.94,-0.002023214181591275,-0.0005351099697766306,-0.0007037923355504784,-0.0034438161786640334,-0.0045294081001709145,0.0001686823657738478,flip,148
FXA,short,2018-04-02,76.73,2018-12-03,73.73,-0.002033582021670528,0.005920391395085904,0.005752631534414312,0.03794228892318653,0.036867158466676785,0.00016775986067159196,flip,171
FXB,short,2018-05-01,132.42,2019-02-01,126.88,-0.0011563212253153743,0.00633115684330552,0.006162170886471472,0.04134766523446559,0.04024404784740177,0.00016898595683404767,flip,190
FXE,short,2018-05-01,115.5,2019-02-01,109.47,-0.0013257147762446913,0.008171036212288759,0.00800575624383049,0.05336359188157735,0.05228417764893176,0.00016527996845826904,flip,190
FXF,short,2018-05-01,94.45,2018-08-01,94.49,-0.0016211758248413112,-7.501533248225749e-05,-0.00023214334038928748,-0.0004899118647184078,-0.001516087085249873,0.00015712800790703,flip,64
FXY,short,2018-05-01,87.35,2019-01-02,87.42,-0.001752948559316106,-0.00030355853122785174,-0.0004680776048912021,-0.0019824870618308883,-0.0030569320251884846,0.00016451907366335034,flip,169
FXF,long,2018-08-01,94.49,2018-11-01,92.96,0.0016505307827766216,-0.002529709952547569,-0.0026850746225696343,-0.016220388501099067,-0.01721657990421431,0.00015536467002206527,flip,65
FXC,long,2018-10-01,76.94,2018-11-01,75.36,0.0020425290996200496,-0.003227195977399675,-0.003382734568335742,-0.020535482193917317,-0.02152521445282036,0.00015553859093606678,flip,23
FXC,short,2018-11-01,75.36,2019-02-01,75.22,-0.0020790721437057096,0.0001335016928727195,-2.7837509585205695e-05,0.0008520720574607212,-0.0001776723841956296,0.0001613392024579252,flip,61
FXF,short,2018-11-01,92.96,2019-02-01,93.78,-0.0016854440269972277,-0.0013956873509218559,-0.0015530640713469792,-0.008907948409356109,-0.009912402383560788,0.00015737672042512324,flip,61
FXA,long,2018-12-03,73.73,2019-01-02,69.92,0.002124144967874909,-0.008092992327603408,-0.008245559039921024,-0.051675030516750334,-0.05264919300149196,0.00015256671231761532,flip,19
FXA,short,2019-01-02,69.92,2019-02-01,72.67,-0.0022172966498931047,-0.006097565787206037,-0.006255647951860166,-0.03933066361556063,-0.04035032894736841,0.0001580821646541289,flip,21
FXY,long,2019-01-02,87.42,2019-05-01,85.6,0.0017734315003491866,-0.003140853035140982,-0.003296626693400843,-0.0202592048207562,-0.021263979769808643,0.00015577365825986087,flip,82
FXA,long,2019-02-01,72.67,2019-03-01,71.03,0.0020912569965250635,-0.0034296614743011045,-0.0035799182895014303,-0.02256777212054493,-0.023556488234484658,0.00015025681520032581,flip,19
FXB,long,2019-02-01,126.88,2019-05-01,126.77,0.0011977588740343346,-7.869149766752761e-05,-0.00023170395425570764,-0.0005178038125605522,-0.0015246525286107281,0.00015301245658818003,flip,61
FXC,long,2019-02-01,75.22,2019-05-01,73.5522,0.0020203622166641367,-0.0033683582253096747,-0.0035192470897676092,-0.022164386024321095,-0.023157261132879258,0.00015088886445793444,flip,61
FXE,long,2019-02-01,109.47,2019-04-01,107.19,0.0013882492549326423,-0.0031603969136319437,-0.003310788361112604,-0.02079596423488223,-0.021785566252764788,0.0001503914474806604,flip,40
FXF,long,2019-02-01,93.78,2019-03-01,93.19,0.00162051232605541,-0.0009561022723726978,-0.0011075958671739878,-0.006291320110897884,-0.007288174450842436,0.00015149359480129003,flip,19
FXA,short,2019-03-01,71.03,2019-04-01,71.2486,-0.0021177836194352572,-0.00046294749920853677,-0.0006136051434466273,-0.0030775728565394208,-0.00407911164296769,0.0001506576442380906,flip,21
FXF,short,2019-03-01,93.19,2019-07-01,94.33,-0.0016141879009387954,-0.001873529588750923,-0.0020272516384396925,-0.012454811437843015,-0.013476721715752638,0.0001537220496887694,flip,84
FXA,long,2019-04-01,71.2486,2019-05-01,70.34,0.002100198837119759,-0.0019082406634069985,-0.002056922769941706,-0.012752531277807466,-0.013746155012168563,0.00014868210653470735,flip,21
FXE,short,2019-04-01,107.19,2019-07-01,107.98,-0.0013959905482452736,-0.0011142767790315172,-0.001265387358820261,-0.00744657094318676,-0.008456423857505758,0.00015111057978874382,flip,63
FXA,short,2019-05-01,70.34,2019-11-01,69.01,-0.002124566199423522,0.002656320062253968,0.0024981516373984193,0.017774924738654566,0.016716531253701806,0.0001581684248555484,flip,129
FXB,short,2019-05-01,126.77,2019-11-01,125.64,-0.001178843468229475,0.000759887000441273,0.0005964977277733849,0.005084829360233253,0.003991500259555946,0.00016338927266788806,flip,129
FXC,short,2019-05-01,73.5522,2019-07-01,75.27,-0.0020317813262886843,-0.00352998760302425,-0.0036825101142395514,-0.02362112339689157,-0.024641736912682337,0.0001525225112153016,flip,42
FXY,short,2019-05-01,85.6,2019-06-03,87.92,-0.001745817598918815,-0.004050296829491665,-0.004201763964373861,-0.027102803738317853,-0.02811635514018701,0.0001514671348821964,flip,22
FXY,long,2019-06-03,87.92,2019-11-01,87.94,0.001703337973669133,7.701401101428373e-05,-7.614254152681345e-05,0.0005142582111300317,-0.0005084390058480506,0.00015315655254109718,flip,107
FXC,long,2019-07-01,75.27,2019-10-01,74.26,0.0019663369413368014,-0.001975086246697378,-0.0021264289747520153,-0.013344619972539846,-0.014367163263939732,0.00015134272805463747,flip,64
FXE,long,2019-07-01,107.98,2019-08-01,105.0,0.001370681437066318,-0.0040846306824576335,-0.004230594548690826,-0.027597703278384924,-0.028583904426745736,0.0001459638662331922,flip,22
FXF,long,2019-07-01,94.33,2019-09-03,93.57,0.001569025565296523,-0.0011803068479674756,-0.001329897487124195,-0.007974713187056916,-0.008985418534397436,0.0001495906391567194,flip,44
FXE,short,2019-08-01,105.0,2019-11-01,105.85,-0.0014111660938773672,-0.0012591640347712969,-0.001411186998359145,-0.00849796383177233,-0.009523950605928425,0.00015202296358784821,flip,65
FXF,short,2019-09-03,93.57,2020-01-02,94.88,-0.0015971365191421124,-0.002086595436714672,-0.002239723837464746,-0.013962384182569496,-0.014987037799133194,0.00015312840075007406,flip,84
FXC,short,2019-10-01,74.26,2019-11-01,74.92,-0.0020096233292376583,-0.0013263513972968477,-0.0014762492014246847,-0.00888769189334765,-0.009892135739294325,0.00014989780412783695,flip,23
FXA,long,2019-11-01,69.01,2020-02-03,66.9803,0.0021139669046644134,-0.004189263556325057,-0.004334740522283102,-0.0287162332580635,-0.0297134372849668,0.00014547696595804588,flip,62
FXB,long,2019-11-01,125.64,2020-03-02,123.73,0.0011611338434486724,-0.002165814431795166,-0.0023106163806701596,-0.014846053866247709,-0.015838630839314586,0.00014480194887499362,flip,81
FXC,long,2019-11-01,74.92,2020-02-03,74.4,0.0019472084368778856,-0.0009702910055097965,-0.0011166638133284599,-0.006651074220515887,-0.007654418993515959,0.0001463728078186633,flip,62
FXE,long,2019-11-01,105.85,2020-02-03,104.79,0.001378222542190753,-0.0014538365759057207,-0.0016001173224783627,-0.009965644240687542,-0.010968357959522787,0.00014628074657264197,flip,62
FXY,short,2019-11-01,87.94,2020-02-03,87.54,-0.0016589135329871639,0.0006490550280457588,0.0005018211053979622,0.004449091190393166,0.0034398437154114937,0.00014723392264779663,flip,62
FXF,long,2020-01-02,94.88,2020-11-02,99.31,0.0015450098823692566,0.006733083495194864,0.00657668489945851,0.04593122860199257,0.044864320749309065,0.00015639859573635484,flip,211
FXA,short,2020-02-03,66.9803,2020-06-01,67.2,-0.0021591824086924344,-0.001622832188553682,-0.0017870259713540153,-0.011221145445247365,-0.012356470669262015,0.00016419378280033313,flip,82
FXC,short,2020-02-03,74.4,2020-07-01,72.57,-0.0019438532995825516,0.003259615130742954,0.003102743196375477,0.0225387539978449,0.021454056020918783,0.00015687193436747697,flip,104
FXE,short,2020-02-03,104.79,2020-06-01,104.99,-0.0013801191477139216,-0.0003460478922322181,-0.0004973527139700961,-0.0023927635630765385,-0.003438967491777939,0.000151304821737878,flip,82
FXY,long,2020-02-03,87.54,2020-06-01,87.95,0.0016520754568076518,0.0006849776579602744,0.0005370367531440605,0.00473630852341384,0.0037133645480889885,0.00014794090481621387,flip,82
FXB,short,2020-03-02,123.73,2020-08-03,125.95,-0.0011748837143690516,-0.0028626543791820326,-0.003018019583063195,-0.019692416838251795,-0.020761185872766555,0.0001553652038811626,flip,107
FXA,long,2020-06-01,67.2,2020-11-02,70.21,0.0021619196000906594,0.006577422168236518,0.006427754466850825,0.04527379559852442,0.04424360098018908,0.00014966770138569245,flip,108
FXE,long,2020-06-01,104.99,2020-11-02,109.44,0.0013837603307561895,0.006179318946448268,0.006030594210378189,0.042533566458695986,0.041509862471167606,0.00014872473607007927,flip,108
FXY,short,2020-06-01,87.95,2020-08-03,89.01,-0.0016518589781249838,-0.0017580421394791403,-0.0019048507580664293,-0.012100977927301117,-0.01311149287069644,0.00014680861858728898,flip,44
FXC,long,2020-07-01,72.57,2021-08-02,78.69,0.002013156723375526,0.012021033037641226,0.011866553562320433,0.08228242485198284,0.08122503271443066,0.00015447947532079258,flip,273
FXB,long,2020-08-03,125.95,2020-11-02,124.91,0.0011692298280368825,-0.0011568095377440803,-0.0013066271652691641,-0.00785531857682676,-0.0088726556182631,0.00014981762752508377,flip,64
FXY,long,2020-08-03,89.01,2021-02-01,89.98,0.0016544713722193613,0.0017026433082933258,0.0015514614141131924,0.011561804405095792,0.010535203306915888,0.00015118189418013344,flip,125
FXA,short,2020-11-02,70.21,2021-01-04,76.91,-0.0020968624153307517,-0.0136101726546994,-0.013764198451207122,-0.09244740524634389,-0.09349362894896705,0.00015402579650772177,flip,42
FXB,short,2020-11-02,124.91,2021-01-04,131.68,-0.0011786142837272601,-0.007829795403513038,-0.007980931011395166,-0.05318406217386208,-0.05421065420494901,0.00015113560788212858,flip,42
FXE,short,2020-11-02,109.44,2021-01-04,115.59,-0.0013452184775253294,-0.008096895743945561,-0.008248164901997906,-0.054998347270743334,-0.056025846444378705,0.00015126915805234483,flip,42
FXF,short,2020-11-02,99.31,2021-01-04,103.69,-0.0014824359095798212,-0.006360878374708111,-0.0065112795240758374,-0.04320641006903772,-0.04422801327407224,0.0001504011493677261,flip,42
FXA,long,2021-01-04,76.91,2021-04-01,75.6,0.0018540057155247089,-0.0024284983044424056,-0.002569898750084432,-0.01703114806342959,-0.0180227945972398,0.00014140044564202656,flip,61
FXB,long,2021-01-04,131.68,2021-09-01,132.902,0.0010828643649833335,0.0014247379185734637,0.0012770532693720852,0.009991739503552378,0.00895602161870014,0.00014768464920137856,flip,167
FXE,long,2021-01-04,115.59,2021-04-01,110.18,0.001233597885465917,-0.006724386691107956,-0.00686549190659029,-0.04715837155929587,-0.048147947633121274,0.0001411052154823339,flip,61
FXF,long,2021-01-04,103.69,2021-03-01,99.53,0.0013751719508246249,-0.005741096663868076,-0.005881768606561914,-0.04026252237851532,-0.041249059894315286,0.0001406719426938385,flip,38
FXY,short,2021-02-01,89.98,2021-10-01,84.61,-0.0015650105641602553,0.00849635258329882,0.008348640746902449,0.06033499266133516,0.05928604930857388,0.00014771183639637086,flip,169
FXF,short,2021-03-01,99.53,2021-06-01,101.02,-0.0014197326264556351,-0.002289977812480526,-0.00243795099331711,-0.016205808684048285,-0.017252991344918783,0.00014797318083658418,flip,64
FXA,short,2021-04-01,75.6,2021-05-03,76.99,-0.0018796360090508819,-0.002612694052580727,-0.002756100881891264,-0.0183862433862434,-0.019395436507936518,0.00014340682931053702,flip,21
FXE,short,2021-04-01,110.18,2021-06-01,114.4,-0.0012897121281924726,-0.005375356681765494,-0.005520144842390624,-0.03782785670644701,-0.038846770634800236,0.00014478816062512938,flip,41
FXA,long,2021-05-03,76.99,2021-06-01,77.05,0.0018263446945867223,0.00010958068167520789,-3.1084386701861466e-05,0.0007793219898688465,-0.00022106767112608795,0.00014066506837706936,flip,20
FXA,short,2021-06-01,77.05,2021-11-01,74.76,-0.0018297197681313754,0.003988541375560673,0.0038399454902733527,0.0282915589060735,0.027237537185861208,0.0001485958852873202,flip,107
FXE,long,2021-06-01,114.4,2021-08-02,110.91,0.0012323418543227487,-0.004301811223141596,-0.004443242423540763,-0.030513647512359174,-0.0315168486228622,0.00014143120039916728,flip,43
FXF,long,2021-06-01,101.02,2021-09-01,98.74,0.0013955643252279001,-0.003133475031314071,-0.003275467380317179,-0.02222639433361044,-0.023233575788627562,0.00014199234900310812,flip,65
FXC,short,2021-08-02,78.69,2021-11-01,79.26,-0.0017763903867409703,-0.0011047749864817097,-0.0012492433042007197,-0.007903434768112524,-0.008936944703730581,0.00014446831771900998,flip,64
FXE,short,2021-08-02,110.91,2022-12-01,96.88,-0.0012603386487480565,0.01767053127160032,0.017493080949472606,0.12641297362075796,0.12514351417184041,0.0001774503221277116,flip,337
FXB,short,2021-09-01,132.902,2022-03-01,128.821,-0.0010517254230608208,0.004232616935359912,0.0040876890268165735,0.030281339100631834,0.029244483838091282,0.0001449279085433386,flip,124
FXF,short,2021-09-01,98.74,2022-01-03,98.23,-0.0014156006904560382,0.0006538925195436276,0.0005105193900307932,0.004678132092287582,0.003652400158828838,0.0001433731295128344,flip,85
FXY,long,2021-10-01,84.61,2021-11-01,82.27,0.0016735515574936397,-0.003916110644535121,-0.00405575178649239,-0.02765630540125284,-0.02864247724855221,0.0001396411419572693,flip,21
FXA,long,2021-11-01,74.76,2021-12-01,71.0,0.0018590161710682251,-0.006989900803216537,-0.00712538590176399,-0.05029427501337621,-0.05126912787586952,0.00013548509854745226,flip,21
FXC,long,2021-11-01,79.26,2021-12-01,76.95,0.0017534702113179473,-0.004050516188144462,-0.0041874709789994505,-0.029144587433762328,-0.030130015140045444,0.00013695479085498827,flip,21
FXY,short,2021-11-01,82.27,2022-12-01,68.5,-0.0016893162629033733,0.023613203591719308,0.023427883948266226,0.1699035492524118,0.1685701230171037,0.00018531964345308227,flip,273
FXA,short,2021-12-01,71.0,2022-03-01,72.08,-0.0019458901030633424,-0.0021430394325355428,-0.0022844023905875827,-0.015511489539854711,-0.016534685852464218,0.00014136295805204017,flip,61
FXC,short,2021-12-01,76.95,2022-03-01,77.25,-0.0017954281652696206,-0.0005386863990390371,-0.0006772214062635952,-0.003899054920361313,-0.004901782300382022,0.0001385350072245581,flip,61
FXF,long,2022-01-03,98.23,2022-02-01,97.61,0.0014068056682078397,-0.000872219514288867,-0.0010099739253197786,-0.006311717397943647,-0.007308561539244676,0.00013775441103091167,flip,20
FXF,short,2022-02-01,97.61,2022-03-01,97.9,-0.001417393924463499,-0.00041104423809442347,-0.0005496015811803528,-0.0029710070689479167,-0.003972492572482391,0.00013855734308592936,flip,19
FXA,long,2022-03-01,72.08,2022-06-01,71.54,0.001916239567413838,-0.0006906136337267933,-0.0008392623475083317,-0.005000006469840435,-0.0060762153576238145,0.00014864871378153838,flip,64
FXB,long,2022-03-01,128.821,2022-04-01,126.01,0.0010722052151372016,-0.003013968859750668,-0.003150584423339982,-0.02182097639360038,-0.022810065905403583,0.0001366155635893141,flip,23
FXC,long,2022-03-01,77.25,2022-05-02,75.83,0.0017879941491157209,-0.0025425113395651545,-0.0026794750335358713,-0.01840764868609231,-0.019399258643589535,0.00013696369397071695,flip,43
FXF,long,2022-03-01,97.9,2022-04-01,96.95,0.0014108534016260411,-0.0013403107315447425,-0.0014777631241981596,-0.009703779366700738,-0.010698927477017388,0.00013745239265341706,flip,23
FXB,short,2022-04-01,126.01,2022-12-01,117.66,-0.0011120563720225553,0.008077596971267878,0.007902608969130837,0.05764350311486779,0.05639475036301221,0.0001749880021370417,flip,168
FXF,short,2022-04-01,96.95,2022-08-01,94.19,-0.0014453865233477275,0.0037239196593932327,0.003571667177889996,0.02657470721172385,0.025488200120197018,0.00015225248150323677,flip,82
FXC,short,2022-05-02,75.83,2022-06-01,77.51,-0.0018807000727523587,-0.0031595761222239756,-0.003303769396801899,-0.022154819992087658,-0.0231658974020837,0.00014419327457792337,flip,21
FXA,short,2022-06-01,71.54,2023-01-03,66.7,-0.0019796215475784934,0.00878257886553275,0.008612714140071259,0.06201417210532614,0.06081474987631165,0.00016986472546149165,flip,148
FXC,long,2022-06-01,77.51,2022-07-01,75.57,0.0018271465038545403,-0.0035446642174778295,-0.003684514010882856,-0.025029028512450154,-0.02601651399819393,0.00013984979340502651,flip,21
FXC,short,2022-07-01,75.57,2023-01-03,71.48,-0.0019239204076572506,0.007715239427729259,0.007555850952186591,0.053065576230515284,0.051969299001739196,0.00015938847554266807,flip,127
FXF,long,2022-08-01,94.19,2022-09-01,91.15,0.0015202786400118498,-0.00462164706563601,-0.004762531287205908,-0.03227518844887983,-0.033259050854655386,0.00014088422156989815,flip,23
FXF,short,2022-09-01,91.15,2022-12-01,94.96,-0.00161270468997406,-0.006476037597140257,-0.006632548821598465,-0.04405526718550319,-0.04511998364330779,0.00015651122445820757,flip,63
FXB,long,2022-12-01,117.66,2023-03-01,115.63,0.0012128194052761928,-0.002451957096054178,-0.0025978146660887865,-0.017182560650063194,-0.018204685607887138,0.00014585757003460854,flip,60
FXE,long,2022-12-01,96.88,2023-08-01,101.25,0.001472959653435145,0.006480340190916388,0.0063299665804652195,0.04541222949726629,0.044358457518178976,0.00015037361045116833,flip,165
FXF,long,2022-12-01,94.96,2023-10-02,97.13,0.0015027414829906997,0.0033768832303134825,0.0032282311451722803,0.023664158319253337,0.02262245025967617,0.00014865208514120218,flip,208
FXY,long,2022-12-01,68.5,2023-04-03,70.03,0.0020832165142306105,0.0032611867256835373,0.0031114732286986087,0.022853392824619078,0.021804246717529223,0.00014971349698492863,flip,83
FXA,long,2023-01-03,66.7,2023-03-01,66.77,0.002161615313198504,0.00032805935979439535,0.00018371558872415792,0.0022753498975021376,0.0012742122225533866,0.00014434377107023743,flip,39
FXC,long,2023-01-03,71.48,2023-03-01,71.74,0.0020170640933175744,0.0005267290477759643,0.00038228594186173607,0.0036532805697711847,0.0026514539294862994,0.0001444431059142282,flip,39
FXA,short,2023-03-01,66.77,2023-08-01,65.43,-0.002148185236562478,0.0028744169754134,0.0027255747325957386,0.02003995145777145,0.019002248387393922,0.0001488422428176616,flip,105
FXB,short,2023-03-01,115.63,2023-04-03,118.91,-0.0012404594676578451,-0.0040687070539177335,-0.004214175735689969,-0.02836634091498747,-0.029380524085444962,0.0001454686817722355,flip,23
FXC,short,2023-03-01,71.74,2023-04-03,72.57,-0.001999363371135721,-0.0016594715980426452,-0.001803735662086943,-0.011569556732645642,-0.012575341511011964,0.00014426406404429798,flip,23
FXB,long,2023-04-03,118.91,2023-10-02,116.66,0.0012101213685628478,-0.0027436272216534103,-0.002887330835864456,-0.019066799258766018,-0.020065465529204157,0.00014370361421104554,flip,125
FXC,long,2023-04-03,72.57,2023-05-01,72.23,0.001982851480443823,-0.0006741695033508782,-0.000817727950535011,-0.004685131597078533,-0.005682789031279994,0.00014355844718413278,flip,19
FXY,short,2023-04-03,70.03,2024-01-02,65.42,-0.002054769840579869,0.00962588280304103,0.009464005052701797,0.06689493880418146,0.06576997162721973,0.0001618777503392335,flip,188
FXC,short,2023-05-01,72.23,2023-06-01,72.19,-0.002021629102131199,8.086516408526028e-05,-6.511667337963359e-05,0.0005537865152984367,-0.0004459365914439139,0.00014598183746489387,flip,22
FXC,long,2023-06-01,72.19,2023-09-01,72.25,0.0020176633238184055,0.00012494965691082935,-2.1804848406072985e-05,0.0008578459919765124,-0.00014970190613771892,0.00014675450531690233,flip,64
FXA,long,2023-08-01,65.43,2023-09-01,64.34,0.002270355985307328,-0.0024746880239849955,-0.0026220000720916614,-0.016659024912119878,-0.017650695399663817,0.00014731204810666598,flip,23
FXE,short,2023-08-01,101.25,2023-09-01,100.26,-0.0014671544900608244,0.0014524829451602092,0.0013046597945141308,0.00977777777777773,0.00878266666666662,0.00014782315064607835,flip,23
FXA,short,2023-09-01,64.34,2023-12-01,65.39,-0.0022973569445101805,-0.002511607456272118,-0.0026633051104876376,-0.016991911191699176,-0.018018199380955103,0.00015169765421551944,flip,63
FXC,short,2023-09-01,72.25,2024-01-02,73.34,-0.0020458400804122495,-0.002223929867593819,-0.0023761448847588406,-0.015045670736624571,-0.01607545906889443,0.00015221501716502123,flip,83
FXE,long,2023-09-01,100.26,2023-10-02,97.03,0.0014742863136822761,-0.004761944793193757,-0.004907375766606945,-0.03221623778176744,-0.033200129662876554,0.00014543097341318813,flip,20
FXB,short,2023-10-02,116.66,2024-01-02,121.35,-0.001254708419035566,-0.00592327308209559,-0.006073817443183076,-0.04046662373720767,-0.04149511287344218,0.00015054436108748575,flip,63
FXE,short,2023-10-02,97.03,2023-12-01,100.23,-0.0015085466779829859,-0.0048420469146696204,-0.004991307373263714,-0.033079901584500464,-0.03409961935422945,0.00014926045859409354,flip,43
FXF,short,2023-10-02,97.13,2023-12-01,101.55,-0.0015069935567248957,-0.00664647641637964,-0.006796173938752519,-0.04540740509379048,-0.046430108796337376,0.00014969752237287896,flip,43
FXA,long,2023-12-01,65.39,2024-03-01,64.291,0.0021744154261927415,-0.002253686714170751,-0.002397593388634255,-0.01585038029587698,-0.016862488812566176,0.000143906674463504,flip,61
FXE,long,2023-12-01,100.23,2024-03-01,99.8,0.0014185874959467561,-0.000595870863865878,-0.0007377579531526884,-0.004190813097543654,-0.005188717690994883,0.00014188708928681044,flip,61
FXF,long,2023-12-01,101.55,2024-03-01,100.26,0.0014001479539019533,-0.0016020852252200675,-0.0017434692073262008,-0.01126760872594816,-0.012261974921585185,0.00014138398210613334,flip,61
FXB,long,2024-01-02,121.35,2024-03-01,121.19,0.001171897131203518,-0.00017700841544191642,-0.00031912962810574236,-0.0012446998653530966,-0.00224407751542042,0.00014212121266382594,flip,41
FXC,long,2024-01-02,73.34,2024-04-01,72.2,0.0019390471348724693,-0.0021994416627714765,-0.002340551658811638,-0.015466184105817155,-0.01645845101376425,0.00014110999604016118,flip,61
FXY,long,2024-01-02,65.42,2024-03-01,61.59,0.002173795733285645,-0.00838293338060243,-0.008523084716814778,-0.05894768349883182,-0.05993320923712537,0.00014015133621234841,flip,41
FXA,short,2024-03-01,64.291,2024-06-03,66.0,-0.002146253729969634,-0.0037486216568425705,-0.0038914168855247013,-0.027166917632522727,-0.02820177966210194,0.00014279522868213072,flip,64
FXB,short,2024-03-01,121.19,2024-06-03,122.41,-0.0011385823793504228,-0.0014681365755779396,-0.0016110572968928984,-0.010639842873770946,-0.01167561437043743,0.00014292072131495887,flip,64
FXE,short,2024-03-01,99.8,2024-06-03,100.3373,-0.0013826132119586947,-0.0008169593338726756,-0.0009599153038741555,-0.005920647364325809,-0.006956674314396513,0.00014295597000147988,flip,64
FXF,short,2024-03-01,100.26,2024-07-01,98.63,-0.001376269684355453,0.002129699343919457,0.0019849995907936994,0.015434304113536574,0.014385639661780483,0.00014469975312575754,flip,83
FXY,short,2024-03-01,61.59,2024-08-01,61.44,-0.0022403766610403918,-0.00022037350318594262,-0.0003722236173705188,-0.001597085370969572,-0.002697569741541195,0.00015185011418457616,flip,105
FXC,short,2024-04-01,72.2,2024-09-03,72.26,-0.0019190729981046217,-0.00017802398586930506,-0.0003223155232934938,-0.0012848423055873339,-0.0023262293451795143,0.0001442915374241888,flip,107
FXA,long,2024-06-03,66.0,2024-12-02,64.25,0.0020951801975072834,-0.0035239602921574714,-0.003664387779898616,-0.02548388812737243,-0.0264994042203226,0.00014042748774114447,flip,126
FXB,long,2024-06-03,122.41,2024-12-02,121.75,0.0011296617354422083,-0.0006342031728009225,-0.0007733290006381756,-0.004586306702050984,-0.005592409705005651,0.0001391258278372531,flip,126
FXE,long,2024-06-03,100.3373,2024-07-01,99.19,0.0013781703617247098,-0.0015811748560067614,-0.0017186661616142387,-0.011434431662004075,-0.012428714446173071,0.00013749130560747737,flip,19
FXE,short,2024-07-01,99.19,2024-08-01,99.56,-0.0013985275321400396,-0.0005174551868918205,-0.0006564338603982369,-0.0037302147393890937,-0.004732079846758788,0.00013897867350641643,flip,22
FXF,long,2024-07-01,98.63,2024-11-01,102.56,0.001406468071712162,0.005480251417281265,0.00533760653323867,0.03950586472056038,0.03847757074953989,0.0001426448840425952,flip,87
FXE,long,2024-08-01,99.56,2024-11-01,100.25,0.0013812611341808992,0.0009420944337591086,0.0008030614887076846,0.006850681202892637,0.005839667498623007,0.00013903294505142403,flip,65
FXY,long,2024-08-01,61.44,2024-11-01,60.69,0.0022382545331876683,-0.001586735183539228,-0.0017234601744665087,-0.011538351683563897,-0.012532582507722115,0.00013672499092728073,flip,65
FXC,long,2024-09-03,72.26,2024-11-01,70.27,0.0019428411957430646,-0.0038991402191177636,-0.004038724257386766,-0.027773690560504192,-0.028767951774056038,0.00013958403826900206,flip,43
FXC,short,2024-11-01,70.27,2025-04-01,67.91,-0.0019488226332222177,0.004545947394331287,0.004399350189585718,0.03319572341716173,0.032125231429390104,0.00014659720474556945,flip,101
FXE,short,2024-11-01,100.25,2025-04-01,99.6,-0.0013660226078456381,0.0005602475214036147,0.00041243140545874004,0.004091077206228988,0.003011684402954595,0.00014781611594487463,flip,101
FXF,short,2024-11-01,102.56,2025-04-01,100.48,-0.0013352551329614394,0.002584650038393943,0.0024371147040624964,0.018873805691564306,0.01779646323070954,0.00014753533433144655,flip,101
FXY,short,2024-11-01,60.69,2025-03-03,61.33,-0.0022564469671531593,-0.0018693609682130582,-0.0020177613469542373,-0.013650573639505711,-0.014734232885945117,0.00014840037874117915,flip,80
FXA,short,2024-12-02,64.25,2025-04-01,61.8962,-0.0021335517566671174,0.004953899865247695,0.004807871485702327,0.03613856547293643,0.03507329239543081,0.00014602837954536782,flip,81
FXB,short,2024-12-02,121.75,2025-03-03,122.1,-0.0011259195101918874,-0.0005706686419661163,-0.0007155770840791375,-0.0041630123018267864,-0.005220115466067026,0.00014490844211302128,flip,60
FXB,long,2025-03-03,122.1,2025-08-01,126.27,0.0011452907456507356,0.0047014688762293,0.004558020051136016,0.033620343783978296,0.0325945369687023,0.00014344882509328475,flip,105
FXY,long,2025-03-03,61.33,2025-08-01,61.3,0.002280123920494942,-0.00022533067863302866,-0.00036863078888361815,-0.0016113463855992724,-0.00263608973661148,0.00014330011025058946,flip,105
FXA,long,2025-04-01,61.8962,2026-08-03,69.35,0.0022310686709806067,0.01687722899041597,0.016713184513936413,0.12221491722863793,0.12102700408684498,0.00016404447647955418,flip,335
FXC,long,2025-04-01,67.91,2025-08-01,70.95,0.002033495400865113,0.0061589914054411745,0.006015557223264977,0.0445997755470007,0.043561109975041236,0.00014343418217619756,flip,84
FXE,long,2025-04-01,99.6,2025-10-01,108.11,0.0013864926975175687,0.011781025253422998,0.011636069755861294,0.08531122182635612,0.08426153978753328,0.00014495549756170437,flip,126
FXF,long,2025-04-01,100.48,2025-10-01,111.06,0.0013743498474596918,0.014421371898495764,0.014275807572987248,0.10443105167909586,0.10337696086812397,0.00014556432550851762,flip,126
FXB,short,2025-08-01,126.27,2025-09-02,128.56,-0.0011343815524255843,-0.002597733755054596,-0.002742270980556902,-0.01813574087273309,-0.019144808743169456,0.00014453722550230582,flip,21
FXC,short,2025-08-01,70.95,2026-01-02,71.11,-0.002018863405564179,-0.00042487727860623416,-0.0005750637372811975,-0.002966225546602539,-0.0040147328048320595,0.00015018645867496334,flip,106
FXY,short,2025-08-01,61.3,2026-10-01,58.02,-0.002336677954727219,0.007625623607871334,0.007462523450640449,0.05323730096521919,0.052098638397476874,0.000163100157230885,flip,293
FXB,long,2025-09-02,128.56,2025-10-01,129.84,0.0011155988378898259,0.0014279665124989783,0.0012838311426436127,0.009956440572495341,0.008951462352209092,0.0001441353698553655,flip,21
FXB,short,2025-10-01,129.84,2026-01-02,129.28,-0.001113920641519395,0.00048645489025461605,0.00033557736636286126,0.00336341003118645,0.0023202239362281087,0.00015087752389175482,flip,64
FXE,short,2025-10-01,108.11,2026-01-02,108.22,-0.001337817557070375,-0.0002276155003944647,-0.0003772816013121336,-0.0015737620745873494,-0.002608572239393323,0.00014966610091766885,flip,64
FXF,short,2025-10-01,111.06,2025-11-03,109.56,-0.0013022821546450408,0.001953423231967561,0.0018097684874886668,0.01350621285791464,0.012512965964343599,0.00014365474447889444,flip,23
FXF,long,2025-11-03,109.56,2025-12-01,110.17,0.0013412153060531615,0.0008181413366924279,0.0006707887170928973,0.005567725447243515,0.004564941584519893,0.0001473526195995306,flip,19
FXF,short,2025-12-01,110.17,2026-01-02,111.4807,-0.001330830288723097,-0.0017443192594293598,-0.0018918089919676981,-0.011897068167377666,-0.012903016701461354,0.00014748973253833828,flip,22
FXB,long,2026-01-02,129.28,2026-04-01,127.91,0.0011301660119235506,-0.0015593890603788027,-0.00170755692296529,-0.010672862081505138,-0.01168696125821274,0.0001481678625864874,flip,61
FXC,long,2026-01-02,71.11,2026-04-01,70.33,0.002054673913956921,-0.0016204786391485304,-0.0017667461252362845,-0.011090974960062954,-0.01209206746846099,0.00014626748608775411,flip,61
FXE,long,2026-01-02,108.22,2026-04-01,106.99,0.0013501003698158994,-0.0016851655467371943,-0.001832171999924979,-0.011533708887544252,-0.012539859077916458,0.0001470064531877847,flip,61
FXF,long,2026-01-02,111.4807,2026-04-01,111.44,0.0013106112719195038,-1.0533043155718652e-05,-0.0001566356386556174,-7.209087183939755e-05,-0.0010720548264034776,0.00014610259549989875,flip,61
FXB,short,2026-04-01,127.91,2026-07-01,127.4749,-0.0011446541600087592,0.00041499315943103435,0.00026527528425484046,0.002834406584019395,0.0018118323041767886,0.0001497178751761939,flip,62
FXC,short,2026-04-01,70.33,2026-10-01,68.64,-0.002081796013176744,0.003297767928900011,0.0032120250060753692,0.02252378121860479,0.021938156372835207,8.57429228246417e-05,end,126
FXE,short,2026-04-01,106.99,2026-10-01,103.66,-0.0013684710123069484,0.004487174090053885,0.004404205081204654,0.03064743477200277,0.030080755780777353,8.296900884923131e-05,end,126
FXF,short,2026-04-01,111.44,2026-10-01,105.98,-0.0013138254989834923,0.007184855659398311,0.007102226707763541,0.04907262137561067,0.04850826497786833,8.262895163476983e-05,end,126
FXB,long,2026-07-01,127.4749,2026-08-03,129.37,0.0011643629642406849,0.0022065842535325206,0.0020570539089754696,0.01486645606311516,0.013859022835083603,0.00014953034455705117,flip,22
FXA,short,2026-08-03,69.35,2026-09-01,70.76,-0.0021290316486380734,-0.003001934624579707,-0.003151083936725047,-0.020331651045421936,-0.021341816870944646,0.00014914931214534023,flip,21
FXB,short,2026-08-03,129.37,2026-09-01,130.045,-0.0011412873528101597,-0.0007703689631468381,-0.0009184024924614619,-0.005217592950452058,-0.006220201746927284,0.00014803352931462379,flip,21
FXA,long,2026-09-01,70.76,2026-10-01,68.61,0.002076667769376696,-0.004470402557306118,-0.004546264982627998,-0.030422281885574075,-0.030938545926246126,7.586242532187992e-05,end,21
FXB,long,2026-09-01,130.045,2026-10-01,126.8771,0.0011299551029343305,-0.003583676670381012,-0.0036591044514302897,-0.024387875690278945,-0.024901181860734267,7.542778104927785e-05,end,21
FXY,long,2026-10-01,58.02,2026-10-01,57.97,0.0025409539531394353,-0.0001270476976569826,-0.0002007607718375576,-0.000861771802826685,-0.0013617718028266848,7.371307418057502e-05,end,0
