date,sharpe
2011-02-01,
2011-02-02,
2011-02-03,
2011-02-04,
2011-02-07,
2011-02-08,
2011-02-09,
2011-02-10,
2011-02-11,
2011-02-14,
2011-02-15,
2011-02-16,
2011-02-17,
2011-02-18,
2011-02-22,
2011-02-23,
2011-02-24,
2011-02-25,
2011-02-28,
2011-03-01,
2011-03-02,
2011-03-03,
2011-03-04,
2011-03-07,
2011-03-08,
2011-03-09,
2011-03-10,
2011-03-11,
2011-03-14,
2011-03-15,
2011-03-16,
2011-03-17,
2011-03-18,
2011-03-21,
2011-03-22,
2011-03-23,
2011-03-24,
2011-03-25,
2011-03-28,
2011-03-29,
2011-03-30,
2011-03-31,
2011-04-01,
2011-04-04,
2011-04-05,
2011-04-06,
2011-04-07,
2011-04-08,
2011-04-11,
2011-04-12,
2011-04-13,
2011-04-14,
2011-04-15,
2011-04-18,
2011-04-19,
2011-04-20,
2011-04-21,
2011-04-25,
2011-04-26,
2011-04-27,
2011-04-28,
2011-04-29,
2011-05-02,
2011-05-03,
2011-05-04,
2011-05-05,
2011-05-06,
2011-05-09,
2011-05-10,
2011-05-11,
2011-05-12,
2011-05-13,
2011-05-16,
2011-05-17,
2011-05-18,
2011-05-19,
2011-05-20,
2011-05-23,
2011-05-24,
2011-05-25,
2011-05-26,
2011-05-27,
2011-05-31,
2011-06-01,
2011-06-02,
2011-06-03,
2011-06-06,
2011-06-07,
2011-06-08,
2011-06-09,
2011-06-10,
2011-06-13,
2011-06-14,
2011-06-15,
2011-06-16,
2011-06-17,
2011-06-20,
2011-06-21,
2011-06-22,
2011-06-23,
2011-06-24,
2011-06-27,
2011-06-28,
2011-06-29,
2011-06-30,
2011-07-01,
2011-07-05,
2011-07-06,
2011-07-07,
2011-07-08,
2011-07-11,
2011-07-12,
2011-07-13,
2011-07-14,
2011-07-15,
2011-07-18,
2011-07-19,
2011-07-20,
2011-07-21,
2011-07-22,
2011-07-25,
2011-07-26,
2011-07-27,
2011-07-28,
2011-07-29,
2011-08-01,
2011-08-02,
2011-08-03,
2011-08-04,
2011-08-05,
2011-08-08,
2011-08-09,
2011-08-10,
2011-08-11,
2011-08-12,
2011-08-15,
2011-08-16,
2011-08-17,
2011-08-18,
2011-08-19,
2011-08-22,
2011-08-23,
2011-08-24,
2011-08-25,
2011-08-26,
2011-08-29,
2011-08-30,
2011-08-31,
2011-09-01,
2011-09-02,
2011-09-06,
2011-09-07,
2011-09-08,
2011-09-09,
2011-09-12,
2011-09-13,
2011-09-14,
2011-09-15,
2011-09-16,
2011-09-19,
2011-09-20,
2011-09-21,
2011-09-22,
2011-09-23,
2011-09-26,
2011-09-27,
2011-09-28,
2011-09-29,
2011-09-30,
2011-10-03,
2011-10-04,
2011-10-05,
2011-10-06,
2011-10-07,
2011-10-10,
2011-10-11,
2011-10-12,
2011-10-13,
2011-10-14,
2011-10-17,
2011-10-18,
2011-10-19,
2011-10-20,
2011-10-21,
2011-10-24,
2011-10-25,
2011-10-26,
2011-10-27,
2011-10-28,
2011-10-31,
2011-11-01,
2011-11-02,
2011-11-03,
2011-11-04,
2011-11-07,
2011-11-08,
2011-11-09,
2011-11-10,
2011-11-11,
2011-11-14,
2011-11-15,
2011-11-16,
2011-11-17,
2011-11-18,
2011-11-21,
2011-11-22,
2011-11-23,
2011-11-25,
2011-11-28,
2011-11-29,
2011-11-30,
2011-12-01,
2011-12-02,
2011-12-05,
2011-12-06,
2011-12-07,
2011-12-08,
2011-12-09,
2011-12-12,
2011-12-13,
2011-12-14,
2011-12-15,
2011-12-16,
2011-12-19,
2011-12-20,
2011-12-21,
2011-12-22,
2011-12-23,
2011-12-27,
2011-12-28,
2011-12-29,
2011-12-30,
2012-01-03,
2012-01-04,
2012-01-05,
2012-01-06,
2012-01-09,
2012-01-10,
2012-01-11,
2012-01-12,
2012-01-13,
2012-01-17,
2012-01-18,
2012-01-19,
2012-01-20,
2012-01-23,
2012-01-24,
2012-01-25,
2012-01-26,
2012-01-27,
2012-01-30,
2012-01-31,0.6838844452803603
2012-02-01,0.6821709404764041
2012-02-02,0.6898658508263855
2012-02-03,0.7005938344426492
2012-02-06,0.6971394149518771
2012-02-07,0.6905145096609517
2012-02-08,0.6818393310892129
2012-02-09,0.6709239153949565
2012-02-10,0.6475466990551618
2012-02-13,0.6681145947843533
2012-02-14,0.6576932371460347
2012-02-15,0.6442406046517307
2012-02-16,0.6589736715444704
2012-02-17,0.6659508108386264
2012-02-21,0.668649307848711
2012-02-22,0.7072734214496965
2012-02-23,0.7381940778928707
2012-02-24,0.7252726438663595
2012-02-27,0.7025256666056985
2012-02-28,0.6933445397888595
2012-02-29,0.7180820307156741
2012-03-01,0.7251646342702691
2012-03-02,0.7059934680034247
2012-03-05,0.7154902256588312
2012-03-06,0.7021140902000798
2012-03-07,0.7105497369317539
2012-03-08,0.7261604812074544
2012-03-09,0.7487998020189824
2012-03-12,0.7505058175009969
2012-03-13,0.7654616224535261
2012-03-14,0.7731166379161829
2012-03-15,0.8123555885024658
2012-03-16,0.7947748214025204
2012-03-19,0.7945189842693289
2012-03-20,0.7725338395576916
2012-03-21,0.7787539452061132
2012-03-22,0.7657750897561788
2012-03-23,0.7696153964349174
2012-03-26,0.7832730886880965
2012-03-27,0.7741575310767695
2012-03-28,0.765728314003304
2012-03-29,0.7609749656554285
2012-03-30,0.764633110563397
2012-04-02,0.7632914122189179
2012-04-03,0.7558950160677841
2012-04-04,0.743526980908476
2012-04-05,0.7357336732573064
2012-04-09,0.7187666595208291
2012-04-10,0.6942599374135636
2012-04-11,0.7021362679295139
2012-04-12,0.7394848175043265
2012-04-13,0.7158558478390566
2012-04-16,0.7196652641515237
2012-04-17,0.7331875563870653
2012-04-18,0.7341447619577783
2012-04-19,0.7179179239351714
2012-04-20,0.7187940554394251
2012-04-23,0.7020285438679595
2012-04-24,0.7051322984104548
2012-04-25,0.7201306294288402
2012-04-26,0.7272124951128258
2012-04-27,0.7248360204127913
2012-04-30,0.7195084291348777
2012-05-01,0.7366003248383493
2012-05-02,0.7409938522929719
2012-05-03,0.7385897151295161
2012-05-04,0.7356811415921219
2012-05-07,0.7327713364535878
2012-05-08,0.7190243040522961
2012-05-09,0.6966129992254428
2012-05-10,0.7124778215548232
2012-05-11,0.7049934533023658
2012-05-14,0.6904549683742837
2012-05-15,0.6777280336256557
2012-05-16,0.6590941810079463
2012-05-17,0.6293777932271731
2012-05-18,0.5914315445162117
2012-05-21,0.6576130665272153
2012-05-22,0.6519431554421283
2012-05-23,0.6588478341291323
2012-05-24,0.6469399845525204
2012-05-25,0.6460237340411226
2012-05-29,0.6623255443461099
2012-05-30,0.6283069097161018
2012-05-31,0.6388630768130524
2012-06-01,0.5958994675680498
2012-06-04,0.608148433240656
2012-06-05,0.6188774277365319
2012-06-06,0.6327190895933694
2012-06-07,0.640225711180764
2012-06-08,0.6416462790081807
2012-06-11,0.6358654152516541
2012-06-12,0.6443345195368636
2012-06-13,0.6233764662546545
2012-06-14,0.6642996848657605
2012-06-15,0.6928199290383916
2012-06-18,0.7013579054553204
2012-06-19,0.6874231042885187
2012-06-20,0.6828490574103959
2012-06-21,0.6688474916322036
2012-06-22,0.6872087405835732
2012-06-25,0.6883876055176337
2012-06-26,0.6870116944054419
2012-06-27,0.6719154955888096
2012-06-28,0.660977325349799
2012-06-29,0.6593618010235277
2012-07-02,0.6637340437396845
2012-07-03,0.6705293263692317
2012-07-05,0.6658045316706331
2012-07-06,0.6611230462577329
2012-07-09,0.6665179952059969
2012-07-10,0.6811466955522923
2012-07-11,0.6978967010153779
2012-07-12,0.6951194581955344
2012-07-13,0.7216350465516405
2012-07-16,0.7204848538910101
2012-07-17,0.7363032901857279
2012-07-18,0.7165878806117977
2012-07-19,0.7151548457032159
2012-07-20,0.6882213169227903
2012-07-23,0.6717728852986183
2012-07-24,0.6715028214818686
2012-07-25,0.680750670236724
2012-07-26,0.7191569842699651
2012-07-27,0.7336698389317085
2012-07-30,0.7227253560697913
2012-07-31,0.7008659776078674
2012-08-01,0.7263373811677154
2012-08-02,0.7342831599843888
2012-08-03,0.8200761052690663
2012-08-06,0.8524574669796917
2012-08-07,0.9399395004165396
2012-08-08,0.8516884169278751
2012-08-09,0.9387581092572371
2012-08-10,0.8993549149553198
2012-08-13,0.9115406393205432
2012-08-14,0.8484446629952577
2012-08-15,0.8657658565781498
2012-08-16,0.8865945243842762
2012-08-17,1.091743515564981
2012-08-20,1.253969842775456
2012-08-21,1.471623084657391
2012-08-22,1.552840093495197
2012-08-23,1.315717855982788
2012-08-24,1.596893286178497
2012-08-27,1.391388124220016
2012-08-28,0.9448845707665123
2012-08-29,1.052375139725589
2012-08-30,1.046645139154252
2012-08-31,1.108663320448152
2012-09-04,1.195433538950494
2012-09-05,1.279997409356902
2012-09-06,1.34263195516909
2012-09-07,1.42638696712941
2012-09-10,1.542672949608576
2012-09-11,1.569041105896531
2012-09-12,1.575849116162831
2012-09-13,1.593892595395027
2012-09-14,1.479668467853391
2012-09-17,1.452192606436
2012-09-18,1.530398479424368
2012-09-19,1.5308824453381
2012-09-20,1.64076613953825
2012-09-21,1.88017408981422
2012-09-24,1.919532258957053
2012-09-25,1.765596834755461
2012-09-26,1.682445517102002
2012-09-27,1.933287992787639
2012-09-28,1.858802839748342
2012-10-01,2.057371622257035
2012-10-02,2.237350175351951
2012-10-03,2.142337873556525
2012-10-04,2.109974425616946
2012-10-05,2.108290519683727
2012-10-08,2.115658720856689
2012-10-09,1.960034132338315
2012-10-10,1.966275298178482
2012-10-11,1.916445924016901
2012-10-12,1.897969706670301
2012-10-15,1.897210525872024
2012-10-16,2.032647112493051
2012-10-17,2.007679707671582
2012-10-18,2.084996477608018
2012-10-19,2.001811924182519
2012-10-22,1.961309774277827
2012-10-23,1.774164309049791
2012-10-24,1.827381422709429
2012-10-25,1.830968574977786
2012-10-26,1.724308546195864
2012-10-31,1.689299517242719
2012-11-01,1.886686960863923
2012-11-02,1.994554133816164
2012-11-05,1.925048758331562
2012-11-06,1.909790123431393
2012-11-07,1.81818906983559
2012-11-08,1.795393701537632
2012-11-09,1.738436283675302
2012-11-12,2.109766875312229
2012-11-13,2.013308743906485
2012-11-14,1.900469700726919
2012-11-15,1.923729563968718
2012-11-16,1.972363054420554
2012-11-19,2.155298650327268
2012-11-20,2.26440051696966
2012-11-21,2.198083285305635
2012-11-23,2.267897183289629
2012-11-26,2.242038583929547
2012-11-27,2.299620774456489
2012-11-28,2.35414160106416
2012-11-29,2.289259785241624
2012-11-30,2.237315142754121
2012-12-03,2.061396050027945
2012-12-04,1.992459070815699
2012-12-05,2.024876009983251
2012-12-06,1.998955252760096
2012-12-07,2.053949164178358
2012-12-10,2.073340687802813
2012-12-11,2.20920551290718
2012-12-12,2.057744851940755
2012-12-13,2.033041580965721
2012-12-14,2.014071163650854
2012-12-17,2.079970841752719
2012-12-18,2.079825367034289
2012-12-19,1.980587996587803
2012-12-20,1.922554887211544
2012-12-21,1.714740538205259
2012-12-24,1.671799439320786
2012-12-26,1.555738250227767
2012-12-27,1.580850145041075
2012-12-28,1.447946085189048
2012-12-31,1.701748766942027
2013-01-02,1.855543304349853
2013-01-03,1.859609367320929
2013-01-04,1.832975568141928
2013-01-07,1.806597463148067
2013-01-08,1.791505818794054
2013-01-09,1.76854071041431
2013-01-10,1.780207677348732
2013-01-11,1.761348370562681
2013-01-14,1.801496907642441
2013-01-15,1.784989319600952
2013-01-16,1.844876456472592
2013-01-17,1.826365083656426
2013-01-18,1.851675791262129
2013-01-22,1.854494048626221
2013-01-23,1.846185486156729
2013-01-24,1.813909300819232
2013-01-25,1.810690310396144
2013-01-28,1.73974171939767
2013-01-29,1.771786768307415
2013-01-30,1.684247093012753
2013-01-31,1.709640711876617
2013-02-01,1.769017694120653
2013-02-04,1.634417912976109
2013-02-05,1.652295591738864
2013-02-06,1.595216842680055
2013-02-07,1.586218327734658
2013-02-08,1.623661176321216
2013-02-11,1.67987854772062
2013-02-12,1.760023049637109
2013-02-13,1.886231421296078
2013-02-14,1.791781842186926
2013-02-15,1.85095881159983
2013-02-19,1.99945637825939
2013-02-20,1.81776271007591
2013-02-21,1.769123862397533
2013-02-22,1.814845205699275
2013-02-25,1.555141559070559
2013-02-26,1.5093091647705
2013-02-27,1.660648816668454
2013-02-28,1.629684651911271
2013-03-01,1.582611603336394
2013-03-04,1.635089827132227
2013-03-05,1.642730540349904
2013-03-06,1.647974067570457
2013-03-07,1.667414869596317
2013-03-08,1.805135398528777
2013-03-11,1.773501960607545
2013-03-12,1.700330063147517
2013-03-13,1.676005307116094
2013-03-14,1.637381086025154
2013-03-15,1.583755824957567
2013-03-18,1.564719740125704
2013-03-19,1.544779873591551
2013-03-20,1.600764012411448
2013-03-21,1.50563733918858
2013-03-22,1.460320101416747
2013-03-25,1.429084516314774
2013-03-26,1.466232365152556
2013-03-27,1.395416392372592
2013-03-28,1.32901518607125
2013-04-01,1.391533444356102
2013-04-02,1.442736071894676
2013-04-03,1.388135868556705
2013-04-04,1.39208697711773
2013-04-05,1.382099603530497
2013-04-08,1.447946955817818
2013-04-09,1.505936554937472
2013-04-10,1.575080793817261
2013-04-11,1.689436992683667
2013-04-12,1.892233414286145
2013-04-15,1.66951041542553
2013-04-16,1.618517144631377
2013-04-17,1.549983806713371
2013-04-18,1.442827180602376
2013-04-19,1.463597221737134
2013-04-22,1.522826526460279
2013-04-23,1.609550602789871
2013-04-24,1.549451225856559
2013-04-25,1.591184955502374
2013-04-26,1.549697501054184
2013-04-29,1.459143373374677
2013-04-30,1.423069544704128
2013-05-01,1.354109400696392
2013-05-02,1.438494963606897
2013-05-03,1.427185473565601
2013-05-06,1.464086324974433
2013-05-07,1.508040136889221
2013-05-08,1.566383342787293
2013-05-09,1.51489602652971
2013-05-10,1.546176785544716
2013-05-13,1.621014616319715
2013-05-14,1.580297951744804
2013-05-15,1.592461303600828
2013-05-16,1.685173410503137
2013-05-17,1.831896401650383
2013-05-20,1.887131856944391
2013-05-21,2.005788812436523
2013-05-22,2.197322486227201
2013-05-23,1.950968869496739
2013-05-24,2.049424033532669
2013-05-28,2.048168121941301
2013-05-29,2.044786474648264
2013-05-30,2.019556916308789
2013-05-31,1.849716486374938
2013-06-03,2.043252799341448
2013-06-04,2.062356324602545
2013-06-05,2.288732410881229
2013-06-06,2.237416928743433
2013-06-07,2.28366405944265
2013-06-10,-0.6750334182061567
2013-06-11,-0.6772016214993237
2013-06-12,-0.6877786417616643
2013-06-13,-0.6732613439810089
2013-06-14,-0.6765041439960447
2013-06-17,-0.6665336134032966
2013-06-18,-0.6800866072135476
2013-06-19,-0.6881197330046005
2013-06-20,-0.7033350615950573
2013-06-21,-0.7067034648240699
2013-06-24,-0.7129011763859672
2013-06-25,-0.6971976367721249
2013-06-26,-0.7143035512802317
2013-06-27,-0.7027159635055135
2013-06-28,-0.7073687591651167
2013-07-01,-0.7063903262909772
2013-07-02,-0.7112331278609713
2013-07-03,-0.7206768820073053
2013-07-05,-0.7349747539159847
2013-07-08,-0.7401234989281296
2013-07-09,-0.7321545856423644
2013-07-10,-0.7346357772561053
2013-07-11,-0.7369388464759369
2013-07-12,-0.7301541555760308
2013-07-15,-0.7384037503997192
2013-07-16,-0.7361176610777861
2013-07-17,-0.7495141635632461
2013-07-18,-0.7516933188875717
2013-07-19,-0.7593646303124156
2013-07-22,-0.7572548623055623
2013-07-23,-0.7620648936783747
2013-07-24,-0.752031542445458
2013-07-25,-0.7392211441531595
2013-07-26,-0.7295034243904542
2013-07-29,-0.732346285450271
2013-07-30,-0.7507827093703113
2013-07-31,-0.7566314677164273
2013-08-01,-0.7529152725717084
2013-08-02,-0.7468333388378876
2013-08-05,-0.7517429507738671
2013-08-06,-0.7571689213647622
2013-08-07,-0.7738119080066544
2013-08-08,-0.7785561269047693
2013-08-09,-0.7732593260242437
2013-08-12,-0.7818909080920721
2013-08-13,-0.7828354355606691
2013-08-14,-0.7865480969397805
2013-08-15,-0.7916149666052692
2013-08-16,-0.7814121045848752
2013-08-19,-0.7816430220325539
2013-08-20,-0.7856974593181116
2013-08-21,-0.791024471283215
2013-08-22,-0.7907105257380652
2013-08-23,-0.7858753501242564
2013-08-26,-0.7846160824118313
2013-08-27,-0.7806032416582812
2013-08-28,-0.788612429048706
2013-08-29,-0.7870560841573737
2013-08-30,-0.7836225313140157
2013-09-03,-0.7829036423066896
2013-09-04,-0.7786230287103598
2013-09-05,-0.7854858480878485
2013-09-06,-0.7876633426253835
2013-09-09,-0.7944292946568822
2013-09-10,-0.8190043163623799
2013-09-11,-0.8301621581917786
2013-09-12,-0.8205033879484607
2013-09-13,-0.8216761761583723
2013-09-16,-0.8270106208452053
2013-09-17,-0.8402633702006413
2013-09-18,-0.8354695238666829
2013-09-19,-0.8364068053500738
2013-09-20,-0.8404238365681016
2013-09-23,-0.8408383101814095
2013-09-24,-0.8425133486555439
2013-09-25,-0.8434255814717906
2013-09-26,-0.8455836839106733
2013-09-27,-0.8340885192141217
2013-09-30,-0.8273631955889215
2013-10-01,-0.8437947585841347
2013-10-02,-0.8388778031191657
2013-10-03,-0.8341486566553395
2013-10-04,-0.8397869045579643
2013-10-07,-0.8408799017914501
2013-10-08,-0.8470631067864524
2013-10-09,-0.8504090720017975
2013-10-10,-0.8477563438240755
2013-10-11,-0.836834089963714
2013-10-14,-0.8401811811999853
2013-10-15,-0.843623464549118
2013-10-16,-0.8408950139545843
2013-10-17,-0.8504140049431121
2013-10-18,-0.8558550730606781
2013-10-21,-0.858446310313708
2013-10-22,-0.8592090180574792
2013-10-23,-0.8449306696903018
2013-10-24,-0.8479129160782354
2013-10-25,-0.8287238021114379
2013-10-28,-0.8271150742720511
2013-10-29,-0.8348786228553058
2013-10-30,-0.8357195404987989
2013-10-31,-0.8310494329124377
2013-11-01,-0.852032496276786
2013-11-04,-0.8459665342154035
2013-11-05,-0.8421065973674703
2013-11-06,-0.8504648465059468
2013-11-07,-0.8329679495554925
2013-11-08,-0.8312502477261622
2013-11-11,-0.8315044713800709
2013-11-12,-0.8481348268364922
2013-11-13,-0.848001462393754
2013-11-14,-0.8403136748893797
2013-11-15,-0.8381278183067846
2013-11-18,-0.8491539605096364
2013-11-19,-0.8693966938591385
2013-11-20,-0.8733033641420367
2013-11-21,-0.8718251539293281
2013-11-22,-0.8801604828018998
2013-11-25,-0.8818090615539618
2013-11-26,-0.8781916073416821
2013-11-27,-0.8833095044957961
2013-11-29,-0.8857030052170562
2013-12-02,-0.8826769895974027
2013-12-03,-0.8742117980169027
2013-12-04,-0.8693273506641448
2013-12-05,-0.8746629643160115
2013-12-06,-0.8713467942562746
2013-12-09,-0.8816185610519082
2013-12-10,-0.8777110762253729
2013-12-11,-0.887220172170341
2013-12-12,-0.8804156017554231
2013-12-13,-0.8754631892811662
2013-12-16,-0.8737118335458927
2013-12-17,-0.8839173144760207
2013-12-18,-0.8935628571028494
2013-12-19,-0.8799789794835408
2013-12-20,-0.8731183176672677
2013-12-23,-0.8543739060614994
2013-12-24,-0.8599018467328707
2013-12-26,-0.8422959490282089
2013-12-27,-0.8420810812231784
2013-12-30,-0.8237450425192073
2013-12-31,-0.8671436490691408
2014-01-02,-0.9059030586845397
2014-01-03,-0.9037780824559488
2014-01-06,-0.9092014560389547
2014-01-07,-0.9095137776255826
2014-01-08,-0.9122389023391755
2014-01-09,-0.9117529122975691
2014-01-10,-0.9173324976317879
2014-01-13,-0.9184154874615921
2014-01-14,-0.9218274376386343
2014-01-15,-0.9221254096033248
2014-01-16,-0.9267177068692966
2014-01-17,-0.9253572798659511
2014-01-21,-0.9382749886612427
2014-01-22,-0.9443316649273585
2014-01-23,-0.9488356310459545
2014-01-24,-0.9478616927207553
2014-01-27,-0.9464681591589541
2014-01-28,-0.9418669157541312
2014-01-29,-0.9474156563078497
2014-01-30,-0.9364779437294812
2014-01-31,-0.9360345669050599
2014-02-03,-0.946823640433576
2014-02-04,-0.9298263707455507
2014-02-05,-0.9413197951448715
2014-02-06,-0.9433785655252275
2014-02-07,-0.9441889217758442
2014-02-10,-0.9488912397108052
2014-02-11,-0.9537110447700854
2014-02-12,-0.9560692956547764
2014-02-13,-0.9544988068731888
2014-02-14,-0.9582295941929283
2014-02-18,-0.9603532907891867
2014-02-19,-0.9698009821712082
2014-02-20,-0.9514236379302589
2014-02-21,-0.9474259315954217
2014-02-24,-0.9557699281610555
2014-02-25,-0.9236217944948611
2014-02-26,-0.9306172702054485
2014-02-27,-0.9509835726524899
2014-02-28,-0.9432701752596385
2014-03-03,-0.9380242159971933
2014-03-04,-0.9510906253406627
2014-03-05,-0.9578198541854773
2014-03-06,-0.956950735090578
2014-03-07,-0.9612724923079804
2014-03-10,-0.9639880032423481
2014-03-11,-0.972256348560683
2014-03-12,-0.9694816904983415
2014-03-13,-0.970463511449997
2014-03-14,-0.9740742157185655
2014-03-17,-0.9739052361431185
2014-03-18,-0.964705265444004
2014-03-19,-0.9645294846760508
2014-03-20,-0.9751710277117498
2014-03-21,-0.9700081333607424
2014-03-24,-0.9704953815675855
2014-03-25,-0.9731239420691541
2014-03-26,-0.978014717656482
2014-03-27,-0.9762510585110044
2014-03-28,-0.9768880755163626
2014-03-31,-0.9755070128005586
2014-04-01,-0.9834021976067405
2014-04-02,-0.9748605840584559
2014-04-03,-0.9794119059685308
2014-04-04,-0.9784606410749112
2014-04-07,-0.9855638205567671
2014-04-08,-0.9890096163414585
2014-04-09,-0.9949180515782939
2014-04-10,-0.9955749609085706
2014-04-11,-0.9995575217091995
2014-04-14,-0.9747943938071864
2014-04-15,-0.9955247466231515
2014-04-16,-0.9692351305031871
2014-04-17,-0.9573102457844332
2014-04-21,-0.9797999113277519
2014-04-22,-0.9853501303667077
2014-04-23,-0.9986465428336417
2014-04-24,-0.9979639466541129
2014-04-25,-0.9954810608578761
2014-04-28,-0.995471695980543
2014-04-29,-0.996599792844898
2014-04-30,-0.9990837416984816
2014-05-01,-0.9881955427745633
2014-05-02,-0.9975323433594874
2014-05-05,-1.003527647578342
2014-05-06,-1.007671734249195
2014-05-07,-1.009824549449541
2014-05-08,-1.007913105300209
2014-05-09,-1.003597058263352
2014-05-12,-1.00627355032231
2014-05-13,-1.007713308210381
2014-05-14,-1.009866559369781
2014-05-15,-1.007954731996894
2014-05-16,-1.005549939906486
2014-05-19,-1.012098540257143
2014-05-20,-1.008553977391391
2014-05-21,-1.00639219109897
2014-05-22,-1.004212044050619
2014-05-23,-1.002256217275707
2014-05-27,-1.002491750548661
2014-05-28,-1.009123032516966
2014-05-29,-1.005296684074444
2014-05-30,-1.005772430604187
2014-06-02,-0.9975625845861589
2014-06-03,-0.9983013935491902
2014-06-04,-0.994814555867389
2014-06-05,-0.9840185369504296
2014-06-06,-0.9869073896651605
2014-06-09,-0.9999999999999999
2014-06-10,
2014-06-11,
2014-06-12,
2014-06-13,
2014-06-16,
2014-06-17,
2014-06-18,
2014-06-19,
2014-06-20,
2014-06-23,
2014-06-24,
2014-06-25,
2014-06-26,
2014-06-27,
2014-06-30,
2014-07-01,
2014-07-02,
2014-07-03,
2014-07-07,
2014-07-08,
2014-07-09,
2014-07-10,
2014-07-11,
2014-07-14,
2014-07-15,
2014-07-16,
2014-07-17,
2014-07-18,
2014-07-21,
2014-07-22,
2014-07-23,
2014-07-24,
2014-07-25,
2014-07-28,
2014-07-29,
2014-07-30,
2014-07-31,
2014-08-01,
2014-08-04,
2014-08-05,
2014-08-06,
2014-08-07,
2014-08-08,
2014-08-11,
2014-08-12,
2014-08-13,
2014-08-14,
2014-08-15,
2014-08-18,
2014-08-19,
2014-08-20,
2014-08-21,
2014-08-22,
2014-08-25,
2014-08-26,
2014-08-27,
2014-08-28,
2014-08-29,
2014-09-02,
2014-09-03,
2014-09-04,
2014-09-05,
2014-09-08,
2014-09-09,
2014-09-10,
2014-09-11,
2014-09-12,
2014-09-15,
2014-09-16,
2014-09-17,
2014-09-18,
2014-09-19,
2014-09-22,
2014-09-23,
2014-09-24,
2014-09-25,
2014-09-26,
2014-09-29,
2014-09-30,
2014-10-01,
2014-10-02,
2014-10-03,
2014-10-06,
2014-10-07,
2014-10-08,
2014-10-09,
2014-10-10,
2014-10-13,
2014-10-14,
2014-10-15,
2014-10-16,
2014-10-17,
2014-10-20,
2014-10-21,
2014-10-22,
2014-10-23,
2014-10-24,
2014-10-27,
2014-10-28,
2014-10-29,
2014-10-30,
2014-10-31,
2014-11-03,
2014-11-04,
2014-11-05,
2014-11-06,
2014-11-07,
2014-11-10,
2014-11-11,
2014-11-12,
2014-11-13,
2014-11-14,
2014-11-17,
2014-11-18,
2014-11-19,
2014-11-20,
2014-11-21,
2014-11-24,
2014-11-25,
2014-11-26,
2014-11-28,
2014-12-01,
2014-12-02,
2014-12-03,
2014-12-04,
2014-12-05,
2014-12-08,
2014-12-09,
2014-12-10,
2014-12-11,
2014-12-12,
2014-12-15,
2014-12-16,
2014-12-17,
2014-12-18,
2014-12-19,
2014-12-22,
2014-12-23,
2014-12-24,
2014-12-26,
2014-12-29,
2014-12-30,
2014-12-31,
2015-01-02,
2015-01-05,
2015-01-06,
2015-01-07,
2015-01-08,
2015-01-09,
2015-01-12,
2015-01-13,
2015-01-14,
2015-01-15,
2015-01-16,
2015-01-20,
2015-01-21,
2015-01-22,
2015-01-23,
2015-01-26,
2015-01-27,
2015-01-28,
2015-01-29,
2015-01-30,
2015-02-02,
2015-02-03,
2015-02-04,
2015-02-05,
2015-02-06,
2015-02-09,
2015-02-10,
2015-02-11,
2015-02-12,
2015-02-13,
2015-02-17,
2015-02-18,
2015-02-19,
2015-02-20,
2015-02-23,
2015-02-24,
2015-02-25,
2015-02-26,
2015-02-27,
2015-03-02,
2015-03-03,
2015-03-04,
2015-03-05,
2015-03-06,
2015-03-09,
2015-03-10,
2015-03-11,
2015-03-12,
2015-03-13,
2015-03-16,
2015-03-17,
2015-03-18,
2015-03-19,
2015-03-20,
2015-03-23,
2015-03-24,
2015-03-25,
2015-03-26,
2015-03-27,
2015-03-30,
2015-03-31,
2015-04-01,
2015-04-02,
2015-04-06,
2015-04-07,
2015-04-08,
2015-04-09,
2015-04-10,
2015-04-13,
2015-04-14,
2015-04-15,
2015-04-16,
2015-04-17,
2015-04-20,
2015-04-21,
2015-04-22,
2015-04-23,
2015-04-24,
2015-04-27,
2015-04-28,
2015-04-29,
2015-04-30,
2015-05-01,
2015-05-04,
2015-05-05,
2015-05-06,
2015-05-07,
2015-05-08,
2015-05-11,
2015-05-12,
2015-05-13,
2015-05-14,
2015-05-15,
2015-05-18,
2015-05-19,
2015-05-20,
2015-05-21,
2015-05-22,
2015-05-26,
2015-05-27,
2015-05-28,
2015-05-29,
2015-06-01,
2015-06-02,
2015-06-03,
2015-06-04,
2015-06-05,
2015-06-08,
2015-06-09,
2015-06-10,
2015-06-11,
2015-06-12,
2015-06-15,
2015-06-16,
2015-06-17,
2015-06-18,
2015-06-19,
2015-06-22,
2015-06-23,
2015-06-24,
2015-06-25,
2015-06-26,
2015-06-29,
2015-06-30,
2015-07-01,
2015-07-02,
2015-07-06,
2015-07-07,
2015-07-08,
2015-07-09,
2015-07-10,
2015-07-13,
2015-07-14,
2015-07-15,
2015-07-16,
2015-07-17,
2015-07-20,
2015-07-21,
2015-07-22,
2015-07-23,
2015-07-24,
2015-07-27,
2015-07-28,
2015-07-29,
2015-07-30,
2015-07-31,
2015-08-03,
2015-08-04,
2015-08-05,
2015-08-06,
2015-08-07,
2015-08-10,
2015-08-11,
2015-08-12,
2015-08-13,
2015-08-14,
2015-08-17,
2015-08-18,
2015-08-19,
2015-08-20,
2015-08-21,
2015-08-24,
2015-08-25,
2015-08-26,
2015-08-27,
2015-08-28,
2015-08-31,
2015-09-01,
2015-09-02,
2015-09-03,
2015-09-04,
2015-09-08,
2015-09-09,
2015-09-10,
2015-09-11,
2015-09-14,
2015-09-15,
2015-09-16,
2015-09-17,
2015-09-18,
2015-09-21,
2015-09-22,
2015-09-23,
2015-09-24,
2015-09-25,
2015-09-28,
2015-09-29,
2015-09-30,
2015-10-01,
2015-10-02,
2015-10-05,
2015-10-06,
2015-10-07,
2015-10-08,
2015-10-09,
2015-10-12,
2015-10-13,
2015-10-14,
2015-10-15,
2015-10-16,
2015-10-19,
2015-10-20,
2015-10-21,
2015-10-22,
2015-10-23,
2015-10-26,
2015-10-27,
2015-10-28,
2015-10-29,
2015-10-30,
2015-11-02,
2015-11-03,
2015-11-04,
2015-11-05,
2015-11-06,
2015-11-09,
2015-11-10,
2015-11-11,
2015-11-12,
2015-11-13,
2015-11-16,
2015-11-17,
2015-11-18,
2015-11-19,
2015-11-20,
2015-11-23,
2015-11-24,
2015-11-25,
2015-11-27,
2015-11-30,
2015-12-01,
2015-12-02,
2015-12-03,
2015-12-04,
2015-12-07,
2015-12-08,
2015-12-09,
2015-12-10,
2015-12-11,
2015-12-14,
2015-12-15,
2015-12-16,
2015-12-17,
2015-12-18,
2015-12-21,
2015-12-22,
2015-12-23,
2015-12-24,
2015-12-28,
2015-12-29,
2015-12-30,
2015-12-31,
2016-01-04,
2016-01-05,
2016-01-06,
2016-01-07,
2016-01-08,
2016-01-11,
2016-01-12,
2016-01-13,
2016-01-14,
2016-01-15,
2016-01-19,
2016-01-20,
2016-01-21,
2016-01-22,
2016-01-25,
2016-01-26,
2016-01-27,
2016-01-28,
2016-01-29,
2016-02-01,
2016-02-02,
2016-02-03,
2016-02-04,
2016-02-05,
2016-02-08,
2016-02-09,
2016-02-10,
2016-02-11,
2016-02-12,
2016-02-16,
2016-02-17,
2016-02-18,
2016-02-19,
2016-02-22,
2016-02-23,
2016-02-24,
2016-02-25,
2016-02-26,
2016-02-29,
2016-03-01,
2016-03-02,
2016-03-03,
2016-03-04,
2016-03-07,
2016-03-08,
2016-03-09,
2016-03-10,
2016-03-11,
2016-03-14,
2016-03-15,
2016-03-16,
2016-03-17,
2016-03-18,
2016-03-21,
2016-03-22,
2016-03-23,
2016-03-24,
2016-03-28,
2016-03-29,
2016-03-30,
2016-03-31,
2016-04-01,
2016-04-04,
2016-04-05,
2016-04-06,
2016-04-07,
2016-04-08,
2016-04-11,
2016-04-12,
2016-04-13,
2016-04-14,
2016-04-15,
2016-04-18,
2016-04-19,
2016-04-20,
2016-04-21,
2016-04-22,
2016-04-25,
2016-04-26,
2016-04-27,
2016-04-28,
2016-04-29,
2016-05-02,
2016-05-03,
2016-05-04,
2016-05-05,
2016-05-06,
2016-05-09,
2016-05-10,
2016-05-11,
2016-05-12,
2016-05-13,
2016-05-16,
2016-05-17,
2016-05-18,
2016-05-19,
2016-05-20,
2016-05-23,
2016-05-24,
2016-05-25,
2016-05-26,
2016-05-27,
2016-05-31,
2016-06-01,
2016-06-02,
2016-06-03,
2016-06-06,
2016-06-07,
2016-06-08,
2016-06-09,
2016-06-10,
2016-06-13,
2016-06-14,
2016-06-15,
2016-06-16,
2016-06-17,
2016-06-20,
2016-06-21,
2016-06-22,
2016-06-23,
2016-06-24,
2016-06-27,
2016-06-28,
2016-06-29,
2016-06-30,
2016-07-01,
2016-07-05,
2016-07-06,
2016-07-07,
2016-07-08,
2016-07-11,
2016-07-12,
2016-07-13,
2016-07-14,
2016-07-15,
2016-07-18,
2016-07-19,
2016-07-20,
2016-07-21,
2016-07-22,
2016-07-25,
2016-07-26,
2016-07-27,
2016-07-28,
2016-07-29,
2016-08-01,
2016-08-02,
2016-08-03,
2016-08-04,
2016-08-05,
2016-08-08,
2016-08-09,
2016-08-10,
2016-08-11,
2016-08-12,
2016-08-15,
2016-08-16,
2016-08-17,
2016-08-18,
2016-08-19,
2016-08-22,
2016-08-23,
2016-08-24,
2016-08-25,
2016-08-26,
2016-08-29,
2016-08-30,
2016-08-31,
2016-09-01,
2016-09-02,
2016-09-06,
2016-09-07,
2016-09-08,
2016-09-09,
2016-09-12,
2016-09-13,
2016-09-14,
2016-09-15,
2016-09-16,
2016-09-19,
2016-09-20,
2016-09-21,
2016-09-22,
2016-09-23,
2016-09-26,
2016-09-27,
2016-09-28,
2016-09-29,
2016-09-30,
2016-10-03,
2016-10-04,
2016-10-05,
2016-10-06,
2016-10-07,
2016-10-10,
2016-10-11,
2016-10-12,
2016-10-13,
2016-10-14,
2016-10-17,
2016-10-18,
2016-10-19,
2016-10-20,
2016-10-21,
2016-10-24,
2016-10-25,
2016-10-26,
2016-10-27,
2016-10-28,
2016-10-31,
2016-11-01,
2016-11-02,
2016-11-03,
2016-11-04,
2016-11-07,
2016-11-08,
2016-11-09,
2016-11-10,
2016-11-11,
2016-11-14,
2016-11-15,
2016-11-16,
2016-11-17,
2016-11-18,
2016-11-21,
2016-11-22,
2016-11-23,
2016-11-25,
2016-11-28,
2016-11-29,
2016-11-30,
2016-12-01,
2016-12-02,
2016-12-05,
2016-12-06,
2016-12-07,
2016-12-08,
2016-12-09,
2016-12-12,
2016-12-13,
2016-12-14,
2016-12-15,
2016-12-16,
2016-12-19,
2016-12-20,
2016-12-21,
2016-12-22,
2016-12-23,
2016-12-27,
2016-12-28,
2016-12-29,
2016-12-30,
2017-01-03,
2017-01-04,
2017-01-05,
2017-01-06,
2017-01-09,
2017-01-10,
2017-01-11,
2017-01-12,
2017-01-13,
2017-01-17,
2017-01-18,
2017-01-19,
2017-01-20,
2017-01-23,
2017-01-24,
2017-01-25,
2017-01-26,
2017-01-27,
2017-01-30,
2017-01-31,
2017-02-01,
2017-02-02,
2017-02-03,
2017-02-06,
2017-02-07,
2017-02-08,
2017-02-09,
2017-02-10,
2017-02-13,
2017-02-14,
2017-02-15,
2017-02-16,
2017-02-17,
2017-02-21,
2017-02-22,
2017-02-23,
2017-02-24,
2017-02-27,
2017-02-28,
2017-03-01,
2017-03-02,
2017-03-03,
2017-03-06,
2017-03-07,
2017-03-08,
2017-03-09,
2017-03-10,
2017-03-13,
2017-03-14,
2017-03-15,
2017-03-16,
2017-03-17,
2017-03-20,
2017-03-21,
2017-03-22,
2017-03-23,
2017-03-24,
2017-03-27,
2017-03-28,
2017-03-29,
2017-03-30,
2017-03-31,
2017-04-03,
2017-04-04,
2017-04-05,
2017-04-06,
2017-04-07,
2017-04-10,
2017-04-11,
2017-04-12,
2017-04-13,
2017-04-17,
2017-04-18,
2017-04-19,
2017-04-20,
2017-04-21,
2017-04-24,
2017-04-25,
2017-04-26,
2017-04-27,
2017-04-28,
2017-05-01,
2017-05-02,
2017-05-03,
2017-05-04,
2017-05-05,
2017-05-08,
2017-05-09,
2017-05-10,
2017-05-11,
2017-05-12,
2017-05-15,
2017-05-16,
2017-05-17,
2017-05-18,
2017-05-19,
2017-05-22,
2017-05-23,
2017-05-24,
2017-05-25,
2017-05-26,
2017-05-30,
2017-05-31,
2017-06-01,
2017-06-02,
2017-06-05,
2017-06-06,
2017-06-07,
2017-06-08,
2017-06-09,
2017-06-12,
2017-06-13,
2017-06-14,
2017-06-15,
2017-06-16,
2017-06-19,
2017-06-20,
2017-06-21,
2017-06-22,
2017-06-23,
2017-06-26,
2017-06-27,
2017-06-28,
2017-06-29,
2017-06-30,
2017-07-03,
2017-07-05,
2017-07-06,
2017-07-07,
2017-07-10,
2017-07-11,
2017-07-12,
2017-07-13,
2017-07-14,
2017-07-17,
2017-07-18,
2017-07-19,
2017-07-20,
2017-07-21,
2017-07-24,
2017-07-25,
2017-07-26,
2017-07-27,
2017-07-28,
2017-07-31,
2017-08-01,
2017-08-02,
2017-08-03,
2017-08-04,
2017-08-07,
2017-08-08,
2017-08-09,
2017-08-10,
2017-08-11,
2017-08-14,
2017-08-15,
2017-08-16,
2017-08-17,
2017-08-18,
2017-08-21,
2017-08-22,
2017-08-23,
2017-08-24,
2017-08-25,
2017-08-28,
2017-08-29,
2017-08-30,
2017-08-31,
2017-09-01,
2017-09-05,
2017-09-06,
2017-09-07,
2017-09-08,
2017-09-11,
2017-09-12,
2017-09-13,
2017-09-14,
2017-09-15,
2017-09-18,
2017-09-19,
2017-09-20,
2017-09-21,
2017-09-22,
2017-09-25,
2017-09-26,
2017-09-27,
2017-09-28,
2017-09-29,
2017-10-02,
2017-10-03,
2017-10-04,
2017-10-05,
2017-10-06,
2017-10-09,
2017-10-10,
2017-10-11,
2017-10-12,
2017-10-13,
2017-10-16,
2017-10-17,
2017-10-18,
2017-10-19,
2017-10-20,
2017-10-23,
2017-10-24,
2017-10-25,
2017-10-26,
2017-10-27,
2017-10-30,
2017-10-31,
2017-11-01,
2017-11-02,
2017-11-03,
2017-11-06,
2017-11-07,
2017-11-08,
2017-11-09,
2017-11-10,
2017-11-13,
2017-11-14,
2017-11-15,
2017-11-16,
2017-11-17,
2017-11-20,
2017-11-21,
2017-11-22,
2017-11-24,
2017-11-27,
2017-11-28,
2017-11-29,
2017-11-30,
2017-12-01,
2017-12-04,
2017-12-05,
2017-12-06,
2017-12-07,
2017-12-08,
2017-12-11,
2017-12-12,
2017-12-13,
2017-12-14,
2017-12-15,
2017-12-18,
2017-12-19,
2017-12-20,
2017-12-21,
2017-12-22,
2017-12-26,
2017-12-27,
2017-12-28,
2017-12-29,
2018-01-02,
2018-01-03,
2018-01-04,
2018-01-05,
2018-01-08,
2018-01-09,
2018-01-10,
2018-01-11,
2018-01-12,
2018-01-16,
2018-01-17,
2018-01-18,
2018-01-19,
2018-01-22,
2018-01-23,
2018-01-24,
2018-01-25,
2018-01-26,
2018-01-29,
2018-01-30,
2018-01-31,
2018-02-01,
2018-02-02,
2018-02-05,
2018-02-06,
2018-02-07,
2018-02-08,
2018-02-09,
2018-02-12,
2018-02-13,
2018-02-14,
2018-02-15,
2018-02-16,
2018-02-20,
2018-02-21,
2018-02-22,
2018-02-23,
2018-02-26,
2018-02-27,
2018-02-28,
2018-03-01,
2018-03-02,
2018-03-05,
2018-03-06,
2018-03-07,
2018-03-08,
2018-03-09,
2018-03-12,
2018-03-13,
2018-03-14,
2018-03-15,
2018-03-16,
2018-03-19,
2018-03-20,
2018-03-21,
2018-03-22,
2018-03-23,
2018-03-26,
2018-03-27,
2018-03-28,
2018-03-29,
2018-04-02,
2018-04-03,
2018-04-04,
2018-04-05,
2018-04-06,
2018-04-09,
2018-04-10,
2018-04-11,
2018-04-12,
2018-04-13,
2018-04-16,
2018-04-17,
2018-04-18,
2018-04-19,
2018-04-20,
2018-04-23,
2018-04-24,
2018-04-25,
2018-04-26,
2018-04-27,
2018-04-30,
2018-05-01,
2018-05-02,
2018-05-03,
2018-05-04,
2018-05-07,
2018-05-08,
2018-05-09,
2018-05-10,
2018-05-11,
2018-05-14,
2018-05-15,
2018-05-16,
2018-05-17,
2018-05-18,
2018-05-21,
2018-05-22,
2018-05-23,
2018-05-24,
2018-05-25,
2018-05-29,
2018-05-30,
2018-05-31,
2018-06-01,
2018-06-04,
2018-06-05,
2018-06-06,
2018-06-07,
2018-06-08,
2018-06-11,
2018-06-12,
2018-06-13,
2018-06-14,
2018-06-15,
2018-06-18,
2018-06-19,
2018-06-20,
2018-06-21,
2018-06-22,
2018-06-25,
2018-06-26,
2018-06-27,
2018-06-28,
2018-06-29,
2018-07-02,
2018-07-03,
2018-07-05,
2018-07-06,
2018-07-09,
2018-07-10,
2018-07-11,
2018-07-12,
2018-07-13,
2018-07-16,
2018-07-17,
2018-07-18,
2018-07-19,
2018-07-20,
2018-07-23,
2018-07-24,
2018-07-25,
2018-07-26,
2018-07-27,
2018-07-30,
2018-07-31,
2018-08-01,
2018-08-02,
2018-08-03,
2018-08-06,
2018-08-07,
2018-08-08,
2018-08-09,
2018-08-10,
2018-08-13,
2018-08-14,
2018-08-15,
2018-08-16,
2018-08-17,
2018-08-20,
2018-08-21,
2018-08-22,
2018-08-23,
2018-08-24,
2018-08-27,
2018-08-28,
2018-08-29,
2018-08-30,
2018-08-31,
2018-09-04,
2018-09-05,
2018-09-06,
2018-09-07,
2018-09-10,
2018-09-11,
2018-09-12,
2018-09-13,
2018-09-14,
2018-09-17,
2018-09-18,
2018-09-19,
2018-09-20,
2018-09-21,
2018-09-24,
2018-09-25,
2018-09-26,
2018-09-27,
2018-09-28,
2018-10-01,
2018-10-02,
2018-10-03,
2018-10-04,
2018-10-05,
2018-10-08,
2018-10-09,
2018-10-10,
2018-10-11,
2018-10-12,
2018-10-15,
2018-10-16,
2018-10-17,
2018-10-18,
2018-10-19,
2018-10-22,
2018-10-23,
2018-10-24,
2018-10-25,
2018-10-26,
2018-10-29,
2018-10-30,
2018-10-31,
2018-11-01,
2018-11-02,
2018-11-05,
2018-11-06,
2018-11-07,
2018-11-08,
2018-11-09,
2018-11-12,
2018-11-13,
2018-11-14,
2018-11-15,
2018-11-16,
2018-11-19,
2018-11-20,
2018-11-21,
2018-11-23,
2018-11-26,
2018-11-27,
2018-11-28,
2018-11-29,
2018-11-30,
2018-12-03,
2018-12-04,
2018-12-06,
2018-12-07,
2018-12-10,
2018-12-11,
2018-12-12,
2018-12-13,
2018-12-14,
2018-12-17,
2018-12-18,
2018-12-19,
2018-12-20,
2018-12-21,
2018-12-24,
2018-12-26,
2018-12-27,
2018-12-28,
2018-12-31,
2019-01-02,
2019-01-03,
2019-01-04,
2019-01-07,
2019-01-08,
2019-01-09,
2019-01-10,
2019-01-11,
2019-01-14,
2019-01-15,
2019-01-16,
2019-01-17,
2019-01-18,
2019-01-22,
2019-01-23,
2019-01-24,
2019-01-25,
2019-01-28,
2019-01-29,
2019-01-30,
2019-01-31,
2019-02-01,
2019-02-04,
2019-02-05,
2019-02-06,
2019-02-07,
2019-02-08,
2019-02-11,
2019-02-12,
2019-02-13,
2019-02-14,
2019-02-15,
2019-02-19,
2019-02-20,
2019-02-21,
2019-02-22,
2019-02-25,
2019-02-26,
2019-02-27,
2019-02-28,
2019-03-01,
2019-03-04,
2019-03-05,
2019-03-06,
2019-03-07,
2019-03-08,
2019-03-11,
2019-03-12,
2019-03-13,
2019-03-14,
2019-03-15,
2019-03-18,
2019-03-19,
2019-03-20,
2019-03-21,
2019-03-22,
2019-03-25,
2019-03-26,
2019-03-27,
2019-03-28,
2019-03-29,
2019-04-01,
2019-04-02,
2019-04-03,
2019-04-04,
2019-04-05,
2019-04-08,
2019-04-09,
2019-04-10,
2019-04-11,
2019-04-12,
2019-04-15,
2019-04-16,
2019-04-17,
2019-04-18,
2019-04-22,
2019-04-23,
2019-04-24,
2019-04-25,
2019-04-26,
2019-04-29,
2019-04-30,
2019-05-01,
2019-05-02,
2019-05-03,
2019-05-06,
2019-05-07,
2019-05-08,
2019-05-09,
2019-05-10,
2019-05-13,
2019-05-14,
2019-05-15,
2019-05-16,
2019-05-17,
2019-05-20,
2019-05-21,
2019-05-22,
2019-05-23,
2019-05-24,
2019-05-28,
2019-05-29,
2019-05-30,
2019-05-31,
2019-06-03,
2019-06-04,
2019-06-05,
2019-06-06,
2019-06-07,
2019-06-10,
2019-06-11,
2019-06-12,
2019-06-13,
2019-06-14,
2019-06-17,
2019-06-18,
2019-06-19,
2019-06-20,
2019-06-21,
2019-06-24,
2019-06-25,
2019-06-26,
2019-06-27,
2019-06-28,
2019-07-01,
2019-07-02,
2019-07-03,
2019-07-05,
2019-07-08,
2019-07-09,
2019-07-10,
2019-07-11,
2019-07-12,
2019-07-15,
2019-07-16,
2019-07-17,
2019-07-18,
2019-07-19,
2019-07-22,
2019-07-23,
2019-07-24,
2019-07-25,
2019-07-26,
2019-07-29,
2019-07-30,
2019-07-31,
2019-08-01,
2019-08-02,
2019-08-05,
2019-08-06,
2019-08-07,
2019-08-08,
2019-08-09,
2019-08-12,
2019-08-13,
2019-08-14,
2019-08-15,
2019-08-16,
2019-08-19,
2019-08-20,
2019-08-21,
2019-08-22,
2019-08-23,
2019-08-26,
2019-08-27,
2019-08-28,
2019-08-29,
2019-08-30,
2019-09-03,
2019-09-04,
2019-09-05,
2019-09-06,
2019-09-09,
2019-09-10,
2019-09-11,
2019-09-12,
2019-09-13,
2019-09-16,
2019-09-17,
2019-09-18,
2019-09-19,
2019-09-20,
2019-09-23,
2019-09-24,
2019-09-25,
2019-09-26,
2019-09-27,
2019-09-30,
2019-10-01,
2019-10-02,
2019-10-03,
2019-10-04,
2019-10-07,
2019-10-08,
2019-10-09,
2019-10-10,
2019-10-11,
2019-10-14,
2019-10-15,
2019-10-16,
2019-10-17,
2019-10-18,
2019-10-21,
2019-10-22,
2019-10-23,
2019-10-24,
2019-10-25,
2019-10-28,
2019-10-29,
2019-10-30,
2019-10-31,
2019-11-01,
2019-11-04,
2019-11-05,
2019-11-06,
2019-11-07,
2019-11-08,
2019-11-11,
2019-11-12,
2019-11-13,
2019-11-14,
2019-11-15,
2019-11-18,
2019-11-19,
2019-11-20,
2019-11-21,
2019-11-22,
2019-11-25,
2019-11-26,
2019-11-27,
2019-11-29,
2019-12-02,
2019-12-03,
2019-12-04,
2019-12-05,
2019-12-06,
2019-12-09,
2019-12-10,
2019-12-11,
2019-12-12,
2019-12-13,
2019-12-16,
2019-12-17,
2019-12-18,
2019-12-19,
2019-12-20,
2019-12-23,
2019-12-24,
2019-12-26,
2019-12-27,
2019-12-30,
2019-12-31,
2020-01-02,
2020-01-03,
2020-01-06,
2020-01-07,
2020-01-08,
2020-01-09,
2020-01-10,
2020-01-13,
2020-01-14,
2020-01-15,
2020-01-16,
2020-01-17,
2020-01-21,
2020-01-22,
2020-01-23,
2020-01-24,
2020-01-27,
2020-01-28,
2020-01-29,
2020-01-30,
2020-01-31,
2020-02-03,
2020-02-04,
2020-02-05,
2020-02-06,
2020-02-07,
2020-02-10,
2020-02-11,
2020-02-12,
2020-02-13,
2020-02-14,
2020-02-18,
2020-02-19,
2020-02-20,
2020-02-21,
2020-02-24,
2020-02-25,
2020-02-26,
2020-02-27,
2020-02-28,
2020-03-02,
2020-03-03,
2020-03-04,
2020-03-05,
2020-03-06,
2020-03-09,
2020-03-10,
2020-03-11,
2020-03-12,
2020-03-13,
2020-03-16,
2020-03-17,
2020-03-18,
2020-03-19,
2020-03-20,
2020-03-23,
2020-03-24,
2020-03-25,
2020-03-26,
2020-03-27,
2020-03-30,
2020-03-31,
2020-04-01,
2020-04-02,
2020-04-03,
2020-04-06,
2020-04-07,
2020-04-08,
2020-04-09,
2020-04-13,
2020-04-14,
2020-04-15,
2020-04-16,
2020-04-17,
2020-04-20,
2020-04-21,
2020-04-22,
2020-04-23,
2020-04-24,
2020-04-27,
2020-04-28,
2020-04-29,
2020-04-30,
2020-05-01,
2020-05-04,
2020-05-05,
2020-05-06,
2020-05-07,
2020-05-08,
2020-05-11,
2020-05-12,
2020-05-13,
2020-05-14,
2020-05-15,
2020-05-18,
2020-05-19,
2020-05-20,
2020-05-21,
2020-05-22,
2020-05-26,
2020-05-27,
2020-05-28,
2020-05-29,
2020-06-01,
2020-06-02,
2020-06-03,
2020-06-04,
2020-06-05,
2020-06-08,
2020-06-09,
2020-06-10,
2020-06-11,
2020-06-12,
2020-06-15,
2020-06-16,
2020-06-17,
2020-06-18,
2020-06-19,
2020-06-22,
2020-06-23,
2020-06-24,
2020-06-25,
2020-06-26,
2020-06-29,
2020-06-30,
2020-07-01,
2020-07-02,
2020-07-06,
2020-07-07,
2020-07-08,
2020-07-09,
2020-07-10,
2020-07-13,
2020-07-14,
2020-07-15,
2020-07-16,
2020-07-17,
2020-07-20,
2020-07-21,
2020-07-22,
2020-07-23,
2020-07-24,
2020-07-27,
2020-07-28,
2020-07-29,
2020-07-30,
2020-07-31,
2020-08-03,
2020-08-04,
2020-08-05,
2020-08-06,
2020-08-07,
2020-08-10,
2020-08-11,
2020-08-12,
2020-08-13,
2020-08-14,
2020-08-17,
2020-08-18,
2020-08-19,
2020-08-20,
2020-08-21,
2020-08-24,
2020-08-25,
2020-08-26,
2020-08-27,
2020-08-28,
2020-08-31,
2020-09-01,
2020-09-02,
2020-09-03,
2020-09-04,
2020-09-08,
2020-09-09,
2020-09-10,
2020-09-11,
2020-09-14,
2020-09-15,
2020-09-16,
2020-09-17,
2020-09-18,
2020-09-21,
2020-09-22,
2020-09-23,
2020-09-24,
2020-09-25,
2020-09-28,
2020-09-29,
2020-09-30,
2020-10-01,
2020-10-02,
2020-10-05,
2020-10-06,
2020-10-07,
2020-10-08,
2020-10-09,
2020-10-12,
2020-10-13,
2020-10-14,
2020-10-15,
2020-10-16,
2020-10-19,
2020-10-20,
2020-10-21,
2020-10-22,
2020-10-23,
2020-10-26,
2020-10-27,
2020-10-28,
2020-10-29,
2020-10-30,
2020-11-02,
2020-11-03,
2020-11-04,
2020-11-05,
2020-11-06,
2020-11-09,
2020-11-10,
2020-11-11,
2020-11-12,
2020-11-13,
2020-11-16,
2020-11-17,
2020-11-18,
2020-11-19,
2020-11-20,
2020-11-23,
2020-11-24,
2020-11-25,
2020-11-27,
2020-11-30,
2020-12-01,
2020-12-02,
2020-12-03,
2020-12-04,
2020-12-07,
2020-12-08,
2020-12-09,
2020-12-10,
2020-12-11,
2020-12-14,
2020-12-15,
2020-12-16,
2020-12-17,
2020-12-18,
2020-12-21,
2020-12-22,
2020-12-23,
2020-12-24,
2020-12-28,
2020-12-29,
2020-12-30,
2020-12-31,
2021-01-04,
2021-01-05,
2021-01-06,
2021-01-07,
2021-01-08,
2021-01-11,
2021-01-12,
2021-01-13,
2021-01-14,
2021-01-15,
2021-01-19,
2021-01-20,
2021-01-21,
2021-01-22,
2021-01-25,
2021-01-26,
2021-01-27,
2021-01-28,
2021-01-29,
2021-02-01,
2021-02-02,
2021-02-03,
2021-02-04,
2021-02-05,
2021-02-08,
2021-02-09,
2021-02-10,
2021-02-11,
2021-02-12,
2021-02-16,
2021-02-17,
2021-02-18,
2021-02-19,
2021-02-22,
2021-02-23,
2021-02-24,
2021-02-25,
2021-02-26,
2021-03-01,
2021-03-02,
2021-03-03,
2021-03-04,
2021-03-05,
2021-03-08,
2021-03-09,
2021-03-10,
2021-03-11,
2021-03-12,
2021-03-15,
2021-03-16,
2021-03-17,
2021-03-18,
2021-03-19,
2021-03-22,
2021-03-23,
2021-03-24,
2021-03-25,
2021-03-26,
2021-03-29,
2021-03-30,
2021-03-31,
2021-04-01,
2021-04-05,
2021-04-06,
2021-04-07,
2021-04-08,
2021-04-09,
2021-04-12,
2021-04-13,
2021-04-14,
2021-04-15,
2021-04-16,
2021-04-19,
2021-04-20,
2021-04-21,
2021-04-22,
2021-04-23,
2021-04-26,
2021-04-27,
2021-04-28,
2021-04-29,
2021-04-30,
2021-05-03,
2021-05-04,
2021-05-05,
2021-05-06,
2021-05-07,
2021-05-10,
2021-05-11,
2021-05-12,
2021-05-13,
2021-05-14,
2021-05-17,
2021-05-18,
2021-05-19,
2021-05-20,
2021-05-21,
2021-05-24,
2021-05-25,
2021-05-26,
2021-05-27,
2021-05-28,
2021-06-01,
2021-06-02,
2021-06-03,
2021-06-04,
2021-06-07,
2021-06-08,
2021-06-09,
2021-06-10,
2021-06-11,
2021-06-14,
2021-06-15,
2021-06-16,
2021-06-17,
2021-06-18,
2021-06-21,
2021-06-22,
2021-06-23,
2021-06-24,
2021-06-25,
2021-06-28,
2021-06-29,
2021-06-30,
2021-07-01,
2021-07-02,
2021-07-06,
2021-07-07,
2021-07-08,
2021-07-09,
2021-07-12,
2021-07-13,
2021-07-14,
2021-07-15,
2021-07-16,
2021-07-19,
2021-07-20,
2021-07-21,
2021-07-22,
2021-07-23,
2021-07-26,
2021-07-27,
2021-07-28,
2021-07-29,
2021-07-30,
2021-08-02,
2021-08-03,
2021-08-04,
2021-08-05,
2021-08-06,
2021-08-09,
2021-08-10,
2021-08-11,
2021-08-12,
2021-08-13,
2021-08-16,
2021-08-17,
2021-08-18,
2021-08-19,
2021-08-20,
2021-08-23,
2021-08-24,
2021-08-25,
2021-08-26,
2021-08-27,
2021-08-30,
2021-08-31,
2021-09-01,
2021-09-02,
2021-09-03,
2021-09-07,
2021-09-08,
2021-09-09,
2021-09-10,
2021-09-13,
2021-09-14,
2021-09-15,
2021-09-16,
2021-09-17,
2021-09-20,
2021-09-21,
2021-09-22,
2021-09-23,
2021-09-24,
2021-09-27,
2021-09-28,
2021-09-29,
2021-09-30,
2021-10-01,
2021-10-04,
2021-10-05,
2021-10-06,
2021-10-07,
2021-10-08,
2021-10-11,
2021-10-12,
2021-10-13,
2021-10-14,
2021-10-15,
2021-10-18,
2021-10-19,
2021-10-20,
2021-10-21,
2021-10-22,
2021-10-25,
2021-10-26,
2021-10-27,
2021-10-28,
2021-10-29,
2021-11-01,
2021-11-02,
2021-11-03,
2021-11-04,
2021-11-05,
2021-11-08,
2021-11-09,
2021-11-10,
2021-11-11,
2021-11-12,
2021-11-15,
2021-11-16,
2021-11-17,
2021-11-18,
2021-11-19,
2021-11-22,
2021-11-23,
2021-11-24,
2021-11-26,
2021-11-29,
2021-11-30,
2021-12-01,
2021-12-02,
2021-12-03,
2021-12-06,
2021-12-07,
2021-12-08,
2021-12-09,
2021-12-10,
2021-12-13,
2021-12-14,
2021-12-15,
2021-12-16,
2021-12-17,
2021-12-20,
2021-12-21,
2021-12-22,
2021-12-23,
2021-12-27,
2021-12-28,
2021-12-29,
2021-12-30,
2021-12-31,
2022-01-03,
2022-01-04,
2022-01-05,
2022-01-06,
2022-01-07,
2022-01-10,
2022-01-11,
2022-01-12,
2022-01-13,
2022-01-14,
2022-01-18,
2022-01-19,
2022-01-20,
2022-01-21,
2022-01-24,
2022-01-25,
2022-01-26,
2022-01-27,
2022-01-28,
2022-01-31,
2022-02-01,
2022-02-02,
2022-02-03,
2022-02-04,
2022-02-07,
2022-02-08,
2022-02-09,
2022-02-10,
2022-02-11,
2022-02-14,
2022-02-15,
2022-02-16,
2022-02-17,
2022-02-18,
2022-02-22,
2022-02-23,
2022-02-24,
2022-02-25,
2022-02-28,
2022-03-01,
2022-03-02,
2022-03-03,
2022-03-04,
2022-03-07,
2022-03-08,
2022-03-09,
2022-03-10,
2022-03-11,
2022-03-14,
2022-03-15,
2022-03-16,
2022-03-17,
2022-03-18,
2022-03-21,
2022-03-22,
2022-03-23,
2022-03-24,
2022-03-25,
2022-03-28,
2022-03-29,
2022-03-30,
2022-03-31,
2022-04-01,
2022-04-04,
2022-04-05,
2022-04-06,
2022-04-07,
2022-04-08,
2022-04-11,
2022-04-12,
2022-04-13,
2022-04-14,
2022-04-18,
2022-04-19,
2022-04-20,
2022-04-21,
2022-04-22,
2022-04-25,
2022-04-26,
2022-04-27,
2022-04-28,
2022-04-29,
2022-05-02,
2022-05-03,
2022-05-04,
2022-05-05,
2022-05-06,
2022-05-09,
2022-05-10,
2022-05-11,
2022-05-12,
2022-05-13,
2022-05-16,
2022-05-17,
2022-05-18,
2022-05-19,
2022-05-20,
2022-05-23,
2022-05-24,
2022-05-25,
2022-05-26,
2022-05-27,
2022-05-31,
2022-06-01,
2022-06-02,
2022-06-03,
2022-06-06,
2022-06-07,
2022-06-08,
2022-06-09,
2022-06-10,
2022-06-13,
2022-06-14,
2022-06-15,
2022-06-16,
2022-06-17,
2022-06-21,
2022-06-22,
2022-06-23,
2022-06-24,
2022-06-27,
2022-06-28,
2022-06-29,
2022-06-30,
2022-07-01,
2022-07-05,
2022-07-06,
2022-07-07,
2022-07-08,
2022-07-11,
2022-07-12,
2022-07-13,
2022-07-14,
2022-07-15,
2022-07-18,
2022-07-19,
2022-07-20,
2022-07-21,
2022-07-22,
2022-07-25,
2022-07-26,
2022-07-27,
2022-07-28,
2022-07-29,
2022-08-01,
2022-08-02,
2022-08-03,
2022-08-04,
2022-08-05,
2022-08-08,
2022-08-09,
2022-08-10,
2022-08-11,
2022-08-12,
2022-08-15,
2022-08-16,
2022-08-17,
2022-08-18,
2022-08-19,
2022-08-22,
2022-08-23,
2022-08-24,
2022-08-25,
2022-08-26,
2022-08-29,
2022-08-30,
2022-08-31,
2022-09-01,
2022-09-02,
2022-09-06,
2022-09-07,
2022-09-08,
2022-09-09,
2022-09-12,
2022-09-13,
2022-09-14,
2022-09-15,
2022-09-16,
2022-09-19,
2022-09-20,
2022-09-21,
2022-09-22,
2022-09-23,
2022-09-26,
2022-09-27,
2022-09-28,
2022-09-29,
2022-09-30,
2022-10-03,
2022-10-04,
2022-10-05,
2022-10-06,
2022-10-07,
2022-10-10,
2022-10-11,
2022-10-12,
2022-10-13,
2022-10-14,
2022-10-17,
2022-10-18,
2022-10-19,
2022-10-20,
2022-10-21,
2022-10-24,
2022-10-25,
2022-10-26,
2022-10-27,
2022-10-28,
2022-10-31,
2022-11-01,
2022-11-02,
2022-11-03,
2022-11-04,
2022-11-07,
2022-11-08,
2022-11-09,
2022-11-10,
2022-11-11,
2022-11-14,
2022-11-15,
2022-11-16,
2022-11-17,
2022-11-18,
2022-11-21,
2022-11-22,
2022-11-23,
2022-11-25,
2022-11-28,
2022-11-29,
2022-11-30,
2022-12-01,
2022-12-02,
2022-12-05,
2022-12-06,
2022-12-07,
2022-12-08,
2022-12-09,
2022-12-12,
2022-12-13,
2022-12-14,
2022-12-15,
2022-12-16,
2022-12-19,
2022-12-20,
2022-12-21,
2022-12-22,
2022-12-23,
2022-12-27,
2022-12-28,
2022-12-29,
2022-12-30,
2023-01-03,
2023-01-04,
2023-01-05,
2023-01-06,
2023-01-09,
2023-01-10,
2023-01-11,
2023-01-12,
2023-01-13,
2023-01-17,
2023-01-18,
2023-01-19,
2023-01-20,
2023-01-23,
2023-01-24,
2023-01-25,
2023-01-26,
2023-01-27,
2023-01-30,
2023-01-31,
2023-02-01,
2023-02-02,
2023-02-03,
2023-02-06,
2023-02-07,
2023-02-08,
2023-02-09,
2023-02-10,
2023-02-13,
2023-02-14,
2023-02-15,
2023-02-16,
2023-02-17,
2023-02-21,
2023-02-22,
2023-02-23,
2023-02-24,
2023-02-27,
2023-02-28,
2023-03-01,
2023-03-02,
2023-03-03,
2023-03-06,
2023-03-07,
2023-03-08,
2023-03-09,
2023-03-10,
2023-03-13,
2023-03-14,
2023-03-15,
2023-03-16,
2023-03-17,
2023-03-20,
2023-03-21,
2023-03-22,
2023-03-23,
2023-03-24,
2023-03-27,
2023-03-28,
2023-03-29,
2023-03-30,
2023-03-31,
2023-04-03,
2023-04-04,
2023-04-05,
2023-04-06,
2023-04-10,
2023-04-11,
2023-04-12,
2023-04-13,
2023-04-14,
2023-04-17,
2023-04-18,
2023-04-19,
2023-04-20,
2023-04-21,
2023-04-24,
2023-04-25,
2023-04-26,
2023-04-27,
2023-04-28,
2023-05-01,
2023-05-02,
2023-05-03,
2023-05-04,
2023-05-05,
2023-05-08,
2023-05-09,
2023-05-10,
2023-05-11,
2023-05-12,
2023-05-15,
2023-05-16,
2023-05-17,
2023-05-18,
2023-05-19,
2023-05-22,
2023-05-23,
2023-05-24,
2023-05-25,
2023-05-26,
2023-05-30,
2023-05-31,
2023-06-01,
2023-06-02,
2023-06-05,
2023-06-06,
2023-06-07,
2023-06-08,
2023-06-09,
2023-06-12,
2023-06-13,
2023-06-14,
2023-06-15,
2023-06-16,
2023-06-20,
2023-06-21,
2023-06-22,
2023-06-23,
2023-06-26,
2023-06-27,
2023-06-28,
2023-06-29,
2023-06-30,
2023-07-03,
2023-07-05,
2023-07-06,
2023-07-07,
2023-07-10,
2023-07-11,
2023-07-12,
2023-07-13,
2023-07-14,
2023-07-17,
2023-07-18,
2023-07-19,
2023-07-20,
2023-07-21,
2023-07-24,
2023-07-25,
2023-07-26,
2023-07-27,
2023-07-28,
2023-07-31,
2023-08-01,
2023-08-02,
2023-08-03,
2023-08-04,
2023-08-07,
2023-08-08,
2023-08-09,
2023-08-10,
2023-08-11,
2023-08-14,
2023-08-15,
2023-08-16,
2023-08-17,
2023-08-18,
2023-08-21,
2023-08-22,
2023-08-23,
2023-08-24,
2023-08-25,
2023-08-28,
2023-08-29,
2023-08-30,
2023-08-31,
2023-09-01,
2023-09-05,
2023-09-06,
2023-09-07,
2023-09-08,
2023-09-11,
2023-09-12,
2023-09-13,
2023-09-14,
2023-09-15,
2023-09-18,
2023-09-19,
2023-09-20,
2023-09-21,
2023-09-22,
2023-09-25,
2023-09-26,
2023-09-27,
2023-09-28,
2023-09-29,
2023-10-02,
2023-10-03,
2023-10-04,
2023-10-05,
2023-10-06,
2023-10-09,
2023-10-10,
2023-10-11,
2023-10-12,
2023-10-13,
2023-10-16,
2023-10-17,
2023-10-18,
2023-10-19,
2023-10-20,
2023-10-23,
2023-10-24,
2023-10-25,
2023-10-26,
2023-10-27,
2023-10-30,
2023-10-31,
2023-11-01,
2023-11-02,
2023-11-03,
2023-11-06,
2023-11-07,
2023-11-08,
2023-11-09,
2023-11-10,
2023-11-13,
2023-11-14,
2023-11-15,
2023-11-16,
2023-11-17,
2023-11-20,
2023-11-21,
2023-11-22,
2023-11-24,
2023-11-27,
2023-11-28,
2023-11-29,
2023-11-30,
2023-12-01,
2023-12-04,
2023-12-05,
2023-12-06,
2023-12-07,
2023-12-08,
2023-12-11,
2023-12-12,
2023-12-13,
2023-12-14,
2023-12-15,
2023-12-18,
2023-12-19,
2023-12-20,
2023-12-21,
2023-12-22,
2023-12-26,
2023-12-27,
2023-12-28,
2023-12-29,
2024-01-02,
2024-01-03,
2024-01-04,
2024-01-05,
2024-01-08,
2024-01-09,
2024-01-10,
2024-01-11,
2024-01-12,
2024-01-16,
2024-01-17,
2024-01-18,
2024-01-19,
2024-01-22,
2024-01-23,
2024-01-24,
2024-01-25,
2024-01-26,
2024-01-29,
2024-01-30,
2024-01-31,
2024-02-01,
2024-02-02,
2024-02-05,
2024-02-06,
2024-02-07,
2024-02-08,
2024-02-09,
2024-02-12,
2024-02-13,
2024-02-14,
2024-02-15,
2024-02-16,
2024-02-20,
2024-02-21,
2024-02-22,
2024-02-23,
2024-02-26,
2024-02-27,
2024-02-28,
2024-02-29,
2024-03-01,
2024-03-04,
2024-03-05,
2024-03-06,
2024-03-07,
2024-03-08,
2024-03-11,
2024-03-12,
2024-03-13,
2024-03-14,
2024-03-15,
2024-03-18,
2024-03-19,
2024-03-20,
2024-03-21,
2024-03-22,
2024-03-25,
2024-03-26,
2024-03-27,
2024-03-28,
2024-04-01,
2024-04-02,
2024-04-03,
2024-04-04,
2024-04-05,
2024-04-08,
2024-04-09,
2024-04-10,
2024-04-11,
2024-04-12,
2024-04-15,
2024-04-16,
2024-04-17,
2024-04-18,
2024-04-19,
2024-04-22,
2024-04-23,
2024-04-24,
2024-04-25,
2024-04-26,
2024-04-29,
2024-04-30,
2024-05-01,
2024-05-02,
2024-05-03,
2024-05-06,
2024-05-07,
2024-05-08,
2024-05-09,
2024-05-10,
2024-05-13,
2024-05-14,
2024-05-15,
2024-05-16,
2024-05-17,
2024-05-20,
2024-05-21,
2024-05-22,
2024-05-23,
2024-05-24,
2024-05-28,
2024-05-29,
2024-05-30,
2024-05-31,
2024-06-03,
2024-06-04,
2024-06-05,
2024-06-06,
2024-06-07,
2024-06-10,
2024-06-11,
2024-06-12,
2024-06-13,
2024-06-14,
2024-06-17,
2024-06-18,
2024-06-20,
2024-06-21,
2024-06-24,
2024-06-25,
2024-06-26,
2024-06-27,
2024-06-28,
2024-07-01,
2024-07-02,
2024-07-03,
2024-07-05,
2024-07-08,
2024-07-09,
2024-07-10,
2024-07-11,
2024-07-12,
2024-07-15,
2024-07-16,
2024-07-17,
2024-07-18,
2024-07-19,
2024-07-22,
2024-07-23,
2024-07-24,
2024-07-25,
2024-07-26,
2024-07-29,
2024-07-30,
2024-07-31,
2024-08-01,
2024-08-02,
2024-08-05,
2024-08-06,
2024-08-07,
2024-08-08,
2024-08-09,
2024-08-12,
2024-08-13,
2024-08-14,
2024-08-15,
2024-08-16,
2024-08-19,
2024-08-20,
2024-08-21,
2024-08-22,
2024-08-23,
2024-08-26,
2024-08-27,
2024-08-28,
2024-08-29,
2024-08-30,
2024-09-03,
2024-09-04,
2024-09-05,
2024-09-06,
2024-09-09,
2024-09-10,
2024-09-11,
2024-09-12,
2024-09-13,
2024-09-16,
2024-09-17,
2024-09-18,
2024-09-19,
2024-09-20,
2024-09-23,
2024-09-24,
2024-09-25,
2024-09-26,
2024-09-27,
2024-09-30,
2024-10-01,
2024-10-02,
2024-10-03,
2024-10-04,
2024-10-07,
2024-10-08,
2024-10-09,
2024-10-10,
2024-10-11,
2024-10-14,
2024-10-15,
2024-10-16,
2024-10-17,
2024-10-18,
2024-10-21,
2024-10-22,
2024-10-23,
2024-10-24,
2024-10-25,
2024-10-28,
2024-10-29,
2024-10-30,
2024-10-31,
2024-11-01,
2024-11-04,
2024-11-05,
2024-11-06,
2024-11-07,
2024-11-08,
2024-11-11,
2024-11-12,
2024-11-13,
2024-11-14,
2024-11-15,
2024-11-18,
2024-11-19,
2024-11-20,
2024-11-21,
2024-11-22,
2024-11-25,
2024-11-26,
2024-11-27,
2024-11-29,
2024-12-02,
2024-12-03,
2024-12-04,
2024-12-05,
2024-12-06,
2024-12-09,
2024-12-10,
2024-12-11,
2024-12-12,
2024-12-13,
2024-12-16,
2024-12-17,
2024-12-18,
2024-12-19,
2024-12-20,
2024-12-23,
2024-12-24,
2024-12-26,
2024-12-27,
2024-12-30,
2024-12-31,
2025-01-02,
2025-01-03,
2025-01-06,
2025-01-07,
2025-01-08,
2025-01-10,
2025-01-13,
2025-01-14,
2025-01-15,
2025-01-16,
2025-01-17,
2025-01-21,
2025-01-22,
2025-01-23,
2025-01-24,
2025-01-27,
2025-01-28,
2025-01-29,
2025-01-30,
2025-01-31,
2025-02-03,
2025-02-04,
2025-02-05,
2025-02-06,
2025-02-07,
2025-02-10,
2025-02-11,
2025-02-12,
2025-02-13,
2025-02-14,
2025-02-18,
2025-02-19,
2025-02-20,
2025-02-21,
2025-02-24,
2025-02-25,
2025-02-26,
2025-02-27,
2025-02-28,
2025-03-03,
2025-03-04,
2025-03-05,
2025-03-06,
2025-03-07,
2025-03-10,
2025-03-11,
2025-03-12,
2025-03-13,
2025-03-14,
2025-03-17,
2025-03-18,
2025-03-19,
2025-03-20,
2025-03-21,
2025-03-24,
2025-03-25,
2025-03-26,
2025-03-27,
2025-03-28,
2025-03-31,
2025-04-01,
2025-04-02,
2025-04-03,
2025-04-04,
2025-04-07,
2025-04-08,
2025-04-09,
2025-04-10,
2025-04-11,
2025-04-14,
2025-04-15,
2025-04-16,
2025-04-17,
2025-04-21,
2025-04-22,
2025-04-23,
2025-04-24,
2025-04-25,
2025-04-28,
2025-04-29,
2025-04-30,
2025-05-01,
2025-05-02,
2025-05-05,
2025-05-06,
2025-05-07,
2025-05-08,
2025-05-09,
2025-05-12,
2025-05-13,
2025-05-14,
2025-05-15,
2025-05-16,
2025-05-19,
2025-05-20,
2025-05-21,
2025-05-22,
2025-05-23,
2025-05-27,
2025-05-28,
2025-05-29,
2025-05-30,
2025-06-02,
2025-06-03,
2025-06-04,
2025-06-05,
2025-06-06,
2025-06-09,
2025-06-10,
2025-06-11,
2025-06-12,
2025-06-13,
2025-06-16,
2025-06-17,
2025-06-18,
2025-06-20,
2025-06-23,
2025-06-24,
2025-06-25,
2025-06-26,
2025-06-27,
2025-06-30,
2025-07-01,
2025-07-02,
2025-07-03,
2025-07-07,
2025-07-08,
2025-07-09,
2025-07-10,
2025-07-11,
2025-07-14,
2025-07-15,
2025-07-16,
2025-07-17,
2025-07-18,
2025-07-21,
2025-07-22,
2025-07-23,
2025-07-24,
2025-07-25,
2025-07-28,
2025-07-29,
2025-07-30,
2025-07-31,
2025-08-01,
2025-08-04,
2025-08-05,
2025-08-06,
2025-08-07,
2025-08-08,
2025-08-11,
2025-08-12,
2025-08-13,
2025-08-14,
2025-08-15,
2025-08-18,
2025-08-19,
2025-08-20,
2025-08-21,
2025-08-22,
2025-08-25,
2025-08-26,
2025-08-27,
2025-08-28,
2025-08-29,
2025-09-02,
2025-09-03,
2025-09-04,
2025-09-05,
2025-09-08,
2025-09-09,
2025-09-10,
2025-09-11,
2025-09-12,
2025-09-15,
2025-09-16,
2025-09-17,
2025-09-18,
2025-09-19,
2025-09-22,
2025-09-23,
2025-09-24,
2025-09-25,
2025-09-26,
2025-09-29,
2025-09-30,
2025-10-01,
2025-10-02,
2025-10-03,
2025-10-06,
2025-10-07,
2025-10-08,
2025-10-09,
2025-10-10,
2025-10-13,
2025-10-14,
2025-10-15,
2025-10-16,
2025-10-17,
2025-10-20,
2025-10-21,
2025-10-22,
2025-10-23,
2025-10-24,
2025-10-27,
2025-10-28,
2025-10-29,
2025-10-30,
2025-10-31,
2025-11-03,
2025-11-04,
2025-11-05,
2025-11-06,
2025-11-07,
2025-11-10,
2025-11-11,
2025-11-12,
2025-11-13,
2025-11-14,
2025-11-17,
2025-11-18,
2025-11-19,
2025-11-20,
2025-11-21,
2025-11-24,
2025-11-25,
2025-11-26,
2025-11-28,
2025-12-01,
2025-12-02,
2025-12-03,
2025-12-04,
2025-12-05,
2025-12-08,
2025-12-09,
2025-12-10,
2025-12-11,
2025-12-12,
2025-12-15,
2025-12-16,
2025-12-17,
2025-12-18,
2025-12-19,
2025-12-22,
2025-12-23,
2025-12-24,
2025-12-26,
2025-12-29,
2025-12-30,
2025-12-31,
2026-01-02,
2026-01-05,
2026-01-06,
2026-01-07,
2026-01-08,
2026-01-09,
2026-01-12,
2026-01-13,
2026-01-14,
2026-01-15,
2026-01-16,
2026-01-20,
2026-01-21,
2026-01-22,
2026-01-23,
2026-01-26,
2026-01-27,
2026-01-28,
2026-01-29,
2026-01-30,
2026-02-02,
2026-02-03,
2026-02-04,
2026-02-05,
2026-02-06,
2026-02-09,
2026-02-10,
2026-02-11,
2026-02-12,
2026-02-13,
2026-02-17,
2026-02-18,
2026-02-19,
2026-02-20,
2026-02-23,
2026-02-24,
2026-02-25,
2026-02-26,
2026-02-27,
2026-03-02,
2026-03-03,
2026-03-04,
2026-03-05,
2026-03-06,
2026-03-09,
2026-03-10,
2026-03-11,
2026-03-12,
2026-03-13,
2026-03-16,
2026-03-17,
2026-03-18,
2026-03-19,
2026-03-20,
2026-03-23,
2026-03-24,
2026-03-25,
2026-03-26,
2026-03-27,
2026-03-30,
2026-03-31,
2026-04-01,
2026-04-02,
2026-04-06,
2026-04-07,
2026-04-08,
2026-04-09,
2026-04-10,
2026-04-13,
2026-04-14,
2026-04-15,
2026-04-16,
2026-04-17,
2026-04-20,
2026-04-21,
2026-04-22,
2026-04-23,
2026-04-24,
2026-04-27,
2026-04-28,
2026-04-29,
2026-04-30,
2026-05-01,
2026-05-04,
2026-05-05,
2026-05-06,
2026-05-07,
2026-05-08,
2026-05-11,
2026-05-12,
2026-05-13,
2026-05-14,
2026-05-15,
2026-05-18,
2026-05-19,
2026-05-20,
2026-05-21,
2026-05-22,
2026-05-26,
2026-05-27,
2026-05-28,
2026-05-29,
2026-06-01,
2026-06-02,
2026-06-03,
2026-06-04,
2026-06-05,
2026-06-08,
2026-06-09,
2026-06-10,
2026-06-11,
2026-06-12,
2026-06-15,
2026-06-16,
2026-06-17,
2026-06-18,
2026-06-22,
2026-06-23,
2026-06-24,
2026-06-25,
2026-06-26,
2026-06-29,
2026-06-30,
2026-07-01,
2026-07-02,
2026-07-06,
2026-07-07,
2026-07-08,
2026-07-09,
2026-07-10,
2026-07-13,
2026-07-14,
2026-07-15,
2026-07-16,
2026-07-17,
2026-07-20,
2026-07-21,
2026-07-22,
2026-07-23,
2026-07-24,
2026-07-27,
2026-07-28,
2026-07-29,
2026-07-30,
2026-07-31,
2026-08-03,
2026-08-04,
2026-08-05,
2026-08-06,
2026-08-07,
2026-08-10,
2026-08-11,
2026-08-12,
2026-08-13,
2026-08-14,
2026-08-17,
2026-08-18,
2026-08-19,
2026-08-20,
2026-08-21,
2026-08-24,
2026-08-25,
2026-08-26,
2026-08-27,
2026-08-28,
2026-08-31,
2026-09-01,
2026-09-02,
2026-09-03,
2026-09-04,
2026-09-08,
2026-09-09,
2026-09-10,
2026-09-11,
2026-09-14,
2026-09-15,
2026-09-16,
2026-09-17,
2026-09-18,
2026-09-21,
2026-09-22,
2026-09-23,
2026-09-24,
2026-09-25,
2026-09-28,
2026-09-29,
2026-09-30,
2026-10-01,
