side,entry_time,entry_px,exit_time,exit_px,gross,net,exit_reason,entry_equity,hold_sessions
short,2011-02-01 09:30,21689.6,2011-03-01 09:30,20771.2,0.04234287400413109,0.04112395143953133,next_open,1,19
short,2011-03-01 09:30,20771.2,2011-04-01 09:30,19932.8,0.04202349025992245,0.04095251103666792,next_open,1.041123951439532,23
short,2011-04-01 09:30,19932.8,2011-05-02 09:30,16038.4,0.2114122740140528,0.2105673912467166,next_open,1.082076462476199,20
short,2011-05-02 09:30,16038.4,2011-06-01 09:30,14899.2,0.09181588426284057,0.09051225756960057,next_open,1.292643853722916,21
short,2011-06-01 09:30,14899.2,2011-07-01 09:30,14499.2,0.03713370144148721,0.03573724650523444,next_open,1.383156111292516,22
short,2011-07-01 09:30,14499.2,2011-08-01 09:30,15296,-0.07797493844441375,-0.07919147368720422,next_open,1.41889335779775,20
short,2011-08-01 09:30,15296,2011-09-01 09:30,26796.8,-1.007298864329142,-1.009305587913744,next_open,1.339701884110546,23
short,2011-09-01 09:30,26796.8,2011-10-03 09:30,37382.39999999999,-0.1305171898518055,-0.1318458777600225,next_open,0.3303962961968017,21
short,2011-10-03 09:30,37382.39999999999,2011-11-01 09:30,31596.8,0.03072925496778766,0.0304620182979103,next_open,0.1985504184367785,21
short,2011-11-01 09:30,31596.8,2011-12-01 09:30,28627.2,0.02152355086994036,0.02130541568677193,next_open,0.2290124367346888,21
short,2011-12-01 09:30,28627.2,2012-01-03 09:30,23094.4,0.04837911545234803,0.04816657421624602,next_open,0.2503178524214607,21
short,2012-01-03 09:30,23094.4,2012-02-01 09:30,17897.6,0.06716623373418806,0.0669103214329089,next_open,0.2984844266377065,20
short,2012-02-01 09:30,17897.6,2012-03-01 09:30,16582.4,0.02685092820615468,0.02650171045143455,next_open,0.3653947480706156,20
short,2012-03-01 09:30,16582.4,2012-04-02 09:30,11520,0.1196411033156857,0.1193225057533345,next_open,0.3918964585220502,22
short,2012-04-02 09:30,11520,2012-05-01 09:30,11241.6,0.01235445830332177,0.01180360168690182,next_open,0.5112189642753846,20
short,2012-05-01 09:30,11241.6,2012-06-01 09:30,15296,-0.1886335300524385,-0.1891690239407248,next_open,0.5230225659622865,22
short,2012-06-01 09:30,15296,2012-07-02 09:30,10128,0.1127977971474524,0.1123811717020735,next_open,0.3338535420215619,21
short,2012-07-02 09:30,10128,2012-08-01 09:30,9116.799999999999,0.04455297615692532,0.04409784146891308,next_open,0.4462347137236353,21
short,2012-08-01 09:30,9116.799999999999,2012-09-04 09:30,7872,0.06694958370301908,0.06651248576403515,next_open,0.4903325551925486,23
short,2012-09-04 09:30,7872,2012-10-01 09:30,5993.599999999999,0.1328731866022418,0.1324643199570263,next_open,0.5568450409565838,19
short,2012-10-01 09:30,5993.599999999999,2012-11-01 09:30,6268.799999999999,-0.03165008277553147,-0.03235961488689226,next_open,0.6893093609136101,21
short,2012-11-01 09:30,6268.799999999999,2012-12-03 09:30,4928,0.1405114566540044,0.1399820831939254,next_open,0.6569497460267177,21
short,2012-12-03 09:30,4928,2013-01-02 09:30,4908.799999999999,0.003104929204755871,0.002287039849992345,next_open,0.7969318292206434,20
short,2013-01-02 09:30,4908.799999999999,2013-02-01 09:30,4019.2,0.144838882400024,0.14424608829664,next_open,0.7992188690706362,21
short,2013-02-01 09:30,4019.2,2013-03-01 09:30,4303.999999999999,-0.06685380669242619,-0.06770295515360633,next_open,0.9434649573672759,19
short,2013-03-01 09:30,4303.999999999999,2013-04-01 09:30,3472,0.1692922829558022,0.1686321973636682,next_open,0.8757620022136694,20
short,2013-04-01 09:30,3472,2013-05-01 09:30,3299.2,0.05197906615407937,0.05091865223409605,next_open,1.044394199577337,22
short,2013-05-01 09:30,3299.2,2013-06-03 09:30,3302.4,-0.001062379099720187,-0.002042566513153724,next_open,1.095312851811433,22
short,2013-06-03 09:30,3302.4,2013-06-10 16:00,16243.2,-4.284094024947909,-4.284316826094563,ruin,1.09327028529828,6
