session,strategy_net,benchmark,held
2022-10-03,0.0000000000,0.0234603008,0.0000000000
2022-10-04,-0.0005000000,0.0314407926,1.0000000000
2022-10-05,0.0009030277,-0.0005316698,1.0000000000
2022-10-06,0.0152376682,-0.0078728988,1.0000000000
2022-10-07,-0.0195519182,-0.0381040892,1.0000000000
2022-10-10,-0.0136748189,-0.0099962839,1.0000000000
2022-10-11,-0.0219585411,-0.0137382230,1.0000000000
2022-10-12,-0.0087833358,-0.0003425309,1.0000000000
2022-10-13,-0.0385034902,0.0234523719,1.0000000000
2022-10-14,0.0345282969,-0.0300572874,1.0000000000
2022-10-17,-0.0038170735,0.0330214006,1.0000000000
2022-10-18,-0.0112899863,0.0079079265,1.0000000000
2022-10-19,0.0031518451,-0.0036466775,1.0000000000
2022-10-20,0.0075984101,-0.0051018522,1.0000000000
2022-10-21,0.0031890207,0.0234476608,1.0000000000
2022-10-24,0.0193459370,0.0110013797,1.0000000000
2022-10-25,0.0044482344,0.0206859400,1.0000000000
2022-10-26,0.0101893783,-0.0220963372,1.0000000000
2022-10-27,0.0120818982,-0.0182060231,1.0000000000
2022-10-28,-0.0012586801,0.0306006523,1.0000000000
2022-10-31,0.0148252479,-0.0116279070,1.0000000000
2022-11-01,0.0018838513,-0.0102176650,1.0000000000
2022-11-02,-0.0158619994,-0.0342771982,1.0000000000
2022-11-03,-0.0220859644,-0.0195347787,1.0000000000
2022-11-04,0.0098070994,0.0160850704,1.0000000000
2022-11-07,-0.0043946884,0.0109944083,1.0000000000
2022-11-08,-0.0058752023,0.0072872678,1.0000000000
2022-11-09,-0.0044844127,-0.0230763523,1.0000000000
2022-11-10,0.0061750076,0.0737885463,1.0000000000
2022-11-11,0.0133811515,0.0184261715,1.0000000000
2022-11-14,-0.0046916044,-0.0087512154,1.0000000000
2022-11-15,0.0062337020,0.0138382848,1.0000000000
2022-11-16,0.0073376488,-0.0136494005,1.0000000000
2022-11-17,-0.0001117912,-0.0022071188,1.0000000000
2022-11-18,0.0140719084,0.0000351111,1.0000000000
2022-11-21,-0.0083408274,-0.0102871989,1.0000000000
2022-11-22,0.0039763902,0.0144027812,1.0000000000
2022-11-23,-0.0001064599,0.0100367197,1.0000000000
2022-11-25,-0.0092167299,-0.0065784918,1.0000000000
2022-11-28,0.0002695355,-0.0146730796,1.0000000000
2022-11-29,0.0141010352,-0.0075695943,1.0000000000
2022-11-30,0.0009777979,0.0455857718,1.0000000000
2022-12-01,-0.0332412926,0.0012271612,1.0000000000
2022-12-02,0.0026209022,-0.0039833855,1.0000000000
2022-12-05,0.0040904718,-0.0167834558,1.0000000000
2022-12-06,0.0038502602,-0.0207203449,1.0000000000
2022-12-07,0.0079404496,-0.0040826470,1.0000000000
2022-12-08,-0.0130966510,0.0118347414,1.0000000000
2022-12-09,-0.0048319710,-0.0063766074,1.0000000000
2022-12-12,-0.0048777966,0.0125514111,1.0000000000
2022-12-13,-0.0494041413,0.0107500525,1.0000000000
2022-12-14,0.0249449066,-0.0074138230,1.0000000000
2022-12-15,0.0234351181,-0.0335764895,1.0000000000
2022-12-16,0.0047438945,-0.0095344722,1.0000000000
2022-12-19,0.0028675123,-0.0164083865,1.0000000000
2022-12-20,0.0124956142,-0.0007784986,1.0000000000
2022-12-21,-0.0083027602,0.0145061957,1.0000000000
2022-12-22,0.0074391326,-0.0244651673,1.0000000000
2022-12-23,0.0151795014,0.0022492128,1.0000000000
2022-12-27,0.0035452796,-0.0141382406,1.0000000000
2022-12-28,0.0142014514,-0.0132028227,1.0000000000
2022-12-29,-0.0074330272,0.0243752403,1.0000000000
2022-12-30,0.0028861866,-0.0006005104,1.0000000000
2023-01-03,-0.0173182350,-0.0067598017,1.0000000000
2023-01-04,0.0018476238,0.0047640653,1.0000000000
2023-01-05,0.0042172450,-0.0156543990,1.0000000000
2023-01-06,0.0089676882,0.0276014986,1.0000000000
2023-01-09,-0.0017283480,0.0064732143,1.0000000000
2023-01-10,-0.0084734910,0.0084645524,1.0000000000
2023-01-11,0.0176642377,0.0173001503,1.0000000000
2023-01-12,0.0062959291,0.0054044316,1.0000000000
2023-01-13,-0.0032726453,0.0068804874,1.0000000000
2023-01-17,0.0124098001,0.0020286863,1.0000000000
2023-01-18,0.0057273679,-0.0129999290,1.0000000000
2023-01-19,-0.0136377198,-0.0098243846,1.0000000000
2023-01-20,0.0023465889,0.0273668908,1.0000000000
2023-01-23,0.0000829409,0.0222159332,1.0000000000
2023-01-24,0.0097629074,-0.0020418051,1.0000000000
2023-01-25,0.0076530779,-0.0022193709,1.0000000000
2023-01-26,0.0011966686,0.0194974455,1.0000000000
2023-01-27,-0.0005716097,0.0099543192,1.0000000000
2023-01-30,-0.0014167319,-0.0202187268,1.0000000000
2023-01-31,-0.0096848308,0.0149860475,1.0000000000
2023-02-01,0.0018620437,0.0213834770,1.0000000000
2023-02-02,0.0085714524,0.0358899375,1.0000000000
2023-02-03,-0.0084816362,-0.0177723598,1.0000000000
2023-02-06,-0.0058818458,-0.0084590764,1.0000000000
2023-02-07,0.0041613326,0.0207187325,1.0000000000
2023-02-08,0.0034839405,-0.0177810765,1.0000000000
2023-02-09,0.0042776198,-0.0088379275,1.0000000000
2023-02-10,0.0059531002,-0.0065632458,1.0000000000
2023-02-13,-0.0017522063,0.0160160160,1.0000000000
2023-02-14,-0.0043711755,0.0073891626,1.0000000000
2023-02-15,-0.0036051175,0.0076609617,1.0000000000
2023-02-16,-0.0017217894,-0.0187641540,1.0000000000
2023-02-17,0.0019035846,-0.0070557204,1.0000000000
2023-02-21,-0.0020186166,-0.0236751229,1.0000000000
2023-02-22,-0.0043938984,0.0007482230,1.0000000000
2023-02-23,-0.0005656908,0.0087340697,1.0000000000
2023-02-24,0.0049215137,-0.0167441547,1.0000000000
2023-02-27,-0.0091817121,0.0071612130,1.0000000000
2023-02-28,0.0042275810,-0.0012927808,1.0000000000
2023-03-01,0.0043371902,-0.0080392424,1.0000000000
2023-03-02,0.0032214956,0.0082760989,1.0000000000
2023-03-03,-0.0160238519,0.0206736828,1.0000000000
2023-03-06,-0.0061924371,0.0011345435,1.0000000000
2023-03-07,0.0005217864,-0.0122658489,1.0000000000
2023-03-08,0.0043168362,0.0049942633,1.0000000000
2023-03-09,-0.0051341745,-0.0173259016,1.0000000000
2023-03-10,0.0086442866,-0.0140436001,1.0000000000
2023-03-13,0.0023272858,0.0074163923,1.0000000000
2023-03-14,-0.0100769186,0.0229798067,1.0000000000
2023-03-15,0.0032109784,0.0052459898,1.0000000000
2023-03-16,-0.0005980899,0.0263606864,1.0000000000
2023-03-17,-0.0243075870,-0.0047260520,1.0000000000
2023-03-20,0.0062528090,0.0019976421,1.0000000000
2023-03-21,-0.0047959899,0.0142824460,1.0000000000
2023-03-22,-0.0020464817,-0.0135979893,1.0000000000
2023-03-23,-0.0038685519,0.0118580949,1.0000000000
2023-03-24,0.0059719208,0.0036803874,1.0000000000
2023-03-27,-0.0044178231,-0.0068512979,1.0000000000
2023-03-28,-0.0092339317,-0.0053115689,1.0000000000
2023-03-29,0.0049909025,0.0182339151,1.0000000000
2023-03-30,0.0064577944,0.0094653364,1.0000000000
2023-03-31,-0.0013962702,0.0166307653,1.0000000000
2023-04-03,0.0004518910,-0.0024304365,1.0000000000
2023-04-04,-0.0010170618,-0.0033734187,1.0000000000
2023-04-05,-0.0075047850,-0.0098724418,1.0000000000
2023-04-06,-0.0045251651,0.0067422132,1.0000000000
2023-04-10,0.0020939313,-0.0005659488,1.0000000000
2023-04-11,-0.0066934988,-0.0064177179,1.0000000000
2023-04-12,-0.0027252020,-0.0088338663,1.0000000000
2023-04-13,0.0028820019,0.0195821620,1.0000000000
2023-04-14,-0.0029029168,-0.0018798759,1.0000000000
2023-04-17,0.0033449335,0.0008475374,1.0000000000
2023-04-18,0.0026394131,0.0000627274,1.0000000000
2023-04-19,0.0052508650,-0.0004704259,1.0000000000
2023-04-20,-0.0081226676,-0.0076244862,1.0000000000
2023-04-21,-0.0085986544,0.0010433793,1.0000000000
2023-04-24,0.0029748265,-0.0020845836,1.0000000000
2023-04-25,0.0033572811,-0.0188637443,1.0000000000
2023-04-26,0.0068470888,0.0060647118,1.0000000000
2023-04-27,0.0025436452,0.0271908167,1.0000000000
2023-04-28,-0.0122327001,0.0068987045,1.0000000000
2023-05-01,-0.0075696828,-0.0011470734,1.0000000000
2023-05-02,-0.0009845954,-0.0087215618,1.0000000000
2023-05-03,0.0066549189,-0.0065439289,1.0000000000
2023-05-04,0.0028061391,-0.0035298938,1.0000000000
2023-05-05,0.0066796815,0.0212543885,1.0000000000
2023-05-08,-0.0102118425,0.0024776240,1.0000000000
2023-05-09,0.0020139135,-0.0063332201,1.0000000000
2023-05-10,0.0010215894,0.0108817311,1.0000000000
2023-05-11,-0.0122338894,0.0032601341,1.0000000000
2023-05-12,-0.0006329876,-0.0035867566,1.0000000000
2023-05-15,0.0023930945,0.0054148848,1.0000000000
2023-05-16,-0.0025270676,0.0011322256,1.0000000000
2023-05-17,0.0074986762,0.0121041692,1.0000000000
2023-05-18,-0.0118458502,0.0185733269,1.0000000000
2023-05-19,0.0070945345,-0.0022533875,1.0000000000
2023-05-22,0.0022000561,0.0033579983,1.0000000000
2023-05-23,0.0006407625,-0.0126762232,1.0000000000
2023-05-24,-0.0107720827,-0.0051295896,1.0000000000
2023-05-25,0.0109910274,0.0243328810,1.0000000000
2023-05-26,0.0100044909,0.0255504533,1.0000000000
2023-05-30,0.0194104148,0.0045350172,1.0000000000
2023-05-31,-0.0032571199,-0.0056860392,1.0000000000
2023-06-01,-0.0059898658,0.0115520561,1.0000000000
2023-06-02,0.0042297659,0.0074997869,1.0000000000
2023-06-05,-0.0059097409,0.0007049203,1.0000000000
2023-06-06,-0.0062801750,-0.0001690617,1.0000000000
2023-06-07,0.0038894478,-0.0169653929,1.0000000000
2023-06-08,-0.0016046307,0.0124132791,1.0000000000
2023-06-09,-0.0020053112,0.0038227382,1.0000000000
2023-06-12,-0.0091034013,0.0168970381,1.0000000000
2023-06-13,-0.0061712510,0.0076839857,1.0000000000
2023-06-14,0.0000554090,0.0072675219,1.0000000000
2023-06-15,-0.0073025981,0.0119158240,1.0000000000
2023-06-16,-0.0019170378,-0.0062928753,1.0000000000
2023-06-20,0.0015953318,-0.0027994455,1.0000000000
2023-06-21,0.0132043665,-0.0136276915,1.0000000000
2023-06-22,0.0061553080,0.0117988395,1.0000000000
2023-06-23,0.0029225484,-0.0099134282,1.0000000000
2023-06-26,-0.0009136207,-0.0134054173,1.0000000000
2023-06-27,-0.0083545595,0.0171941400,1.0000000000
2023-06-28,-0.0174032310,0.0019514608,1.0000000000
2023-06-29,-0.0074843804,-0.0020025237,1.0000000000
2023-06-30,0.0046010713,0.0154201369,1.0000000000
2023-07-03,-0.0007538222,0.0023550430,1.0000000000
2023-07-05,-0.0032970938,-0.0000270059,1.0000000000
2023-07-06,-0.0016168794,-0.0076158583,1.0000000000
2023-07-07,0.0024861975,-0.0033200893,1.0000000000
2023-07-10,-0.0050891040,0.0003276540,1.0000000000
2023-07-11,0.0060904499,0.0049404957,1.0000000000
2023-07-12,-0.0098100146,0.0126300350,1.0000000000
2023-07-13,-0.0055625626,0.0169787029,1.0000000000
2023-07-14,-0.0052738196,-0.0002109983,1.0000000000
2023-07-17,0.0043290394,0.0093386446,1.0000000000
2023-07-18,-0.0017453210,0.0081806539,1.0000000000
2023-07-19,0.0000728621,-0.0002333178,1.0000000000
2023-07-20,-0.0083461663,-0.0230519901,1.0000000000
2023-07-21,0.0038153913,-0.0029992568,1.0000000000
2023-07-24,-0.0010068973,0.0015973165,1.0000000000
2023-07-25,-0.0136592612,0.0067777689,1.0000000000
2023-07-26,-0.0082312901,-0.0033264692,1.0000000000
2023-07-27,0.0021476957,-0.0023839797,1.0000000000
2023-07-28,-0.0016227825,0.0182146461,1.0000000000
2023-07-31,-0.0073387146,0.0005215396,1.0000000000
2023-08-01,0.0036433091,-0.0023196414,1.0000000000
2023-08-02,0.0053232815,-0.0219441469,1.0000000000
2023-08-03,0.0089706862,-0.0016026069,1.0000000000
2023-08-04,-0.0269794716,-0.0046817732,1.0000000000
2023-08-07,0.0061477663,0.0084668315,1.0000000000
2023-08-08,0.0060093532,-0.0085023588,1.0000000000
2023-08-09,0.0031999006,-0.0109946237,1.0000000000
2023-08-10,-0.0005430318,0.0018482781,1.0000000000
2023-08-11,0.0058284940,-0.0063756477,1.0000000000
2023-08-14,-0.0037330366,0.0112221494,1.0000000000
2023-08-15,-0.0062880328,-0.0106115836,1.0000000000
2023-08-16,-0.0010195386,-0.0105889417,1.0000000000
2023-08-17,-0.0048933771,-0.0109229326,1.0000000000
2023-08-18,-0.0016559761,-0.0012549501,1.0000000000
2023-08-21,-0.0043550622,0.0161114679,1.0000000000
2023-08-22,-0.0119467727,-0.0014289640,1.0000000000
2023-08-23,0.0031237939,0.0157686169,1.0000000000
2023-08-24,0.0015042723,-0.0213757416,1.0000000000
2023-08-25,-0.0070212171,0.0077515088,1.0000000000
2023-08-28,0.0036901583,0.0075270590,1.0000000000
2023-08-29,-0.0033604020,0.0218398953,1.0000000000
2023-08-30,0.0053631496,0.0055767537,1.0000000000
2023-08-31,0.0030983255,0.0029984610,1.0000000000
2023-09-01,-0.0051028690,-0.0010582291,1.0000000000
2023-09-05,-0.0037018517,0.0012712201,1.0000000000
2023-09-06,0.0055474071,-0.0088078927,1.0000000000
2023-09-07,-0.0042084006,-0.0071516251,1.0000000000
2023-09-08,0.0032454148,0.0013976240,1.0000000000
2023-09-11,0.0055890042,0.0117827044,1.0000000000
2023-09-12,0.0010218115,-0.0110884155,1.0000000000
2023-09-13,-0.0020263581,0.0038091151,1.0000000000
2023-09-14,-0.0106533838,0.0081772267,1.0000000000
2023-09-15,-0.0034724030,-0.0171230153,1.0000000000
2023-09-18,-0.0063209238,-0.0004045198,1.0000000000
2023-09-19,0.0034645420,-0.0021313333,1.0000000000
2023-09-20,-0.0022959150,-0.0144104685,1.0000000000
2023-09-21,0.0010519508,-0.0183244637,1.0000000000
2023-09-22,-0.0002204985,0.0001397194,1.0000000000
2023-09-25,-0.0028690756,0.0047497974,1.0000000000
2023-09-26,0.0041902727,-0.0150162676,1.0000000000
2023-09-27,-0.0004736402,0.0023432427,1.0000000000
2023-09-28,-0.0013522608,0.0083652546,1.0000000000
2023-09-29,-0.0016006198,0.0007262367,1.0000000000
2023-10-02,0.0071778045,0.0083456611,1.0000000000
2023-10-03,0.0081247494,-0.0175496872,1.0000000000
2023-10-04,-0.0037937878,0.0136087006,1.0000000000
2023-10-05,-0.0010091732,-0.0029464906,1.0000000000
2023-10-06,0.0028498824,0.0167554155,1.0000000000
2023-10-09,0.0028386699,0.0051000823,1.0000000000
2023-10-10,0.0119044236,0.0055379747,1.0000000000
2023-10-11,0.0026874104,0.0071352994,1.0000000000
2023-10-12,0.0004587519,-0.0034750283,1.0000000000
2023-10-13,0.0011015720,-0.0125699457,1.0000000000
2023-10-16,-0.0075338210,0.0113063951,1.0000000000
2023-10-17,0.0015447351,-0.0032754934,1.0000000000
2023-10-18,0.0053521677,-0.0131178707,1.0000000000
2023-10-19,-0.0062428802,-0.0093568539,1.0000000000
2023-10-20,-0.0117223413,-0.0149179098,1.0000000000
2023-10-23,-0.0098051463,0.0030174845,1.0000000000
2023-10-24,-0.0004375901,0.0097281188,1.0000000000
2023-10-25,0.0073317569,-0.0244758166,1.0000000000
2023-10-26,0.0026683487,-0.0190671919,1.0000000000
2023-10-27,-0.0036315248,0.0048012571,1.0000000000
2023-10-30,-0.0012372475,0.0112652399,1.0000000000
2023-10-31,-0.0052214163,0.0047823597,1.0000000000
2023-11-01,0.0063977136,0.0173568558,1.0000000000
2023-11-02,-0.0089090672,0.0181532945,1.0000000000
2023-11-03,0.0042111329,0.0117488444,1.0000000000
2023-11-06,0.0093987881,0.0040793016,1.0000000000
2023-11-07,-0.0006450230,0.0094526150,1.0000000000
2023-11-08,0.0088537827,0.0006439496,1.0000000000
2023-11-09,0.0039135518,-0.0076956079,1.0000000000
2023-11-10,-0.0060156408,0.0224822331,1.0000000000
2023-11-13,0.0138105934,-0.0031184756,1.0000000000
2023-11-14,0.0105738426,0.0215264707,1.0000000000
2023-11-15,0.0047385774,0.0007526017,1.0000000000
2023-11-16,-0.0036936362,0.0008557647,1.0000000000
2023-11-17,0.0013669631,0.0002331908,1.0000000000
2023-11-20,0.0055373239,0.0121749042,1.0000000000
2023-11-21,0.0022587256,-0.0058094897,1.0000000000
2023-11-22,-0.0000803216,0.0040929802,1.0000000000
2023-11-24,0.0001737563,-0.0014100395,1.0000000000
2023-11-27,-0.0026118078,-0.0008728916,1.0000000000
2023-11-28,0.0012603552,0.0026209626,1.0000000000
2023-11-29,0.0035667767,-0.0009738845,1.0000000000
2023-11-30,-0.0024070990,-0.0025140453,1.0000000000
2023-12-01,-0.0081357183,0.0028547180,1.0000000000
2023-12-04,-0.0036348160,-0.0092834795,1.0000000000
2023-12-05,-0.0063161086,0.0025108718,1.0000000000
2023-12-06,-0.0087714385,-0.0057837796,1.0000000000
2023-12-07,0.0052312796,0.0139722114,1.0000000000
2023-12-08,-0.0030717746,0.0044566247,1.0000000000
2023-12-11,0.0048345971,0.0085422138,1.0000000000
2023-12-12,-0.0107870899,0.0079641990,1.0000000000
2023-12-13,-0.0203411255,0.0127172850,1.0000000000
2023-12-14,-0.0136656769,-0.0008668945,1.0000000000
2023-12-15,0.0097587535,0.0048340316,1.0000000000
2023-12-18,-0.0032642981,0.0042926926,1.0000000000
2023-12-19,-0.0008762315,0.0051095608,1.0000000000
2023-12-20,-0.0024255887,-0.0148597126,1.0000000000
2023-12-21,0.0016042881,0.0116354074,1.0000000000
2023-12-22,-0.0056809193,0.0014959413,1.0000000000
2023-12-26,-0.0002764169,0.0061217494,1.0000000000
2023-12-27,0.0012026819,0.0015089564,1.0000000000
2023-12-28,0.0025977411,-0.0004860267,1.0000000000
2023-12-29,-0.0027307174,-0.0043277413,1.0000000000
2024-01-02,0.0008553696,-0.0169222504,1.0000000000
2024-01-03,-0.0074994382,-0.0105814849,1.0000000000
2024-01-04,-0.0042821254,-0.0051464866,1.0000000000
2024-01-05,0.0028319630,0.0011860301,1.0000000000
2024-01-08,0.0004152187,0.0206679269,1.0000000000
2024-01-09,-0.0072472882,0.0019755525,1.0000000000
2024-01-10,0.0008740039,0.0067775724,1.0000000000
2024-01-11,-0.0059043585,0.0020807834,1.0000000000
2024-01-12,-0.0026073092,0.0005130084,1.0000000000
2024-01-16,0.0004876524,-0.0000976658,1.0000000000
2024-01-17,0.0022873919,-0.0056407501,1.0000000000
2024-01-18,0.0065497508,0.0141941504,1.0000000000
2024-01-19,0.0031531983,0.0198309886,1.0000000000
2024-01-22,0.0047934444,0.0013058550,1.0000000000
2024-01-23,-0.0001311974,0.0041495744,1.0000000000
2024-01-24,-0.0076054061,0.0055492585,1.0000000000
2024-01-25,-0.0002940839,0.0012211446,1.0000000000
2024-01-26,-0.0037121869,-0.0059575466,1.0000000000
2024-01-29,0.0019623956,0.0102404379,1.0000000000
2024-01-30,0.0038854123,-0.0066565456,1.0000000000
2024-01-31,-0.0026364666,-0.0195861745,1.0000000000
2024-02-01,0.0025763762,0.0117754275,1.0000000000
2024-02-02,0.0043469978,0.0169005404,1.0000000000
2024-02-05,-0.0015977551,-0.0013053309,1.0000000000
2024-02-06,-0.0067789384,-0.0020072354,1.0000000000
2024-02-07,-0.0058197530,0.0102902313,1.0000000000
2024-02-08,-0.0243352114,0.0018518947,1.0000000000
2024-02-09,-0.0131486144,0.0098431110,1.0000000000
2024-02-12,-0.0115113048,-0.0039125958,1.0000000000
2024-02-13,-0.0090870766,-0.0155970046,1.0000000000
2024-02-14,0.0028626440,0.0108972115,1.0000000000
2024-02-15,-0.0128475866,0.0029777019,1.0000000000
2024-02-16,-0.0000511853,-0.0090676854,1.0000000000
2024-02-20,0.0016490707,-0.0075481339,1.0000000000
2024-02-21,0.0002512465,-0.0040016849,1.0000000000
2024-02-22,-0.0039651484,0.0292756279,1.0000000000
2024-02-23,0.0010167639,-0.0029447349,1.0000000000
2024-02-26,0.0031316799,-0.0005265809,1.0000000000
2024-02-27,-0.0078691520,0.0024052228,1.0000000000
2024-02-28,-0.0006902132,-0.0053244973,1.0000000000
2024-02-29,-0.0056637689,0.0085693937,1.0000000000
2024-03-01,-0.0030233388,0.0150569476,1.0000000000
2024-03-04,0.0081130862,-0.0035681425,1.0000000000
2024-03-05,-0.0004194531,-0.0179496419,1.0000000000
2024-03-06,-0.0015856616,0.0062836831,1.0000000000
2024-03-07,0.0086317448,0.0151781034,1.0000000000
2024-03-08,0.0050658481,-0.0144348412,1.0000000000
2024-03-11,-0.0048993894,-0.0037128149,1.0000000000
2024-03-12,-0.0046375833,0.0143350328,1.0000000000
2024-03-13,-0.0071676982,-0.0076860659,1.0000000000
2024-03-14,-0.0050939574,-0.0025212947,1.0000000000
2024-03-15,-0.0016099748,-0.0118868698,1.0000000000
2024-03-18,0.0077703084,0.0082042773,1.0000000000
2024-03-19,0.0098917374,0.0024915425,1.0000000000
2024-03-20,-0.0070354953,0.0118567161,1.0000000000
2024-03-21,-0.0005074979,0.0047321811,1.0000000000
2024-03-22,0.0025873624,0.0011438312,1.0000000000
2024-03-25,0.0080626870,-0.0036291949,1.0000000000
2024-03-26,0.0028135688,-0.0032377012,1.0000000000
2024-03-27,-0.0078713353,0.0034061175,1.0000000000
2024-03-28,-0.0031164217,-0.0018434008,1.0000000000
2024-04-01,0.0011388150,0.0021170694,1.0000000000
2024-04-02,0.0078478659,-0.0086301832,1.0000000000
2024-04-03,0.0032472017,0.0022443381,1.0000000000
2024-04-04,-0.0070964244,-0.0152906582,1.0000000000
2024-04-05,0.0071170184,0.0117838930,1.0000000000
2024-04-08,-0.0036941994,0.0002951393,1.0000000000
2024-04-09,-0.0021127827,0.0036995007,1.0000000000
2024-04-10,0.0038477904,-0.0087284897,1.0000000000
2024-04-11,0.0007553686,0.0159682460,1.0000000000
2024-04-12,0.0099180695,-0.0159418012,1.0000000000
2024-04-15,0.0010134758,-0.0164510462,1.0000000000
2024-04-16,0.0108125815,0.0000927945,1.0000000000
2024-04-17,-0.0045227119,-0.0122013454,1.0000000000
2024-04-18,0.0007614719,-0.0057063686,1.0000000000
2024-04-19,0.0036888346,-0.0206891665,1.0000000000
2024-04-22,0.0058685055,0.0100566743,1.0000000000
2024-04-23,-0.0027111091,0.0149228786,1.0000000000
2024-04-24,-0.0121435357,0.0033876773,1.0000000000
2024-04-25,-0.0012894712,-0.0048298985,1.0000000000
2024-04-26,-0.0112665392,0.0154317352,1.0000000000
2024-04-29,-0.0014264547,0.0040603248,1.0000000000
2024-04-30,-0.0046255562,-0.0188561525,1.0000000000
2024-05-01,-0.0001059074,-0.0072305047,1.0000000000
2024-05-02,0.0022431964,0.0127633327,1.0000000000
2024-05-03,0.0086498255,0.0200983837,1.0000000000
2024-05-06,-0.0058560040,0.0109534307,1.0000000000
2024-05-07,-0.0086635704,0.0001590006,1.0000000000
2024-05-08,0.0011187202,-0.0005904797,1.0000000000
2024-05-09,0.0068105909,0.0021815207,1.0000000000
2024-05-10,-0.0096454283,0.0023581697,1.0000000000
2024-05-13,-0.0004714325,0.0023073791,1.0000000000
2024-05-14,-0.0010016595,0.0064322470,1.0000000000
2024-05-15,0.0013720166,0.0156302559,1.0000000000
2024-05-16,0.0042403392,-0.0020313535,1.0000000000
2024-05-17,0.0025482968,-0.0004867472,1.0000000000
2024-05-20,-0.0088794740,0.0069727289,1.0000000000
2024-05-21,0.0041129988,0.0019564309,1.0000000000
2024-05-22,-0.0025765055,-0.0001974550,1.0000000000
2024-05-23,0.0048796049,-0.0044984749,1.0000000000
2024-05-24,-0.0040163294,0.0094564211,1.0000000000
2024-05-28,0.0046999484,0.0037777050,1.0000000000
2024-05-29,-0.0067029676,-0.0070483815,1.0000000000
2024-05-30,-0.0046156789,-0.0107133468,1.0000000000
2024-05-31,0.0042727140,-0.0018602591,1.0000000000
2024-06-03,-0.0068299443,0.0053693062,1.0000000000
2024-06-04,-0.0044839492,0.0027365215,1.0000000000
2024-06-05,-0.0022799283,0.0201597817,1.0000000000
2024-06-06,0.0050796435,-0.0003451772,1.0000000000
2024-06-07,0.0009530232,-0.0008848221,1.0000000000
2024-06-10,0.0026655931,0.0040392259,1.0000000000
2024-06-11,0.0010482660,0.0068627240,1.0000000000
2024-06-12,-0.0024530066,0.0130977309,1.0000000000
2024-06-13,-0.0026163611,0.0054202257,1.0000000000
2024-06-14,-0.0065386624,0.0051812385,1.0000000000
2024-06-17,-0.0096372060,0.0122498383,1.0000000000
2024-06-18,0.0045156699,0.0003092401,1.0000000000
2024-06-20,-0.0078111280,-0.0077080027,1.0000000000
2024-06-21,-0.0180680396,-0.0026792947,1.0000000000
2024-06-24,-0.0002193146,-0.0129534758,1.0000000000
2024-06-25,0.0035103657,0.0114355642,1.0000000000
2024-06-26,-0.0122501672,0.0020651675,1.0000000000
2024-06-27,-0.0145729275,0.0025813435,1.0000000000
2024-06-28,-0.0033442797,-0.0051909221,1.0000000000
2024-07-01,-0.0002072392,0.0058650414,1.0000000000
2024-07-02,0.0038985803,0.0104996680,1.0000000000
2024-07-03,-0.0060070797,0.0083370980,1.0000000000
2024-07-05,-0.0065414556,0.0104268491,1.0000000000
2024-07-08,-0.0000629964,0.0023782651,1.0000000000
2024-07-09,-0.0052248681,0.0008645997,1.0000000000
2024-07-10,-0.0008226961,0.0104265022,1.0000000000
2024-07-11,-0.0070629482,-0.0219301734,1.0000000000
2024-07-12,0.0009140348,0.0058748196,1.0000000000
2024-07-15,-0.0037796321,0.0026878461,1.0000000000
2024-07-16,-0.0038601710,0.0003829487,1.0000000000
2024-07-17,0.0032839249,-0.0293548777,1.0000000000
2024-07-18,0.0097192976,-0.0047325487,1.0000000000
2024-07-19,0.0023627749,-0.0088635842,1.0000000000
2024-07-22,-0.0045594133,0.0148977359,1.0000000000
2024-07-23,-0.0053354876,-0.0035246310,1.0000000000
2024-07-24,0.0019961043,-0.0358703342,1.0000000000
2024-07-25,0.0183558162,-0.0110276663,1.0000000000
2024-07-26,-0.0012944551,0.0102559626,1.0000000000
2024-07-29,-0.0018599458,0.0020087695,1.0000000000
2024-07-30,0.0049113540,-0.0137314076,1.0000000000
2024-07-31,-0.0013774052,0.0295936878,1.0000000000
2024-08-01,0.0141027629,-0.0242214533,1.0000000000
2024-08-02,0.0139189405,-0.0237349345,1.0000000000
2024-08-05,0.0151863614,-0.0298161560,1.0000000000
2024-08-06,-0.0287951704,0.0095550911,1.0000000000
2024-08-07,-0.0182740963,-0.0108297500,1.0000000000
2024-08-08,0.0033636752,0.0305908871,1.0000000000
2024-08-09,-0.0067834048,0.0052223983,1.0000000000
2024-08-12,-0.0027796590,0.0021535934,1.0000000000
2024-08-13,-0.0017315496,0.0248127963,1.0000000000
2024-08-14,-0.0061459205,0.0003242682,1.0000000000
2024-08-15,-0.0071950180,0.0252631124,1.0000000000
2024-08-16,0.0027803025,0.0012857805,1.0000000000
2024-08-19,0.0015468466,0.0131360125,1.0000000000
2024-08-20,0.0051655039,-0.0020986141,1.0000000000
2024-08-21,-0.0004436267,0.0046641403,1.0000000000
2024-08-22,0.0072794920,-0.0158549223,1.0000000000
2024-08-23,-0.0033633459,0.0108455302,1.0000000000
2024-08-26,0.0016841820,-0.0097083333,1.0000000000
2024-08-27,-0.0053176267,0.0029873354,1.0000000000
2024-08-28,0.0042988324,-0.0113474285,1.0000000000
2024-08-29,-0.0017977039,-0.0014638803,1.0000000000
2024-08-30,0.0118251780,0.0119194323,1.0000000000
2024-09-03,-0.0079216149,-0.0303609297,1.0000000000
2024-09-04,-0.0315456840,-0.0025984712,1.0000000000
2024-09-05,0.0082117589,0.0009335446,1.0000000000
2024-09-06,0.0017989171,-0.0267872636,1.0000000000
2024-09-09,-0.0069336405,0.0128596581,1.0000000000
2024-09-10,-0.0003914013,0.0092417374,1.0000000000
2024-09-11,0.0027350754,0.0217154319,1.0000000000
2024-09-12,-0.0017426886,0.0098160557,1.0000000000
2024-09-13,0.0010994349,0.0044799459,1.0000000000
2024-09-16,0.0047678572,-0.0044178904,1.0000000000
2024-09-17,-0.0071768908,0.0005282732,1.0000000000
2024-09-18,0.0010890689,-0.0043295529,1.0000000000
2024-09-19,0.0025503660,0.0252842355,1.0000000000
2024-09-20,0.0059597407,-0.0019033433,1.0000000000
2024-09-23,0.0148758864,0.0012436780,1.0000000000
2024-09-24,0.0006030552,0.0048236171,1.0000000000
2024-09-25,0.0017564711,0.0009271278,1.0000000000
2024-09-26,0.0158205272,0.0075130707,1.0000000000
2024-09-27,-0.0025645550,-0.0055570311,1.0000000000
2024-09-30,-0.0088168005,0.0027118644,1.0000000000
2024-10-01,-0.0040398626,-0.0139324277,1.0000000000
2024-10-02,-0.0100886265,0.0014129283,1.0000000000
2024-10-03,-0.0001990970,-0.0007469655,1.0000000000
2024-10-04,0.0077270525,0.0118980876,1.0000000000
2024-10-07,0.0059169214,-0.0107116474,1.0000000000
2024-10-08,-0.0013548294,0.0149346609,1.0000000000
2024-10-09,-0.0018373917,0.0078683834,1.0000000000
2024-10-10,0.0034183439,-0.0011355571,1.0000000000
2024-10-11,0.0045789703,0.0015631661,1.0000000000
2024-10-14,0.0003222171,0.0083914383,1.0000000000
2024-10-15,-0.0024677714,-0.0133668342,1.0000000000
2024-10-16,-0.0018813813,0.0001222369,1.0000000000
2024-10-17,0.0021796229,0.0006925913,1.0000000000
2024-10-18,-0.0006136632,0.0065547074,1.0000000000
2024-10-21,-0.0089355329,0.0019212490,1.0000000000
2024-10-22,0.0034114738,0.0010899843,1.0000000000
2024-10-23,0.0034093108,-0.0153238164,1.0000000000
2024-10-24,-0.0027678800,0.0081087722,1.0000000000
2024-10-25,0.0017981362,0.0060935977,1.0000000000
2024-10-28,0.0008911169,0.0001615117,1.0000000000
2024-10-29,-0.0042982265,0.0096083973,1.0000000000
2024-10-30,-0.0093506568,-0.0075575816,1.0000000000
2024-10-31,0.0059001093,-0.0252427576,1.0000000000
2024-11-01,-0.0011309295,0.0073989873,1.0000000000
2024-11-04,-0.0032410708,-0.0029132388,1.0000000000
2024-11-05,0.0009811248,0.0127569392,1.0000000000
2024-11-06,-0.0232395816,0.0271632027,1.0000000000
2024-11-07,-0.0096770043,0.0157442937,1.0000000000
2024-11-08,0.0088704146,0.0011683608,1.0000000000
2024-11-11,0.0027217957,-0.0005834987,1.0000000000
2024-11-12,0.0029158111,-0.0018099019,1.0000000000
2024-11-13,0.0041837658,-0.0012867755,1.0000000000
2024-11-14,0.0021860969,-0.0069497316,1.0000000000
2024-11-15,0.0024849107,-0.0238259058,1.0000000000
2024-11-18,0.0016784413,0.0067462795,1.0000000000
2024-11-19,-0.0098855895,0.0092414786,1.0000000000
2024-11-20,0.0073145455,-0.0075514330,1.0000000000
2024-11-21,-0.0006374303,0.0059712819,1.0000000000
2024-11-22,0.0017984830,0.0058365759,1.0000000000
2024-11-25,0.0033756971,-0.0040461059,1.0000000000
2024-11-26,-0.0062475267,0.0090763164,1.0000000000
2024-11-27,-0.0000637655,-0.0062648520,1.0000000000
2024-11-29,0.0034449738,0.0082806324,1.0000000000
2024-12-02,0.0015990963,0.0097218683,1.0000000000
2024-12-03,0.0007760291,0.0054741337,1.0000000000
2024-12-04,0.0013626738,0.0083981698,1.0000000000
2024-12-05,0.0030480586,-0.0018379537,1.0000000000
2024-12-06,0.0073496770,0.0088038975,1.0000000000
2024-12-09,0.0082137421,-0.0070729157,1.0000000000
2024-12-10,-0.0039898466,-0.0026425138,1.0000000000
2024-12-11,-0.0081554086,0.0157050974,1.0000000000
2024-12-12,0.0074537166,0.0006804907,1.0000000000
2024-12-13,0.0182499707,0.0007366970,1.0000000000
2024-12-16,0.0118434884,0.0147419684,1.0000000000
2024-12-17,-0.0012129759,-0.0045759780,1.0000000000
2024-12-18,-0.0009759889,-0.0324033412,1.0000000000
2024-12-19,0.0111283180,-0.0117615249,1.0000000000
2024-12-20,-0.0028097031,0.0179792847,1.0000000000
2024-12-23,-0.0006224659,0.0028988289,1.0000000000
2024-12-24,0.0040599396,0.0144522501,1.0000000000
2024-12-26,-0.0072366920,-0.0022079025,1.0000000000
2024-12-27,0.0098155526,-0.0120272721,1.0000000000
2024-12-30,-0.0002204305,-0.0150642191,1.0000000000
2024-12-31,-0.0048904933,-0.0064521144,1.0000000000
2025-01-02,0.0015744718,0.0011931774,1.0000000000
2025-01-03,-0.0016430907,0.0141021784,1.0000000000
2025-01-06,0.0036176424,0.0111002755,1.0000000000
2025-01-07,-0.0038145994,-0.0162719357,1.0000000000
2025-01-08,0.0036014064,-0.0045708807,1.0000000000
2025-01-10,0.0002721006,-0.0143019450,1.0000000000
2025-01-13,-0.0028655594,0.0031586330,1.0000000000
2025-01-14,0.0069736690,-0.0044865992,1.0000000000
2025-01-15,-0.0035988606,0.0225933979,1.0000000000
2025-01-16,0.0081711027,-0.0085825295,1.0000000000
2025-01-17,0.0062288646,0.0176256117,1.0000000000
2025-01-21,-0.0089882963,0.0109018451,1.0000000000
2025-01-22,0.0066363105,0.0051552254,1.0000000000
2025-01-23,-0.0079889161,0.0028849417,1.0000000000
2025-01-24,0.0029148112,-0.0055462801,1.0000000000
2025-01-27,-0.0155442142,-0.0269012276,1.0000000000
2025-01-28,0.0156813828,0.0135003201,1.0000000000
2025-01-29,0.0011425244,0.0007859827,1.0000000000
2025-01-30,0.0100202323,0.0059955943,1.0000000000
2025-01-31,-0.0087011631,-0.0109105450,1.0000000000
2025-02-03,-0.0007454093,0.0043122533,1.0000000000
2025-02-04,0.0038157222,0.0020893634,1.0000000000
2025-02-05,0.0006984749,0.0084165423,1.0000000000
2025-02-06,0.0066428664,0.0041731477,1.0000000000
2025-02-07,0.0079043078,-0.0142241868,1.0000000000
2025-02-10,-0.0059993863,0.0125514995,1.0000000000
2025-02-11,-0.0017581706,0.0001324754,1.0000000000
2025-02-12,0.0030505705,0.0038791228,1.0000000000
2025-02-13,0.0020764775,0.0093870165,1.0000000000
2025-02-14,-0.0027440405,0.0048739496,1.0000000000
2025-02-18,0.0032093576,0.0038081433,1.0000000000
2025-02-19,-0.0081380833,-0.0021090079,1.0000000000
2025-02-20,0.0114474558,-0.0030240065,1.0000000000
2025-02-21,-0.0013113938,-0.0212341130,1.0000000000
2025-02-24,-0.0023983208,-0.0111012037,1.0000000000
2025-02-25,-0.0004873930,-0.0085746145,1.0000000000
2025-02-26,-0.0023566182,-0.0050224946,1.0000000000
2025-02-27,-0.0175333928,-0.0244206669,1.0000000000
2025-02-28,0.0530132918,0.0155026370,1.0000000000
2025-03-03,-0.0301379420,-0.0180004721,1.0000000000
2025-03-04,0.0122494011,-0.0006610974,1.0000000000
2025-03-05,0.0013581035,0.0031473017,1.0000000000
2025-03-06,0.0081285974,-0.0201434823,1.0000000000
2025-03-07,0.0173609613,0.0011645219,1.0000000000
2025-03-10,0.0103380901,-0.0437583138,1.0000000000
2025-03-11,0.0046032310,0.0089900303,1.0000000000
2025-03-12,-0.0081696797,0.0111263806,1.0000000000
2025-03-13,0.0030848710,-0.0166419578,1.0000000000
2025-03-14,0.0002805649,0.0174969211,1.0000000000
2025-03-17,-0.0152671070,0.0070119788,1.0000000000
2025-03-18,-0.0104648078,-0.0160815684,1.0000000000
2025-03-19,-0.0138347309,0.0166814103,1.0000000000
2025-03-20,0.0103766307,-0.0068986948,1.0000000000
2025-03-21,-0.0081589652,0.0046727997,1.0000000000
2025-03-24,0.0028757934,0.0178320633,1.0000000000
2025-03-25,0.0022266503,0.0083270417,1.0000000000
2025-03-26,0.0017271154,-0.0226179493,1.0000000000
2025-03-27,-0.0204269029,-0.0045340472,1.0000000000
2025-03-28,-0.0032281478,-0.0291322701,1.0000000000
2025-03-31,-0.0087979179,-0.0005354466,1.0000000000
2025-04-01,-0.0021445025,0.0149576771,1.0000000000
2025-04-02,-0.0034696484,-0.0389122311,1.0000000000
2025-04-03,-0.0068596858,-0.0114455185,1.0000000000
2025-04-04,0.0052689569,-0.0617569279,1.0000000000
2025-04-07,0.0356756216,0.0157745144,1.0000000000
2025-04-08,-0.0280709996,-0.0452828429,1.0000000000
2025-04-09,0.0374263221,0.1382864400,1.0000000000
2025-04-10,-0.0980309203,-0.0490709351,1.0000000000
2025-04-11,0.0419077180,0.0246621088,1.0000000000
2025-04-14,-0.0388889926,0.0025286268,1.0000000000
2025-04-15,-0.0109226536,-0.0064979266,1.0000000000
2025-04-16,0.0120075538,-0.0171784838,1.0000000000
2025-04-17,-0.0015901460,0.0024744680,1.0000000000
2025-04-21,0.0055139688,-0.0236513778,1.0000000000
2025-04-22,-0.0102103104,0.0427028269,1.0000000000
2025-04-23,0.0182504594,0.0042981837,1.0000000000
2025-04-24,0.0055147492,0.0306169480,1.0000000000
2025-04-25,0.0155536217,0.0072703267,1.0000000000
2025-04-28,0.0026908018,-0.0010841575,1.0000000000
2025-04-29,0.0086499389,0.0020081222,1.0000000000
2025-04-30,-0.0001154169,0.0182286716,1.0000000000
2025-05-01,-0.0011833083,-0.0063477575,1.0000000000
2025-05-02,0.0002715695,0.0207098121,1.0000000000
2025-05-05,0.0061578433,-0.0087744416,1.0000000000
2025-05-06,-0.0031578417,0.0029094361,1.0000000000
2025-05-07,0.0036270785,-0.0054933750,1.0000000000
2025-05-08,0.0081937474,0.0095372075,1.0000000000
2025-05-09,0.0054586662,-0.0001329973,1.0000000000
2025-05-12,0.0158238922,0.0387052993,1.0000000000
2025-05-13,-0.0076246559,0.0185082873,1.0000000000
2025-05-14,0.0088963962,0.0038164981,1.0000000000
2025-05-15,-0.0019121211,0.0019685419,1.0000000000
2025-05-16,-0.0074174559,-0.0087639887,1.0000000000
2025-05-19,0.0001939930,0.0151568147,1.0000000000
2025-05-20,-0.0024128110,-0.0049385552,1.0000000000
2025-05-21,0.0021739311,-0.0132348415,1.0000000000
2025-05-22,0.0070450265,0.0017740175,1.0000000000
2025-05-23,0.0004951944,-0.0107614766,1.0000000000
2025-05-27,-0.0011706138,0.0255340914,1.0000000000
2025-05-28,-0.0054280826,0.0136768204,1.0000000000
2025-05-29,-0.0128717763,-0.0204371274,1.0000000000
2025-05-30,0.0115143350,0.0016227181,1.0000000000
2025-06-02,-0.0033944037,0.0072518274,1.0000000000
2025-06-03,-0.0045466512,0.0098803255,1.0000000000
2025-06-04,-0.0163636128,0.0018770975,1.0000000000
2025-06-05,0.0012396186,-0.0089515519,1.0000000000
2025-06-06,0.0010976893,0.0135963488,1.0000000000
2025-06-09,-0.0084740788,0.0005275156,1.0000000000
2025-06-10,-0.0048277666,0.0054606737,1.0000000000
2025-06-11,-0.0080698426,-0.0051126468,1.0000000000
2025-06-12,0.0122179040,-0.0022023944,1.0000000000
2025-06-13,0.0097860102,-0.0058294188,1.0000000000
2025-06-16,-0.0019792896,0.0066036662,1.0000000000
2025-06-17,-0.0031151194,-0.0049958527,1.0000000000
2025-06-18,0.0063224309,0.0021790042,1.0000000000
2025-06-20,-0.0007846029,-0.0026468920,1.0000000000
2025-06-23,0.0101114204,0.0154676275,1.0000000000
2025-06-24,-0.0245838477,0.0083252445,1.0000000000
2025-06-25,-0.0081918938,0.0017586730,1.0000000000
2025-06-26,-0.0017140139,0.0097019201,1.0000000000
2025-06-27,-0.0112195104,0.0022145759,1.0000000000
2025-06-30,-0.0016028627,0.0072499498,1.0000000000
2025-07-01,0.0029014550,-0.0076147654,1.0000000000
2025-07-02,-0.0020268261,0.0065404852,1.0000000000
2025-07-03,-0.0031942465,0.0088394381,1.0000000000
2025-07-07,0.0089418815,-0.0072146957,1.0000000000
2025-07-08,0.0051584513,0.0013591881,1.0000000000
2025-07-09,-0.0172443959,0.0059904081,1.0000000000
2025-07-10,0.0009763665,0.0004857338,1.0000000000
2025-07-11,-0.0049088482,-0.0047291101,1.0000000000
2025-07-14,-0.0056303363,0.0039385727,1.0000000000
2025-07-15,-0.0104864506,0.0001799597,1.0000000000
2025-07-16,-0.0061614073,0.0014034330,1.0000000000
2025-07-17,0.0019555210,0.0104391261,1.0000000000
2025-07-18,-0.0074557162,-0.0016359336,1.0000000000
2025-07-21,-0.0018819106,0.0050405201,1.0000000000
2025-07-22,0.0025953655,-0.0035620614,1.0000000000
2025-07-23,0.0019270581,0.0060647020,1.0000000000
2025-07-24,-0.0085365393,0.0002298119,1.0000000000
2025-07-25,0.0077139586,0.0021738746,1.0000000000
2025-07-28,-0.0003314017,0.0035799944,1.0000000000
2025-07-29,0.0013145829,-0.0022492839,1.0000000000
2025-07-30,0.0000974848,0.0108490815,1.0000000000
2025-07-31,-0.0016845879,-0.0180155066,1.0000000000
2025-08-01,-0.0019329044,-0.0187377797,1.0000000000
2025-08-04,0.0019648855,0.0215546827,1.0000000000
2025-08-05,0.0311311471,-0.0119121369,1.0000000000
2025-08-06,0.0028286254,0.0174835196,1.0000000000
2025-08-07,0.0157831175,0.0038732394,1.0000000000
2025-08-08,-0.0009939152,0.0101639776,1.0000000000
2025-08-11,0.0015476206,-0.0057040376,1.0000000000
2025-08-12,-0.0070337436,0.0138639102,1.0000000000
2025-08-13,-0.0167253179,-0.0003273917,1.0000000000
2025-08-14,-0.0026841174,-0.0024289361,1.0000000000
2025-08-15,-0.0009651060,-0.0034366635,1.0000000000
2025-08-18,-0.0057623740,0.0004332305,1.0000000000
2025-08-19,-0.0009831662,-0.0159879441,1.0000000000
2025-08-20,-0.0077294305,-0.0041895508,1.0000000000
2025-08-21,-0.0034361988,-0.0028990631,1.0000000000
2025-08-22,-0.0061486635,0.0152111478,1.0000000000
2025-08-25,-0.0121015356,-0.0040164851,1.0000000000
2025-08-26,0.0039278200,0.0052424869,1.0000000000
2025-08-27,-0.0056598905,-0.0043953744,1.0000000000
2025-08-28,0.0009574568,0.0102135562,1.0000000000
2025-08-29,0.0002223524,-0.0120699223,1.0000000000
2025-09-02,-0.0112496738,-0.0045990732,1.0000000000
2025-09-03,0.0033632261,0.0045674179,1.0000000000
2025-09-04,-0.0021578260,0.0115333977,1.0000000000
2025-09-05,0.0020265936,-0.0023081462,1.0000000000
2025-09-08,-0.0068962041,0.0070100367,1.0000000000
2025-09-09,0.0121580590,0.0034201617,1.0000000000
2025-09-10,-0.0056268835,0.0006369427,1.0000000000
2025-09-11,-0.0167655656,0.0052643350,1.0000000000
2025-09-12,-0.0055583722,0.0039532456,1.0000000000
2025-09-15,0.0087185259,0.0083696986,1.0000000000
2025-09-16,-0.0028188483,0.0000676190,1.0000000000
2025-09-17,0.0000852313,0.0016903599,1.0000000000
2025-09-18,-0.0019848527,0.0063450278,1.0000000000
2025-09-19,0.0008671363,0.0056007378,1.0000000000
2025-09-22,0.0077432534,0.0042521970,1.0000000000
2025-09-23,0.0207948479,-0.0063761955,1.0000000000
2025-09-24,-0.0013221417,-0.0032252674,1.0000000000
2025-09-25,-0.0111282756,-0.0055348970,1.0000000000
2025-09-26,-0.0046239448,0.0050262269,1.0000000000
2025-09-29,-0.0038497754,0.0037574436,1.0000000000
2025-09-30,0.0016755276,0.0006016143,1.0000000000
2025-10-01,0.0026976264,0.0078329854,1.0000000000
2025-10-02,-0.0001260569,0.0043252022,1.0000000000
2025-10-03,0.0055848746,-0.0050820889,1.0000000000
2025-10-06,-0.0030549697,0.0063021378,1.0000000000
2025-10-07,0.0146190428,-0.0042357071,1.0000000000
2025-10-08,-0.0045464422,0.0139525015,1.0000000000
2025-10-09,0.0170601056,-0.0017134323,1.0000000000
2025-10-10,0.0076482344,-0.0354005844,1.0000000000
2025-10-13,-0.0118849126,0.0201379825,1.0000000000
2025-10-14,-0.0025823858,-0.0055665409,1.0000000000
2025-10-15,-0.0069791212,0.0068342078,1.0000000000
2025-10-16,0.0109350969,-0.0071695295,1.0000000000
2025-10-17,0.0152703603,0.0113000017,1.0000000000
2025-10-20,-0.0227492397,0.0116861436,1.0000000000
2025-10-21,-0.0014416199,-0.0029572264,1.0000000000
2025-10-22,0.0087970778,-0.0097383040,1.0000000000
2025-10-23,0.0010243919,0.0123162524,1.0000000000
2025-10-24,0.0136806646,0.0094319575,1.0000000000
2025-10-27,0.0042133479,0.0184933282,1.0000000000
2025-10-28,0.0005734765,0.0072661939,1.0000000000
2025-10-29,0.0059843384,0.0018942085,1.0000000000
2025-10-30,-0.0046165294,-0.0022529974,1.0000000000
2025-10-31,-0.0022750584,-0.0066795099,1.0000000000
2025-11-03,0.0007929904,0.0011604801,1.0000000000
2025-11-04,0.0019773323,-0.0231668202,1.0000000000
2025-11-05,-0.0166568177,0.0116334791,1.0000000000
2025-11-06,0.0020640463,-0.0144401803,1.0000000000
2025-11-07,0.0114296790,-0.0019727403,1.0000000000
2025-11-10,-0.0035363788,0.0190639549,1.0000000000
2025-11-11,0.0075335207,-0.0021640858,1.0000000000
2025-11-12,0.0048802245,-0.0046106640,1.0000000000
2025-11-13,-0.0039376743,-0.0178825048,1.0000000000
2025-11-14,0.0049848952,0.0046670611,1.0000000000
2025-11-17,-0.0043337668,-0.0140833551,1.0000000000
2025-11-18,-0.0032336020,-0.0118125259,1.0000000000
2025-11-19,0.0078340617,0.0233534241,1.0000000000
2025-11-20,-0.0137243007,-0.0372740099,1.0000000000
2025-11-21,0.0229065458,0.0089294843,1.0000000000
2025-11-24,-0.0101720933,0.0232915583,1.0000000000
2025-11-25,-0.0073317817,0.0066848230,1.0000000000
2025-11-26,-0.0114378715,0.0086899492,1.0000000000
2025-11-28,-0.0080966373,0.0063556567,1.0000000000
2025-12-01,0.0039994367,-0.0027943338,1.0000000000
2025-12-02,-0.0007239320,0.0086656516,1.0000000000
2025-12-03,-0.0059450306,0.0003211665,1.0000000000
2025-12-04,0.0073530269,0.0008829242,1.0000000000
2025-12-05,-0.0071432272,0.0032559184,1.0000000000
2025-12-08,-0.0046840668,-0.0001598695,1.0000000000
2025-12-09,-0.0027848945,-0.0023685262,1.0000000000
2025-12-10,-0.0056629211,0.0013163363,1.0000000000
2025-12-11,-0.0067968253,-0.0011684674,1.0000000000
2025-12-12,-0.0070505889,-0.0179765072,1.0000000000
2025-12-15,-0.0058665373,-0.0070042165,1.0000000000
2025-12-16,0.0042534556,0.0027606773,1.0000000000
2025-12-17,0.0124535034,-0.0121981678,1.0000000000
2025-12-18,-0.0022081067,0.0103413241,1.0000000000
2025-12-19,-0.0038996990,0.0161089034,1.0000000000
2025-12-22,-0.0132124776,0.0018261446,1.0000000000
2025-12-23,0.0058957885,0.0039198606,1.0000000000
2025-12-24,0.0029519158,0.0010765646,1.0000000000
2025-12-26,-0.0013921245,0.0002889153,1.0000000000
2025-12-29,-0.0085382517,-0.0052047497,1.0000000000
2025-12-30,0.0039673233,-0.0032202265,1.0000000000
2025-12-31,0.0010107562,-0.0059874426,1.0000000000
2026-01-02,-0.0023048530,-0.0009279458,1.0000000000
2026-01-05,0.0167644011,0.0060587593,1.0000000000
2026-01-06,-0.0080011541,0.0104956494,1.0000000000
2026-01-07,-0.0052454006,0.0005797512,1.0000000000
2026-01-08,0.0014038213,-0.0066479776,1.0000000000
2026-01-09,0.0063337486,0.0109175939,1.0000000000
2026-01-12,0.0028157550,-0.0023130793,1.0000000000
2026-01-13,0.0211089259,0.0012471619,1.0000000000
2026-01-14,-0.0055521198,-0.0118013414,1.0000000000
2026-01-15,-0.0004080923,0.0063508993,1.0000000000
2026-01-16,0.0077739642,-0.0025916113,1.0000000000
2026-01-20,0.0088019259,-0.0195710662,1.0000000000
2026-01-21,-0.0046185260,0.0151526348,1.0000000000
2026-01-22,-0.0000185831,0.0038054182,1.0000000000
2026-01-23,-0.0115795395,0.0016759326,1.0000000000
2026-01-26,0.0020740514,0.0084139063,1.0000000000
2026-01-27,-0.0005572348,0.0119013433,1.0000000000
2026-01-28,-0.0018386980,-0.0016711862,1.0000000000
2026-01-29,0.0167989115,-0.0085434762,1.0000000000
2026-01-30,0.0121029717,-0.0120579455,1.0000000000
2026-02-02,0.0005358811,0.0133778860,1.0000000000
2026-02-03,-0.0129519492,-0.0217926536,1.0000000000
2026-02-04,0.0098538942,-0.0106043849,1.0000000000
2026-02-05,0.0116195188,-0.0280444503,1.0000000000
2026-02-06,0.0217025297,0.0309170247,1.0000000000
2026-02-09,-0.0127931308,0.0078583850,1.0000000000
2026-02-10,-0.0100545630,-0.0017905686,1.0000000000
2026-02-11,-0.0406340242,-0.0008642760,1.0000000000
2026-02-12,0.0026921289,-0.0208748164,1.0000000000
2026-02-13,0.0220889042,0.0012335184,1.0000000000
2026-02-17,0.0246839766,-0.0009324898,1.0000000000
2026-02-18,0.0001330596,0.0088655050,1.0000000000
2026-02-19,0.0113739288,-0.0017508796,1.0000000000
2026-02-20,0.0079572248,0.0072805494,1.0000000000
2026-02-23,-0.0184801241,-0.0102012320,1.0000000000
2026-02-24,0.0067978245,0.0103893517,1.0000000000
2026-02-25,0.0107213424,0.0099377464,1.0000000000
2026-02-26,-0.0040559307,-0.0129789358,1.0000000000
2026-02-27,0.0014529035,-0.0024552211,1.0000000000
2026-03-02,-0.0151294899,0.0007598533,1.0000000000
2026-03-03,0.0073417167,-0.0072461376,1.0000000000
2026-03-04,0.0063534649,0.0187320642,1.0000000000
2026-03-05,0.0137713729,-0.0051841276,1.0000000000
2026-03-06,-0.0006505554,-0.0176198445,1.0000000000
2026-03-09,0.0004202189,0.0105210421,1.0000000000
2026-03-10,0.0038042607,0.0055858536,1.0000000000
2026-03-11,-0.0020109627,-0.0090553510,1.0000000000
2026-03-12,0.0092211501,-0.0103819427,1.0000000000
2026-03-13,-0.0057529330,-0.0054800489,1.0000000000
2026-03-16,-0.0009012728,0.0114080615,1.0000000000
2026-03-17,-0.0032311376,0.0049482681,1.0000000000
2026-03-18,-0.0021998800,-0.0149043403,1.0000000000
2026-03-19,0.0100169919,-0.0001346371,1.0000000000
2026-03-20,-0.0043799280,-0.0117654980,1.0000000000
2026-03-23,0.0072576898,0.0040255825,1.0000000000
2026-03-24,-0.0100472611,-0.0013800217,1.0000000000
2026-03-25,-0.0027364619,-0.0035843512,1.0000000000
2026-03-26,-0.0033328337,-0.0183612930,1.0000000000
2026-03-27,0.0010196732,-0.0271974157,1.0000000000
2026-03-30,-0.0005947455,-0.0073197293,1.0000000000
2026-03-31,0.0148820030,0.0434508929,1.0000000000
2026-04-01,-0.0288905065,0.0063427498,1.0000000000
2026-04-02,-0.0042692879,0.0015928203,1.0000000000
2026-04-06,-0.0326236769,0.0038303694,1.0000000000
2026-04-07,-0.0051897556,0.0308837558,1.0000000000
2026-04-08,-0.0113444024,-0.0010740784,1.0000000000
2026-04-09,-0.0016523394,0.0080725203,1.0000000000
2026-04-10,0.0096154379,0.0050705612,1.0000000000
2026-04-13,0.0036121864,0.0097307711,1.0000000000
2026-04-14,0.0139884781,0.0169294203,1.0000000000
2026-04-15,0.0023192848,0.0150098582,1.0000000000
2026-04-16,0.0033379644,0.0029450467,1.0000000000
2026-04-17,0.0032900420,0.0136355117,1.0000000000
2026-04-20,0.0052438723,-0.0015407492,1.0000000000
2026-04-21,0.0073868396,-0.0007409292,1.0000000000
2026-04-22,-0.0043993998,0.0122936262,1.0000000000
2026-04-23,0.0032287134,-0.0004424441,1.0000000000
2026-04-24,0.0064617085,0.0126686611,1.0000000000
2026-04-27,-0.0157178648,0.0027884123,1.0000000000
2026-04-28,-0.0082131061,-0.0089131382,1.0000000000
2026-04-29,0.0131959290,0.0113591556,1.0000000000
2026-04-30,0.0145464729,0.0015296834,1.0000000000
2026-05-01,-0.0070119567,0.0084744481,1.0000000000
2026-05-04,0.0083040397,-0.0023013878,1.0000000000
2026-05-05,0.0034080442,0.0226934524,1.0000000000
2026-05-06,0.0097594174,0.0105638414,1.0000000000
2026-05-07,-0.0158345241,0.0003167701,1.0000000000
2026-05-08,0.0027257435,0.0248585782,1.0000000000
2026-05-11,0.0216286698,0.0018816011,1.0000000000
2026-05-12,0.0119211410,-0.0118312495,1.0000000000
2026-05-13,-0.0010369707,0.0189956022,1.0000000000
2026-05-14,0.0182631335,0.0019908394,1.0000000000
2026-05-15,-0.0068879083,-0.0189101317,1.0000000000
2026-05-18,-0.0099236352,0.0006231324,1.0000000000
2026-05-19,-0.0243041650,-0.0060717571,1.0000000000
2026-05-20,0.0118499359,0.0085296044,1.0000000000
2026-05-21,-0.0058432506,0.0123316625,1.0000000000
2026-05-22,-0.0031868558,-0.0023346410,1.0000000000
2026-05-26,-0.0025464495,0.0215570871,1.0000000000
2026-05-27,0.0069311058,-0.0039864245,1.0000000000
2026-05-28,0.0105557775,0.0106386633,1.0000000000
2026-05-29,0.0040784073,0.0028413726,1.0000000000
2026-06-01,-0.0051350349,0.0035653765,1.0000000000
2026-06-02,0.0092728072,0.0078078565,1.0000000000
2026-06-03,-0.0065974267,-0.0104281157,1.0000000000
2026-06-04,0.0161345432,-0.0039280490,1.0000000000
2026-06-05,0.0018932475,-0.0477032283,1.0000000000
2026-06-08,0.0061250261,0.0215764672,1.0000000000
2026-06-09,-0.0072325631,-0.0122167708,1.0000000000
2026-06-10,0.0068689321,-0.0239715850,1.0000000000
2026-06-11,-0.0029083215,0.0429878358,1.0000000000
2026-06-12,-0.0191744658,0.0053796325,1.0000000000
2026-06-15,-0.0308863645,0.0271828552,1.0000000000
2026-06-16,-0.0127691438,-0.0167835942,1.0000000000
2026-06-17,-0.0028800817,-0.0006999878,1.0000000000
2026-06-18,0.0011041442,0.0135608894,1.0000000000
2026-06-22,0.0047678901,-0.0049450650,1.0000000000
2026-06-23,-0.0244311210,-0.0273442276,1.0000000000
2026-06-24,0.0001811402,0.0118708452,1.0000000000
2026-06-25,0.0059182712,-0.0132635879,1.0000000000
2026-06-26,-0.0244290815,-0.0124907334,1.0000000000
2026-06-29,-0.0059213179,0.0254957507,1.0000000000
2026-06-30,0.0024307740,0.0169751381,1.0000000000
2026-07-01,0.0207450531,-0.0163522525,1.0000000000
2026-07-02,-0.0127862405,-0.0138488091,1.0000000000
2026-07-06,0.0010353805,0.0085687883,1.0000000000
2026-07-07,-0.0026254723,-0.0184029764,1.0000000000
2026-07-08,-0.0049700369,0.0072924899,1.0000000000
2026-07-09,-0.0151929547,0.0150230259,1.0000000000
2026-07-10,-0.0046416803,0.0046476886,1.0000000000
2026-07-13,0.0004164498,-0.0216852540,1.0000000000
2026-07-14,0.0023272580,0.0162409401,1.0000000000
2026-07-15,-0.0009194702,-0.0065228711,1.0000000000
2026-07-16,0.0058607000,-0.0201983635,1.0000000000
2026-07-17,0.0084785028,-0.0132168618,1.0000000000
2026-07-20,-0.0046741136,0.0032006920,1.0000000000
2026-07-21,-0.0056266433,0.0183955621,1.0000000000
2026-07-22,-0.0063352363,-0.0053766476,1.0000000000
2026-07-23,-0.0046802364,-0.0159901250,1.0000000000
2026-07-24,-0.0089872194,-0.0138997030,1.0000000000
2026-07-27,-0.0093033261,-0.0038874104,1.0000000000
2026-07-28,-0.0120117754,-0.0019984105,1.0000000000
2026-07-29,0.0003158262,-0.0203124081,1.0000000000
2026-07-30,-0.0213439703,0.0333448436,1.0000000000
2026-07-31,0.0295420525,-0.0055355379,1.0000000000
2026-08-03,0.0172830495,0.0253188598,1.0000000000
2026-08-04,0.0012570377,0.0298803078,1.0000000000
2026-08-05,0.0144809207,-0.0086611232,1.0000000000
2026-08-06,-0.0147778024,0.0006838704,1.0000000000
2026-08-07,0.0047088494,0.0086889819,1.0000000000
2026-08-10,-0.0010563958,-0.0045175117,1.0000000000
2026-08-11,0.0028249228,-0.0013511809,1.0000000000
2026-08-12,0.0082719044,0.0049931153,1.0000000000
2026-08-13,0.0056077032,0.0134379584,1.0000000000
2026-08-14,0.0050984045,-0.0019664341,1.0000000000
2026-08-17,0.0031357236,-0.0012177601,1.0000000000
2026-08-18,0.0048715256,-0.0188777467,1.0000000000
2026-08-19,-0.0038591822,0.0036024463,1.0000000000
2026-08-20,-0.0095000945,-0.0112694084,1.0000000000
2026-08-21,-0.0095289949,0.0050516421,1.0000000000
2026-08-24,0.0002065548,-0.0112845642,1.0000000000
2026-08-25,-0.0001875315,0.0042906300,1.0000000000
2026-08-26,0.0028834193,0.0148721130,1.0000000000
2026-08-27,-0.0213084189,-0.0014137897,1.0000000000
2026-08-28,-0.0048952563,-0.0034846609,1.0000000000
2026-08-31,-0.0015989727,0.0006346987,1.0000000000
2026-09-01,0.0035340765,-0.0123763081,1.0000000000
2026-09-02,0.0069510968,0.0025007421,1.0000000000
2026-09-03,0.0013061615,0.0104706877,1.0000000000
2026-09-04,-0.0051489402,0.0006554816,1.0000000000
2026-09-08,-0.0008464295,-0.0001672474,1.0000000000
2026-09-09,-0.0026445587,-0.0012127464,1.0000000000
2026-09-10,0.0137642532,-0.0134133508,1.0000000000
2026-09-11,-0.0079044911,0.0113040162,1.0000000000
2026-09-14,0.0011440001,-0.0073927457,1.0000000000
2026-09-15,-0.0121379384,-0.0061386264,1.0000000000
2026-09-16,0.0090682819,0.0059709408,1.0000000000
2026-09-17,-0.0034399167,0.0089236884,1.0000000000
2026-09-18,-0.0067276280,0.0087441725,1.0000000000
2026-09-21,-0.0069382834,0.0290007617,1.0000000000
2026-09-22,0.0132131657,0.0071737170,1.0000000000
2026-09-23,-0.0169760501,-0.0100491768,1.0000000000
2026-09-24,-0.0072172034,-0.0018781048,1.0000000000
2026-09-25,0.0095828386,0.0081028259,1.0000000000
2026-09-28,-0.0094679099,-0.0112031124,1.0000000000
2026-09-29,0.0024733790,0.0043562899,1.0000000000
2026-09-30,0.0095517359,0.0034312269,1.0000000000
2026-10-01,-0.0033501703,0.0010770059,1.0000000000
2026-10-02,0.0077739976,0.0000000000,1.0000000000
