Ticker,Name,Last Price,Market Cap,Trading Region,Avg Volume,Total Revenues (FQ),Total Revenues/CAGR (2Y FQ),Price Chg. % (1M),Price Chg. % (3M),Price Chg. % (6M),Volume Notional,Volatility (3M),Total Revenues/CAGR (1Y FQ)
UIS,Unisys Corporation,2.3200,169.17,United States and Canada,585131,473.50,-0.0049,-0.1375,-0.3371,0.0892,1381792.00,59.30,-0.0203
CLW,Clearwater Paper Corporation,20.3400,328.04,United States and Canada,144601,374.80,0.0432,-0.0657,0.2202,0.4294,1952640.00,58.54,-0.0434
RM,Regional Management Corp.,30.8200,284.34,United States and Canada,75214,161.25,0.0794,-0.0756,-0.2083,-0.0449,1901594.00,58.26,0.0595
FNKO,Funko Inc.,5.5000,308.48,United States and Canada,972001,207.72,-0.0842,-0.1828,-0.0265,0.6667,3632750.00,57.79,0.0737
HLLY,Holley Inc.,2.4700,296.75,United States and Canada,1358087,172.01,0.0074,-0.1453,0.0466,-0.1570,2576457.00,57.04,0.0321
CYH,Community Health Systems Inc.,2.9400,398.45,United States and Canada,1175569,2825.00,-0.0515,-0.0101,-0.0813,0.0000,3542994.00,56.68,-0.0983
PARK,Park Dental Partners Inc.,19.9100,94.68,United States and Canada,34622,66.21,0.0614,-0.0269,0.0913,0.2336,1702305.00,56.63,0.0510
LOVE,The Lovesac Company,15.1900,219.09,United States and Canada,325621,161.25,0.0148,-0.0459,-0.0571,0.3454,3621296.00,56.63,0.0045
CCCC,C4 Therapeutics Inc.,2.9800,366.61,United States and Canada,2142073,6.64,-0.2563,-0.2905,-0.3227,0.1078,6314024.00,56.34,0.0275
BOOM,DMC Global Inc.,5.9100,121.40,United States and Canada,125555,156.95,-0.0425,-0.1372,-0.0199,0.1796,1486956.00,55.67,0.0094
BNED,Barnes & Noble Education Inc.,11.3300,392.75,United States and Canada,232917,290.60,0.0503,-0.1015,-0.1564,0.2356,1571471.00,55.66,0.0084
EGAN,eGain Corporation,5.8300,152.58,United States and Canada,309180,22.15,-0.0070,-0.1903,-0.0458,-0.2916,2099383.00,55.57,-0.0467
TBCH,Turtle Beach Corporation,12.7400,228.17,United States and Canada,284487,56.37,-0.1415,-0.0086,0.0400,0.0833,2288104.00,55.12,-0.0073
IIIV,i3 Verticals Inc.,14.8800,391.67,United States and Canada,832938,53.07,0.0719,-0.1247,-0.2593,-0.3491,4688688.00,53.65,0.0225
PTLO,Portillo's Inc.,3.4950,265.42,United States and Canada,1511683,198.95,0.0459,-0.2794,-0.2057,-0.3552,6222498.00,51.58,0.0557
NAGE,Niagen Bioscience Inc.,3.0500,241.84,United States and Canada,431905,29.79,0.1445,-0.0673,-0.0785,-0.3252,1887645.00,51.09,-0.0428
IMMR,Immersion Corporation,7.2800,241.74,United States and Canada,455607,294.40,0.2667,-0.0496,0.0898,0.1723,1875328.00,50.46,0.0081
RAIL,FreightCar America Inc.,7.1800,235.44,United States and Canada,377763,113.14,-0.1239,-0.0097,-0.2505,-0.1201,1198342.00,49.60,-0.0462
FNWD,Finward Bancorp,43.2400,187.36,United States and Canada,13071,17.31,0.0908,0.0042,0.2610,0.1792,1197748.00,48.86,0.0244
TCS,Tecsys Inc.,37.5000,382.22,United States and Canada,15562,35.70,0.0880,0.2093,0.0745,0.3935,1595887.50,48.81,0.0889
LE,Lands' End Inc.,10.2600,303.12,United States and Canada,178881,302.04,-0.0242,-0.1429,-0.1253,-0.2309,1209654.00,48.52,0.0271
III,Information Services Group Inc.,5.2600,254.65,United States and Canada,235820,65.49,0.0095,0.0354,0.2956,0.3418,1608508.00,48.14,0.0637
VFF,Village Farms International Inc.,3.1700,387.65,United States and Canada,714346,63.98,0.0926,0.1007,0.7228,0.1123,3241008.00,47.77,0.0681
HDSN,Hudson Technologies Inc.,5.1600,217.18,United States and Canada,448122,78.34,0.0201,-0.0567,-0.0736,-0.1704,1407132.00,47.31,0.0754
ZUMZ,Zumiez Inc.,13.3100,204.05,United States and Canada,414030,208.96,-0.0029,-0.2786,-0.2687,-0.4039,2374504.00,46.65,-0.0248
OPI,Office Properties Income Trust,16.6000,364.43,United States and Canada,126564,116.83,-0.0281,-0.0778,-0.0674,,1157020.00,45.40,0.0204
CVO,Coveo Solutions Inc.,4.1600,274.90,United States and Canada,242548,38.55,0.0939,-0.0370,-0.0212,-0.0393,1216916.48,45.32,0.0845
DSX,Diana Shipping Inc.,2.8000,321.01,United States and Canada,1626317,57.28,0.0114,0.0182,0.3725,0.1336,2498160.00,44.33,0.0475
SMTI,Sanara MedTech Inc.,35.0600,322.13,United States and Canada,139731,28.14,0.1814,0.0112,0.5164,1.1457,5669202.00,44.22,0.0904
ZH,Zhihu Inc.,3.7600,286.89,United States and Canada,831838,101.64,-0.1403,0.1899,0.2746,0.3286,3476872.00,43.33,-0.0373
CION,CION Investment Corporation,7.1600,352.29,United States and Canada,338184,49.79,-0.0992,-0.0466,0.1913,0.0070,2450152.00,43.20,-0.0469
XPER,Xperi Inc.,5.5600,271.17,United States and Canada,344842,114.49,-0.0216,-0.1175,-0.2779,-0.0054,1514544.00,42.85,0.0808
RWAY,Runway Growth Finance Corp.,6.7800,284.15,United States and Canada,301092,37.03,0.0406,0.0335,0.2890,-0.0342,1925520.00,42.78,0.0535
AVNW,Aviat Networks Inc.,20.0900,257.18,United States and Canada,127530,120.89,0.0180,-0.0501,-0.0137,-0.1928,1886451.00,42.55,0.0481
RMNI,Rimini Street Inc.,4.2200,393.96,United States and Canada,339637,111.08,0.0378,-0.1885,0.0369,0.3354,1065550.00,42.32,0.0669
OSUR,OraSure Technologies Inc.,3.9300,271.05,United States and Canada,721625,30.64,-0.2491,0.0397,-0.1088,0.2516,1865178.00,41.50,-0.0193
JILL,J.Jill Inc.,24.6300,366.08,United States and Canada,199911,154.83,-0.0013,0.2465,0.6322,0.6119,5753568.00,41.13,0.0055
STRT,Strattec Security Corporation,66.9200,266.68,United States and Canada,76957,151.83,0.0302,-0.1537,-0.1716,-0.1822,5895652.00,41.01,-0.0012
GCO,Genesco Inc.,34.5400,373.73,United States and Canada,183020,529.86,0.0044,0.0271,-0.0058,0.2524,2531782.00,40.12,-0.0295
VNDA,Vanda Pharmaceuticals Inc.,5.0500,305.34,United States and Canada,816378,50.53,0.0005,-0.0717,-0.1368,-0.3034,3649635.00,39.05,-0.0392
HLS,HLS Therapeutics Inc.,4.0200,86.52,United States and Canada,78963,14.67,0.0053,0.0469,-0.0563,-0.0843,1488754.74,37.82,0.0354
ELME,Elme Communities,1.7300,153.75,United States and Canada,835168,62.10,0.0470,0.0237,0.2815,-0.1478,1208059.00,37.66,0.0172
SAR,Saratoga Investment Corp.,17.1100,279.07,United States and Canada,122245,30.78,-0.1080,-0.0711,-0.2258,-0.2282,2061755.00,37.48,-0.0477
BGS,B&G Foods Inc.,3.1000,251.95,United States and Canada,2217364,383.27,-0.0715,-0.1193,-0.2250,-0.3933,5048970.00,37.24,-0.0970
LMNR,Limoneira Company,11.7800,213.60,United States and Canada,156210,43.81,-0.1681,-0.1464,-0.0931,-0.1248,1764644.00,36.42,-0.0773
ACCO,ACCO Brands Corporation,4.3100,397.85,United States and Canada,703139,415.10,-0.0268,0.0238,0.0775,0.4367,3177332.00,36.41,0.0514
INGN,Inogen Inc.,5.3600,142.25,United States and Canada,439285,95.08,0.0350,-0.0325,-0.2094,-0.1651,3298008.00,35.78,0.0304
CHCT,Community Healthcare Trust Incorporated,14.4100,389.73,United States and Canada,375155,31.22,0.0653,-0.0406,-0.1977,-0.0880,4625610.00,34.84,0.0735
HRZN,Horizon Technology Finance Corporation,4.6300,310.37,United States and Canada,458383,25.05,-0.0124,-0.0294,0.0499,0.0946,1276028.00,34.27,0.0214
AUDC,AudioCodes Ltd.,10.6600,262.14,United States and Canada,106890,62.96,0.0218,0.0866,0.1831,0.2295,1016964.00,34.18,0.0308
CZFS,Citizens Financial Services Inc.,79.8500,384.07,United States and Canada,40629,29.21,0.1360,-0.0108,0.1248,0.3578,2722885.00,32.51,0.0996
PERI,Perion Network Ltd.,8.5900,337.85,United States and Canada,821683,98.24,-0.0493,-0.1235,-0.0126,-0.1636,2041843.00,29.17,-0.0460
FSTR,L.B. Foster Company,37.4700,394.18,United States and Canada,43307,138.55,-0.0080,-0.0168,-0.1606,0.3363,2409321.00,25.21,-0.0349
OVBC,Ohio Valley Banc Corp.,44.1500,207.99,United States and Canada,27203,14.83,0.0119,-0.0234,0.0403,0.0450,1721850.00,24.97,-0.0866
FXNC,First National Corporation,29.3800,265.67,United States and Canada,28602,23.57,0.3099,-0.0553,-0.0161,0.1058,2415036.00,24.74,0.0995
SPOK,Spok Holdings Inc.,10.4600,218.80,United States and Canada,143489,35.01,0.0150,-0.0109,0.0019,-0.0602,1163152.00,21.89,-0.0189
AIV,Apartment Investment and Management Company,2.1800,333.35,United States and Canada,2192558,34.64,-0.1622,-0.1550,-0.2483,-0.4631,2654804.00,21.21,-0.0395
FSBW,FS Bancorp Inc.,44.1800,323.80,United States and Canada,34390,36.16,0.0136,0.0339,0.0347,0.1285,1179606.00,20.72,0.0254
FRAF,Franklin Financial Services Corporation,62.6500,281.90,United States and Canada,39385,22.86,0.1264,0.0089,0.0034,0.2495,1572515.00,20.30,0.0530