session,strategy,bench_cc,bench_oc,equity
2021-10-25,0.0000000000,0.0050092336,0.0018178471,1.0000000000
2021-10-26,0.0002349750,-0.0025265866,-0.0104138182,1.0002349750
2021-10-27,0.0000000000,-0.0087272895,-0.0122074346,1.0002349750
2021-10-28,0.0000000000,0.0119866196,0.0128807254,1.0002349750
2021-10-29,0.0000000000,0.0078505188,0.0128492007,1.0002349750
2021-11-01,0.0000494713,-0.0022092652,-0.0056742096,1.0002844579
2021-11-02,0.0000000000,0.0021456778,0.0003189865,1.0002844579
2021-11-03,0.0003222341,-0.0024599686,-0.0001141553,1.0006067837
2021-11-04,0.0000000000,0.0101838109,0.0071252959,1.0006067837
2021-11-05,-0.0006405660,-0.0076851789,-0.0136823186,0.9999658291
2021-11-08,0.0000000000,0.0133026583,0.0091878403,0.9999658291
2021-11-09,0.0001397507,0.0037540744,-0.0005819419,1.0001055749
2021-11-10,-0.0002081171,-0.0285317567,-0.0221150161,0.9998974358
2021-11-11,0.0000706815,0.0047950574,-0.0028140658,0.9999681101
2021-11-12,0.0002463197,0.0167255541,0.0103739170,1.0002144219
2021-11-15,0.0000162922,-0.0053932077,-0.0074984800,1.0002307176
2021-11-16,0.0000000000,0.0110717851,0.0118982743,1.0002307176
2021-11-17,0.0000000000,-0.0081680280,-0.0088352693,1.0002307176
2021-11-18,0.0000000000,-0.0091855204,-0.0109085981,1.0002307176
2021-11-19,0.0000000000,0.0032424533,-0.0105618737,1.0002307176
2021-11-22,-0.0003448523,-0.0282456300,-0.0299897762,0.9998857857
2021-11-23,-0.0005217237,-0.0155521724,-0.0048065540,0.9993641216
2021-11-24,-0.0002236957,0.0045918489,0.0181572665,0.9991405682
2021-11-26,-0.0004806781,-0.0095917014,-0.0061552355,0.9986603032
2021-11-29,0.0001737817,0.0199670006,0.0133757810,0.9988338522
2021-11-30,-0.0005147376,-0.0272893515,-0.0221080419,0.9983197148
2021-12-01,-0.0003792060,-0.0457941673,-0.0528708134,0.9979411460
2021-12-02,-0.0007789540,0.0205860066,0.0144363545,0.9971637957
2021-12-03,0.0010413906,-0.0336839500,-0.0275951385,0.9982022327
2021-12-06,-0.0003827845,0.0012549944,0.0046257035,0.9978201363
2021-12-07,0.0000000000,0.0381398204,0.0153615211,0.9978201363
2021-12-08,0.0000207383,0.0096343387,0.0102815721,0.9978408295
2021-12-09,-0.0004944239,-0.0226845638,-0.0220401485,0.9973474731
2021-12-10,-0.0005052584,0.0139466357,0.0002217022,0.9968435549
2021-12-13,-0.0002727354,-0.0022904147,-0.0050104384,0.9965716805
2021-12-14,-0.0004186526,-0.0329293278,-0.0112560886,0.9961544632
2021-12-15,-0.0003512315,0.0251678281,0.0237045344,0.9958045823
2021-12-16,-0.0000811858,-0.0314219555,-0.0270858343,0.9957237371
2021-12-17,-0.0000800000,0.0043957739,0.0160447276,0.9956440792
2021-12-20,-0.0004339178,-0.0158681409,0.0016671877,0.9952120515
2021-12-21,0.0000000000,0.0275928430,0.0209813700,0.9952120515
2021-12-22,0.0000000000,0.0058208691,0.0076825558,0.9952120515
2021-12-23,0.0000000000,0.0066426792,0.0061616619,0.9952120515
2021-12-27,0.0000000000,0.0127977604,0.0088889996,0.9952120515
2021-12-28,0.0000000000,-0.0104395469,-0.0142105522,0.9952120515
2021-12-29,0.0000000000,-0.0013966480,-0.0011475328,0.9952120515
2021-12-30,0.0000000000,0.0023726274,0.0015471764,0.9952120515
2021-12-31,0.0000000000,0.0000000000,0.0000000000,0.9952120515
2022-01-03,0.0000000000,-0.0198330634,-0.0093926269,0.9952120515
2022-01-04,-0.0003110378,-0.0228526399,-0.0238699848,0.9949025029
2022-01-05,-0.0004639636,-0.0492976067,-0.0347332277,0.9944409043
2022-01-06,-0.0003290121,0.0011219045,0.0057177415,0.9941137213
2022-01-07,0.0000000000,-0.0084185207,-0.0093932609,0.9941137213
2022-01-10,-0.0004205645,0.0094272011,0.0250237922,0.9936956323
2022-01-11,-0.0005156244,0.0177225560,0.0185291465,0.9931832586
2022-01-12,-0.0004092159,-0.0029783466,-0.0110056825,0.9927768322
2022-01-13,-0.0003306197,-0.0428440713,-0.0453874440,0.9924486007
2022-01-14,-0.0000465085,0.0038801102,0.0115880436,0.9924024434
2022-01-18,-0.0003762953,-0.0184012996,-0.0079821110,0.9920290070
2022-01-19,-0.0004468068,-0.0005706623,-0.0073962820,0.9915857617
2022-01-20,0.0000795506,-0.0051959917,-0.0161782145,0.9916646429
2022-01-21,-0.0004959325,-0.0281819486,-0.0255532215,0.9911728442
2022-01-24,0.0001506376,0.0210849600,0.0448117484,0.9913221521
2022-01-25,0.0008034607,-0.0374237210,-0.0207714260,0.9921186405
2022-01-26,0.0000700205,-0.0105459243,-0.0352141560,0.9921881092
2022-01-27,-0.0006161268,0.0001214624,-0.0223805283,0.9915767955
2022-01-28,-0.0000597809,0.0384685451,0.0363603309,0.9915175181
2022-01-31,0.0003681105,0.0381253106,0.0338933698,0.9918825062
2022-02-01,-0.0006435390,0.0054637114,-0.0024309825,0.9912441911
2022-02-02,-0.0000100177,-0.0097756365,-0.0141112165,0.9912342611
2022-02-03,0.0001242841,-0.0382722335,-0.0134923398,0.9913574558
2022-02-04,0.0002324822,0.0325597812,0.0268214923,0.9915879288
2022-02-07,-0.0000401933,-0.0054976357,-0.0089698828,0.9915480736
2022-02-08,0.0000000000,0.0113997651,0.0136644180,0.9915480736
2022-02-09,-0.0003677300,0.0320296791,0.0176202843,0.9911834516
2022-02-10,-0.0004295293,-0.0157510565,0.0047058824,0.9907577093
2022-02-11,-0.0003799434,-0.0344875655,-0.0376000445,0.9903812774
2022-02-14,-0.0004457143,-0.0023389449,0.0017105912,0.9899398503
2022-02-15,-0.0000742816,0.0211577424,0.0063608877,0.9898663160
2022-02-16,-0.0003287562,-0.0075536408,0.0032233110,0.9895408913
2022-02-17,-0.0006211287,-0.0439389396,-0.0310012447,0.9889262590
2022-02-18,-0.0003948748,-0.0214183295,-0.0198958832,0.9885357569
2022-02-22,0.0000441862,-0.0083030618,0.0016649709,0.9885794366
2022-02-23,-0.0001113389,-0.0249330501,-0.0378458828,0.9884693692
2022-02-24,-0.0003648770,0.0609274868,0.0946905537,0.9881086995
2022-02-25,-0.0004299303,0.0077959949,0.0080959609,0.9876838816
2022-02-28,-0.0004090479,0.0098319998,0.0156194322,0.9872798715
2022-03-01,0.0002873470,-0.0085667505,-0.0075511458,0.9875635634
2022-03-02,-0.0002319922,0.0152171990,0.0077281110,0.9873344563
2022-03-03,-0.0020030025,-0.0253013798,-0.0336386153,0.9853568229
2022-03-04,-0.0005790111,-0.0214579484,-0.0135496470,0.9847862904
2022-03-07,-0.0005092854,-0.0429432905,-0.0406350176,0.9842847531
2022-03-08,-0.0012515826,-0.0104060591,-0.0054052325,0.9830528394
2022-03-09,-0.0003056971,0.0485255812,0.0229012423,0.9827523230
2022-03-10,0.0017182328,-0.0152119242,0.0029047069,0.9844409203
2022-03-11,-0.0004406038,-0.0303955154,-0.0360990712,0.9840071719
2022-03-14,0.0006610378,-0.0291000193,-0.0260029000,0.9846576379
2022-03-15,-0.0003083701,0.0251753341,0.0141707030,0.9843539989
2022-03-16,0.0007056181,0.0417567524,0.0250849395,0.9850485769
2022-03-17,0.0002207978,0.0231700895,0.0271791523,0.9852660735
2022-03-18,0.0000356180,0.0293663528,0.0351010716,0.9853011667
2022-03-21,0.0005302020,-0.0090879680,-0.0032542453,0.9858235754
2022-03-22,0.0000000000,0.0247536507,0.0226895735,0.9858235754
2022-03-23,-0.0004273142,-0.0247060187,-0.0099379612,0.9854023190
2022-03-24,0.0000000000,0.0173729694,0.0141804079,0.9854023190
2022-03-25,0.0000984334,-0.0130188569,-0.0143136169,0.9854993154
2022-03-28,0.0002416750,0.0232166095,0.0219471850,0.9857374860
2022-03-29,0.0007302682,0.0241061364,0.0075929928,0.9864573387
2022-03-30,-0.0000914371,-0.0191075612,-0.0115472127,0.9863671399
2022-03-31,0.0004529616,-0.0074811532,-0.0076810218,0.9868139263
2022-04-01,-0.0001865034,0.0017104424,0.0029607268,0.9866298822
2022-04-04,0.0000000000,0.0243973027,0.0226215584,0.9866298822
2022-04-05,-0.0004206448,-0.0252853430,-0.0221082169,0.9862148615
2022-04-06,-0.0002456560,-0.0305498391,-0.0142642421,0.9859725919
2022-04-07,-0.0004208785,0.0038867462,0.0092275323,0.9855576172
2022-04-08,-0.0008103189,-0.0154570093,-0.0124570575,0.9847590012
2022-04-11,0.0003714747,-0.0113436990,-0.0021372088,0.9851248143
2022-04-12,-0.0004257217,-0.0070372977,-0.0238524935,0.9847054253
2022-04-13,-0.0005737366,0.0216929097,0.0181477615,0.9841404637
2022-04-14,0.0001458163,-0.0241879543,-0.0246292054,0.9842839674
2022-04-18,0.0000396142,-0.0105393293,-0.0047873663,0.9843229590
2022-04-19,-0.0005311061,0.0268632473,0.0293067819,0.9838001791
2022-04-20,0.0001460808,-0.0149053964,-0.0209807123,0.9839438933
2022-04-21,-0.0002210647,-0.0311110425,-0.0473494049,0.9837263780
2022-04-22,-0.0004708737,-0.0254489825,-0.0234103031,0.9832631672
2022-04-25,-0.0004070857,0.0184773366,0.0257567274,0.9828628948
2022-04-26,-0.0002816623,-0.0370227660,-0.0295440572,0.9825860594
2022-04-27,-0.0003526386,0.0003334445,-0.0040171309,0.9822395616
2022-04-28,-0.0010040145,0.0404000000,0.0182696072,0.9812533788
2022-04-29,-0.0007077505,-0.0389914136,-0.0284705578,0.9805588963
2022-05-02,-0.0001392146,0.0188698116,0.0205369665,0.9804223881
2022-05-03,0.0001815780,-0.0080821963,-0.0053809305,0.9806004112
2022-05-04,0.0002651795,0.0302500495,0.0266938427,0.9808604464
2022-05-05,-0.0004792149,-0.0567705165,-0.0401120923,0.9803904034
2022-05-06,0.0008646550,-0.0319777310,-0.0179426249,0.9812381029
2022-05-09,0.0003957676,-0.0538644971,-0.0319687130,0.9816264452
2022-05-10,-0.0006873174,0.0130467013,-0.0117868248,0.9809517562
2022-05-11,-0.0001452600,-0.0332577199,-0.0228180473,0.9808092632
2022-05-12,0.0009813434,0.0090451501,0.0285075030,0.9817717739
2022-05-13,-0.0002298081,0.0492836246,0.0280002940,0.9815461548
2022-05-16,-0.0009613461,-0.0236631398,-0.0166684667,0.9806025493
2022-05-17,0.0001132867,0.0174635718,-0.0043350530,0.9807136386
2022-05-18,-0.0000933971,-0.0396891080,-0.0273698021,0.9806220428
2022-05-19,-0.0003043179,0.0172736811,0.0208309833,0.9803236220
2022-05-20,-0.0001839797,0.0121551438,-0.0069027828,0.9801432623
2022-05-23,0.0001503915,0.0104807307,0.0002881948,0.9802906675
2022-05-24,-0.0005948079,-0.0347894983,-0.0141979623,0.9797075829
2022-05-25,-0.0017052294,0.0299242566,0.0340525961,0.9780369567
2022-05-26,-0.0004029362,0.0214469442,0.0246765518,0.9776428702
2022-05-27,0.0000000000,0.0343677957,0.0258899676,0.9776428702
2022-05-31,-0.0001050855,-0.0197846660,-0.0150565050,0.9775401342
2022-06-01,-0.0005710552,0.0056669115,-0.0136549216,0.9769819048
2022-06-02,-0.0004465863,0.0459146405,0.0501152476,0.9765455980
2022-06-03,0.0003235241,-0.0233130467,-0.0054859465,0.9768615341
2022-06-06,-0.0005962517,0.0001021520,-0.0135849944,0.9762790787
2022-06-07,-0.0003158223,0.0163426509,0.0283165111,0.9759707480
2022-06-08,-0.0001365444,-0.0067334428,-0.0007414397,0.9758374846
2022-06-09,-0.0004167582,-0.0245531197,-0.0165762764,0.9754307964
2022-06-10,0.0003446268,-0.0440840882,-0.0159809226,0.9757669560
2022-06-13,0.0001491150,-0.0568596954,-0.0229325140,0.9759124575
2022-06-14,0.0001191872,0.0057142857,-0.0091438071,0.9760287738
2022-06-15,-0.0001311758,0.0265405735,0.0133634481,0.9759007424
2022-06-16,-0.0005250269,-0.0444279346,-0.0142172830,0.9753883682
2022-06-17,-0.0004864254,0.0196703468,0.0203049634,0.9749139146
2022-06-21,-0.0001312713,0.0184521540,0.0056088839,0.9747859364
2022-06-22,-0.0003608574,0.0018716778,0.0150182039,0.9744341777
2022-06-23,-0.0009498830,0.0364295322,0.0270660545,0.9735085792
2022-06-24,-0.0002860791,0.0426475360,0.0282281001,0.9732300788
2022-06-27,-0.0001447543,-0.0184980292,-0.0177168760,0.9730891996
2022-06-28,0.0007672959,-0.0370592172,-0.0370592172,0.9738358469
2022-06-29,-0.0000182447,0.0028900677,0.0002919069,0.9738180795
2022-06-30,-0.0007948911,-0.0165244036,-0.0020727690,0.9730440002
2022-07-01,-0.0002261003,0.0163940507,0.0180176833,0.9728239947
2022-07-05,-0.0007393486,0.0258730796,0.0415709522,0.9721047386
2022-07-06,0.0006944451,0.0014228799,-0.0033984707,0.9727798121
2022-07-07,0.0000809010,0.0201051435,0.0168543304,0.9728585110
2022-07-08,0.0004178120,-0.0034821366,0.0106296571,0.9732649830
2022-07-11,-0.0002962654,-0.0172269201,-0.0072711870,0.9729766382
2022-07-12,-0.0007512036,-0.0371911111,-0.0384560756,0.9722457346
2022-07-13,0.0022096106,-0.0091953174,0.0106603383,0.9743940191
2022-07-14,0.0000693048,-0.0086470369,-0.0013516558,0.9744615492
2022-07-15,0.0001052373,0.0250394767,0.0132302661,0.9745640989
2022-07-18,-0.0004249921,-0.0060519366,-0.0172263727,0.9741499169
2022-07-19,0.0000000000,0.0288571534,0.0162195655,0.9741499169
2022-07-20,-0.0006298379,0.0334995158,0.0289968932,0.9735363604
2022-07-21,-0.0000868435,0.0179767482,0.0185776790,0.9734518151
2022-07-22,-0.0004166466,-0.0207275083,-0.0173440066,0.9730462298
2022-07-25,-0.0002846144,-0.0122193211,-0.0118409138,0.9727692868
2022-07-26,-0.0005302378,-0.0309790653,-0.0295083124,0.9722534877
2022-07-27,-0.0003214430,0.0427350427,0.0233438035,0.9719409637
2022-07-28,0.0003800179,0.0186257412,0.0206192773,0.9723103186
2022-07-29,-0.0003869498,0.0111970963,0.0102630769,0.9719340834
2022-08-01,0.0003799106,-0.0009142935,0.0096848157,0.9723033314
2022-08-02,-0.0005286271,0.0016607918,0.0115520871,0.9717893455
2022-08-03,0.0005097380,0.0320441241,0.0222892576,0.9722847035
2022-08-04,-0.0002387420,0.0017704918,0.0079836368,0.9720525783
2022-08-05,0.0001475819,0.0018982785,0.0206721792,0.9721960357
2022-08-08,-0.0001025155,0.0000653339,-0.0032882956,0.9720963705
2022-08-09,0.0000000000,-0.0150911348,-0.0101116218,0.9720963705
2022-08-10,-0.0003265876,0.0378747678,0.0111147011,0.9717788959
2022-08-11,-0.0007511195,-0.0113440276,-0.0199562862,0.9710489739
2022-08-12,0.0000000000,0.0193283558,0.0101537476,0.9710489739
2022-08-15,-0.0006461037,0.0059612519,0.0116067727,0.9704215755
2022-08-16,0.0000097350,-0.0057368006,-0.0016458300,0.9704310225
2022-08-17,-0.0007072442,-0.0165805408,-0.0038855528,0.9697446907
2022-08-18,-0.0002414466,-0.0008381689,0.0001290739,0.9695105492
2022-08-19,-0.0000043746,-0.0221655804,-0.0144065041,0.9695063080
2022-08-22,-0.0003577590,-0.0271884383,-0.0091746202,0.9691594584
2022-08-23,-0.0003361075,-0.0021707425,-0.0020014926,0.9688337166
2022-08-24,0.0002107763,0.0063904280,-0.0017196035,0.9690379238
2022-08-25,-0.0006006572,0.0084439491,0.0095692162,0.9684558642
2022-08-26,0.0011085926,-0.0354690692,-0.0359211275,0.9695294872
2022-08-29,-0.0003560121,-0.0146885200,-0.0025660855,0.9691843230
2022-08-30,-0.0002181182,-0.0020792952,-0.0087169613,0.9689729263
2022-08-31,0.0000968423,-0.0066393558,-0.0168472562,0.9690667638
2022-09-01,-0.0002622506,-0.0143629124,-0.0052029136,0.9688126255
2022-09-02,0.0000072660,-0.0065286394,-0.0197871810,0.9688196648
2022-09-06,0.0008205170,-0.0078785898,-0.0110383265,0.9696145979
2022-09-07,-0.0002538564,0.0207128742,0.0228839666,0.9693684551
2022-09-08,-0.0002598161,0.0134447153,0.0216864857,0.9691165975
2022-09-09,0.0000585617,0.0284430608,0.0179634428,0.9691733506
2022-09-12,-0.0005568717,0.0126930618,0.0062893082,0.9686336454
2022-09-13,-0.0006923311,-0.0466711957,-0.0105760417,0.9679630302
2022-09-14,-0.0001749846,0.0004988242,-0.0006406150,0.9677936516
2022-09-15,-0.0005867775,-0.0322293447,-0.0130742691,0.9672257721
2022-09-16,0.0003740251,-0.0188040478,-0.0065203622,0.9675875388
2022-09-19,-0.0003456412,0.0040504050,0.0160537402,0.9672531007
2022-09-20,-0.0000425608,-0.0146795159,-0.0026466029,0.9672119336
2022-09-21,0.0024135601,-0.0137609462,-0.0225061056,0.9695463577
2022-09-22,0.0002975616,-0.0153367159,-0.0143516737,0.9698348574
2022-09-23,-0.0001328740,-0.0151852286,-0.0037908703,0.9697059916
2022-09-26,-0.0004780332,-0.0061836055,-0.0068921809,0.9692424399
2022-09-27,-0.0000163825,0.0077377154,-0.0103795386,0.9692265613
2022-09-28,-0.0000427193,0.0215704900,0.0223392878,0.9691851566
2022-09-29,-0.0001340380,-0.0167370501,-0.0021232257,0.9690552489
2022-09-30,-0.0001478977,-0.0144213720,-0.0156625084,0.9689119279
2022-10-03,0.0010107299,0.0288649902,0.0219601303,0.9698912361
2022-10-04,-0.0007932935,0.0376141442,0.0176836007,0.9691218277
2022-10-05,-0.0002294601,0.0039695914,0.0211785320,0.9688994529
2022-10-06,-0.0005138719,-0.0029467716,0.0023248838,0.9684015627
2022-10-07,-0.0002924822,-0.0398428732,-0.0219131098,0.9681183225
2022-10-10,-0.0000983313,-0.0283265147,-0.0279856564,0.9680231262
2022-10-11,-0.0003267816,-0.0175234582,-0.0121759465,0.9677067941
2022-10-12,-0.0002589491,0.0006122199,0.0009799118,0.9674562073
2022-10-13,-0.0009270530,0.0139092837,0.0481993759,0.9665593242
2022-10-14,0.0009406313,-0.0262300358,-0.0389120508,0.9674685002
2022-10-17,-0.0003178593,0.0380913034,0.0113910803,0.9671609813
2022-10-18,-0.0006367369,0.0171926613,-0.0139274691,0.9665451542
2022-10-19,-0.0002150275,-0.0117375484,-0.0037469433,0.9663373205
2022-10-20,-0.0008315884,0.0073241221,0.0070849001,0.9655337256
2022-10-21,-0.0000533223,0.0174500865,0.0219485236,0.9654822411
2022-10-24,-0.0004532069,0.0086140297,0.0035358776,0.9650446779
2022-10-25,-0.0004177871,0.0248171269,0.0194293116,0.9646414947
2022-10-26,-0.0002053058,-0.0174333869,0.0075684997,0.9644434482
2022-10-27,-0.0007338268,0.0061424361,-0.0098068573,0.9637357138
2022-10-28,-0.0003317567,0.0179556967,0.0211208858,0.9634159881
2022-10-31,-0.0010718101,-0.0062757622,0.0029609085,0.9623833891
2022-11-01,-0.0011149873,-0.0130792227,-0.0254252924,0.9613103439
2022-11-02,-0.0005355281,-0.0458538432,-0.0447325524,0.9607955352
2022-11-03,-0.0003360742,-0.0250803603,-0.0117860016,0.9604726366
2022-11-04,0.0003193559,-0.0158749542,-0.0255139057,0.9607793692
2022-11-07,0.0006606899,0.0132770815,0.0078578187,0.9614141464
2022-11-08,-0.0003246867,0.0133888481,0.0125621992,0.9611019880
2022-11-09,-0.0002132428,-0.0219930718,-0.0131886444,0.9608970400
2022-11-10,-0.0004106675,0.0908154860,0.0275859393,0.9605024308
2022-11-11,-0.0005592803,0.0255993959,0.0235125664,0.9599652406
2022-11-14,0.0004874494,-0.0122961381,-0.0017116279,0.9604331752
2022-11-15,0.0001389834,0.0230347758,-0.0046779809,0.9605666594
2022-11-16,-0.0000643207,-0.0207308631,-0.0152414450,0.9605048751
2022-11-17,-0.0001003522,-0.0213185505,0.0007228182,0.9604084863
2022-11-18,0.0001319415,-0.0044858392,-0.0243657092,0.9605352041
2022-11-21,0.0000586909,-0.0121816168,-0.0054976741,0.9605915787
2022-11-22,0.0000000000,0.0178212463,0.0148200967,0.9605915787
2022-11-23,0.0002859590,0.0146606404,0.0198900512,0.9608662686
2022-11-25,0.0000000000,-0.0023207936,0.0010140464,0.9608662686
2022-11-28,0.0001907175,-0.0150827299,-0.0109823867,0.9610495225
2022-11-29,-0.0007061693,-0.0078092263,-0.0070148685,0.9603708589
2022-11-30,-0.0011678423,0.0438838977,0.0505795981,0.9592492971
2022-12-01,-0.0004689195,0.0111074332,0.0101414661,0.9587994865
2022-12-02,-0.0004039663,-0.0110581645,0.0103311160,0.9584121638
2022-12-05,0.0004659460,-0.0372972377,-0.0305578191,0.9588587321
2022-12-06,-0.0002248232,-0.0169640469,-0.0186138765,0.9586431584
2022-12-07,0.0001266311,-0.0052081309,-0.0048987209,0.9587645525
2022-12-08,-0.0001838892,0.0180894706,0.0109796314,0.9585882460
2022-12-09,0.0006917849,-0.0047969913,-0.0005203014,0.9592513829
2022-12-12,0.0002530242,0.0238692014,0.0221743148,0.9594940967
2022-12-13,-0.0007058642,0.0162699608,-0.0292128364,0.9588168242
2022-12-14,-0.0009489030,-0.0021494219,-0.0005938683,0.9579070001
2022-12-15,-0.0002852686,-0.0348362178,-0.0153822839,0.9576337393
2022-12-16,0.0005754048,-0.0075419424,-0.0055904692,0.9581847664
2022-12-19,-0.0003605924,-0.0147720223,-0.0145618832,0.9578392523
2022-12-20,-0.0010910802,0.0052339538,0.0138519548,0.9567941728
2022-12-21,-0.0003345511,0.0115878484,0.0089020772,0.9564740763
2022-12-22,-0.0000381705,-0.0191563467,-0.0051811438,0.9564375672
2022-12-23,-0.0003257100,-0.0005721050,0.0042221694,0.9561260459
2022-12-27,0.0001492400,-0.0061783226,-0.0007938398,0.9562687381
2022-12-28,-0.0002921816,-0.0109636927,-0.0115134191,0.9559893340
2022-12-29,0.0000000000,0.0295606073,0.0227009775,0.9559893340
2022-12-30,0.0001935250,-0.0019115238,0.0110650069,0.9561743418
2023-01-03,0.0010172822,0.0020715263,-0.0073563574,0.9571470409
2023-01-04,-0.0012507241,0.0069038147,-0.0047804464,0.9559499140
2023-01-05,0.0000709823,-0.0321518497,-0.0203881592,0.9560177695
2023-01-06,0.0002354973,0.0148889334,0.0072293942,0.9562429091
2023-01-09,0.0008898456,0.0206254683,0.0103060587,0.9570938177
2023-01-10,0.0002186581,0.0010046368,0.0091542986,0.9573030940
2023-01-11,-0.0006405682,0.0159808539,0.0141409471,0.9566898761
2023-01-12,-0.0007194882,0.0079407295,0.0027972028,0.9560015490
2023-01-13,0.0006045247,0.0027894003,0.0149942770,0.9565794756
2023-01-17,-0.0004172934,0.0033830771,0.0070170144,0.9561803012
2023-01-18,-0.0003324279,-0.0125126438,-0.0174084843,0.9558624403
2023-01-19,-0.0006403629,-0.0075116658,0.0028751054,0.9552503414
2023-01-20,-0.0005801137,0.0316119414,0.0254578615,0.9546961876
2023-01-23,-0.0003437073,0.0235660293,0.0153642579,0.9543680516
2023-01-24,-0.0006016446,-0.0064074718,-0.0035216381,0.9537938612
2023-01-25,-0.0005963898,-0.0016759573,0.0186245353,0.9532250283
2023-01-26,0.0003710540,0.0247436225,0.0116371235,0.9535787263
2023-01-27,-0.0003941735,0.0049859325,0.0091910450,0.9532028508
2023-01-30,-0.0005293147,-0.0170806903,-0.0056284506,0.9526983065
2023-01-31,-0.0001941634,0.0165843458,0.0136242721,0.9525133274
2023-02-01,0.0006210227,0.0285136717,0.0270203272,0.9531048598
2023-02-02,-0.0001053478,0.0249991380,0.0061943608,0.9530044523
2023-02-03,0.0001243622,-0.0277871224,-0.0038261349,0.9531229700
2023-02-06,-0.0004852968,-0.0155709343,-0.0023844589,0.9526604225
2023-02-07,0.0003065973,0.0231985940,0.0201864442,0.9529525056
2023-02-08,-0.0004866506,-0.0079354174,-0.0091947713,0.9524887507
2023-02-09,-0.0001670732,-0.0007617992,-0.0168307724,0.9523296153
2023-02-10,-0.0000379503,-0.0133069966,-0.0004563645,0.9522934741
2023-02-13,0.0000000000,0.0151371475,0.0101702024,0.9522934741
2023-02-14,0.0002482779,0.0111749239,0.0124709876,0.9525299075
2023-02-15,0.0003883412,0.0108119205,0.0165508224,0.9528998141
2023-02-16,0.0008566857,-0.0247774430,-0.0024237388,0.9537161498
2023-02-17,-0.0005116926,-0.0116622123,-0.0025920347,0.9532281403
2023-02-21,0.0000000000,-0.0203336260,-0.0042121796,0.9532281403
2023-02-22,0.0003168113,0.0102882134,0.0045624666,0.9535301338
2023-02-23,-0.0002546338,0.0087996310,-0.0008083222,0.9532873328
2023-02-24,0.0003511485,-0.0209278604,0.0029545291,0.9536220782
2023-02-27,0.0000701931,0.0009699669,-0.0074804973,0.9536890159
2023-02-28,0.0000000000,0.0011843664,0.0035254335,0.9536890159
2023-03-01,0.0000641545,-0.0080656725,-0.0042104506,0.9537501994
2023-03-02,-0.0003434858,0.0242492140,0.0148965122,0.9534225997
2023-03-03,0.0001122890,0.0184884624,0.0117770768,0.9535296586
2023-03-06,0.0000000000,-0.0005542853,-0.0057552469,0.9535296586
2023-03-07,-0.0006899040,-0.0099826690,-0.0085392946,0.9528718147
2023-03-08,0.0000110460,0.0023107626,0.0038220134,0.9528823401
2023-03-09,0.0003301904,-0.0226701132,-0.0236591409,0.9531969727
2023-03-10,0.0003676880,-0.0269487830,-0.0201194932,0.9535474518
2023-03-13,0.0008237463,0.0060973370,0.0150830122,0.9543329330
2023-03-14,-0.0003162419,0.0225986638,0.0087150677,0.9540311329
2023-03-15,0.0002606635,-0.0019635844,0.0090600635,0.9542798140
2023-03-16,-0.0004037792,0.0274011805,0.0254936266,0.9538944957
2023-03-17,-0.0001628195,-0.0037603148,-0.0052496176,0.9537391830
2023-03-20,-0.0004452711,0.0005591864,0.0022054190,0.9533145105
2023-03-21,0.0001908239,0.0183380488,0.0122916667,0.9534964257
2023-03-22,-0.0002284631,-0.0202716608,-0.0213123180,0.9532785870
2023-03-23,-0.0003200960,0.0152645030,0.0030438241,0.9529734463
2023-03-24,-0.0002769252,0.0035173627,0.0052158895,0.9527095439
2023-03-27,-0.0003089659,0.0009278032,0.0003434302,0.9524151892
2023-03-28,0.0000000000,-0.0037764350,-0.0030234316,0.9524151892
2023-03-29,0.0000000000,0.0177476049,0.0096061808,0.9524151892
2023-03-30,0.0000000000,0.0067043646,-0.0003698474,0.9524151892
2023-03-31,0.0000000000,0.0248562107,0.0242016807,0.9524151892
2023-04-03,-0.0004967494,-0.0071873974,0.0005953759,0.9519420776
2023-04-04,0.0001993517,0.0000991703,-0.0032616216,0.9521318488
2023-04-05,-0.0004843808,-0.0127916970,-0.0085972250,0.9516706544
2023-04-06,-0.0000456557,0.0035155858,0.0123623590,0.9516272052
2023-04-10,0.0000000000,-0.0011010276,0.0067251757,0.9516272052
2023-04-11,-0.0003692701,-0.0054444036,-0.0000503736,0.9512757978
2023-04-12,-0.0002275112,-0.0017463729,-0.0105851807,0.9510593719
2023-04-13,0.0004381406,0.0186381375,0.0142704006,0.9514760696
2023-04-14,-0.0002164929,-0.0049210648,0.0056408545,0.9512700818
2023-04-17,0.0000296564,0.0044807328,0.0040475085,0.9512982931
2023-04-18,0.0000000000,0.0021147238,-0.0054110780,0.9512982931
2023-04-19,0.0000000000,-0.0021102611,0.0054485050,0.9512982931
2023-04-20,0.0000000000,-0.0075667460,0.0015338958,0.9512982931
2023-04-21,0.0000000000,0.0017313135,0.0028331445,0.9512982931
2023-04-24,-0.0005886334,-0.0069132848,-0.0052601791,0.9507383272
2023-04-25,0.0001100006,-0.0299541484,-0.0220662663,0.9508429090
2023-04-26,0.0000397605,0.0026566381,-0.0047261893,0.9508807150
2023-04-27,-0.0002921980,0.0164481608,0.0123376401,0.9506028695
2023-04-28,-0.0007407404,0.0037577440,0.0096710482,0.9498987196
2023-05-01,-0.0000564230,-0.0019224283,0.0011841126,0.9498451234
2023-05-02,0.0001833567,-0.0142601291,-0.0153248945,0.9500192839
2023-05-03,-0.0005188043,-0.0098385383,-0.0111944131,0.9495264098
2023-05-04,-0.0007752898,-0.0043968979,-0.0047070225,0.9487902516
2023-05-05,-0.0002440005,0.0196126161,0.0130601527,0.9485587464
2023-05-08,0.0000925830,0.0038197879,0.0047792988,0.9486465668
2023-05-09,0.0000000000,0.0031597187,0.0042515561,0.9486465668
2023-05-10,-0.0004818827,0.0141570142,0.0017395959,0.9481894304
2023-05-11,0.0001083429,-0.0053433075,-0.0038462825,0.9482921600
2023-05-12,-0.0002238044,-0.0019137792,-0.0014108637,0.9480799280
2023-05-15,-0.0001473378,0.0105964275,0.0146924714,0.9479402400
2023-05-16,0.0001339395,-0.0029958059,0.0046623956,0.9480672066
2023-05-17,0.0000655026,0.0205328526,0.0151102550,0.9481293075
2023-05-18,0.0000000000,0.0240782543,0.0209719504,0.9481293075
2023-05-19,-0.0004090419,-0.0005111331,-0.0000958773,0.9477414829
2023-05-22,0.0003306892,0.0062326206,0.0040824137,0.9480548908
2023-05-23,-0.0004559246,-0.0160091481,-0.0132195075,0.9476226492
2023-05-24,0.0000570111,-0.0046484602,0.0051833741,0.9476766742
2023-05-25,-0.0000896935,0.0248102744,0.0098108143,0.9475916738
2023-05-26,-0.0002543136,0.0234501092,0.0163738647,0.9473506883
2023-05-30,-0.0004198264,0.0075139147,-0.0093040226,0.9469529654
2023-05-31,-0.0003972865,0.0066599147,0.0135030745,0.9465767538
2023-06-01,-0.0006234946,0.0001829268,0.0140017927,0.9459865683
2023-06-02,-0.0006164810,0.0064622325,0.0001514555,0.9454033856
2023-06-05,-0.0003502378,0.0066630323,0.0082203416,0.9450722695
2023-06-06,-0.0008619890,0.0021962814,0.0034340452,0.9442576276
2023-06-07,-0.0001921933,-0.0304103750,-0.0311665717,0.9440761476
2023-06-08,-0.0006214885,0.0133135179,0.0151049905,0.9434894152
2023-06-09,-0.0001978343,0.0091053532,0.0003634822,0.9433027606
2023-06-12,-0.0004038284,0.0237388724,0.0131551347,0.9429218282
2023-06-13,-0.0006148694,0.0066548358,-0.0127628716,0.9423420544
2023-06-14,0.0002122827,0.0061113560,0.0079178195,0.9425420974
2023-06-15,0.0000519510,0.0203545250,0.0276470588,0.9425910634
2023-06-16,0.0006495234,-0.0060389239,-0.0160362658,0.9432032983
2023-06-20,0.0009069798,-0.0093581733,-0.0005519565,0.9440587646
2023-06-21,-0.0000791134,-0.0184862225,-0.0149358226,0.9439840769
2023-06-22,-0.0002034710,0.0054785596,0.0112282583,0.9437920035
2023-06-23,0.0000640779,-0.0083055989,0.0035168241,0.9438524797
2023-06-26,-0.0005022546,-0.0085236554,-0.0056887565,0.9433784255
2023-06-27,0.0000000000,0.0193505871,0.0130991366,0.9433784255
2023-06-28,-0.0000311757,0.0051425213,0.0102188488,0.9433490150
2023-06-29,-0.0003090009,-0.0001461775,-0.0008764242,0.9430575193
2023-06-30,0.0000000000,0.0114327485,0.0035102988,0.9430575193
2023-07-03,0.0000000000,-0.0052325749,-0.0018854242,0.9430575193
2023-07-05,0.0000000000,-0.0002034292,0.0044085017,0.9430575193
2023-07-06,0.0002372485,-0.0104642037,0.0033008164,0.9432812583
2023-07-07,0.0000000000,-0.0020562230,0.0019169518,0.9432812583
2023-07-10,-0.0001287883,0.0173078621,0.0198896332,0.9431597747
2023-07-11,-0.0004839941,0.0147275831,0.0107502090,0.9427032909
2023-07-12,-0.0003346689,0.0054747648,-0.0035042107,0.9423877974
2023-07-13,-0.0001693930,0.0165333787,0.0084967504,0.9422281635
2023-07-14,-0.0003682403,0.0006695494,-0.0003901569,0.9418811971
2023-07-17,-0.0002519404,0.0125177730,0.0095905262,0.9416438992
2023-07-18,-0.0005070186,0.0093342144,0.0140248963,0.9411664681
2023-07-19,-0.0004635350,0.0012003164,-0.0048805618,0.9407302045
2023-07-20,-0.0002947577,-0.0244679981,-0.0142345815,0.9404529171
2023-07-21,-0.0003656748,0.0025975477,-0.0051824959,0.9401090172
2023-07-24,0.0000000000,-0.0030922665,-0.0043958490,0.9401090172
2023-07-25,-0.0000188396,0.0076009501,0.0094910129,0.9400913059
2023-07-26,-0.0000506159,-0.0096791192,-0.0041276216,0.9400437223
2023-07-27,-0.0003523508,-0.0077573653,-0.0215944550,0.9397124971
2023-07-28,0.0000000000,0.0145352940,0.0059608765,0.9397124971
2023-07-31,0.0001127488,0.0135759194,0.0119431174,0.9398184486
2023-08-01,0.0000000000,0.0004940440,0.0076015148,0.9398184486
2023-08-02,-0.0004647990,-0.0317129376,-0.0170983013,0.9393816219
2023-08-03,0.0002526179,-0.0065163191,0.0029172864,0.9396189265
2023-08-04,-0.0003098851,-0.0111789198,-0.0131489071,0.9393277526
2023-08-07,0.0004536241,0.0063736517,0.0038260169,0.9397538543
2023-08-08,0.0000000000,-0.0163060610,0.0002331138,0.9397538543
2023-08-09,0.0000243047,-0.0115073122,-0.0103252151,0.9397766947
2023-08-10,-0.0004505205,0.0064542749,-0.0034725262,0.9393533061
2023-08-11,0.0000872486,-0.0015226940,0.0085778514,0.9394352633
2023-08-14,-0.0005925666,0.0130212916,0.0182772242,0.9388785853
2023-08-15,-0.0003413772,-0.0085692780,-0.0061235743,0.9385580736
2023-08-16,-0.0004177788,-0.0086141447,-0.0047197467,0.9381659640
2023-08-17,0.0000000000,-0.0151983741,-0.0171090925,0.9381659640
2023-08-18,0.0005582111,0.0040975026,0.0172716805,0.9386896586
2023-08-21,0.0000000000,0.0177528893,0.0109773057,0.9386896586
2023-08-22,-0.0003597023,-0.0008194802,-0.0075004361,0.9383520098
2023-08-23,-0.0002433340,0.0164323374,0.0108657656,0.9381236768
2023-08-24,-0.0004026913,-0.0226794617,-0.0360411574,0.9377459026
2023-08-25,0.0000331761,0.0198148257,0.0153240958,0.9377770133
2023-08-28,-0.0002838951,0.0047996299,-0.0013793103,0.9375107831
2023-08-29,-0.0005442366,0.0193945672,0.0225724512,0.9370005554
2023-08-30,0.0000000000,0.0089482301,0.0102314802,0.9370005554
2023-08-31,0.0000974832,0.0072741516,0.0007783183,0.9370918973
2023-09-01,0.0000191271,0.0046662778,-0.0007182916,0.9371098211
2023-09-05,0.0000579653,0.0048657765,0.0091343217,0.9371641410
2023-09-06,-0.0000359871,0.0014306545,0.0052750773,0.9371304151
2023-09-07,0.0000000000,-0.0023627023,0.0067369005,0.9371304151
2023-09-08,0.0000212761,0.0018175309,-0.0018383362,0.9371503536
2023-09-11,-0.0002916097,0.0081090739,-0.0001363178,0.9368770715
2023-09-12,0.0002096129,-0.0287942412,-0.0103362045,0.9370734531
2023-09-13,0.0000000000,0.0021056769,0.0030913639,0.9370734531
2023-09-14,-0.0004950076,0.0049309388,-0.0018088718,0.9366095946
2023-09-15,0.0002474339,-0.0189857537,-0.0092910637,0.9368413436
2023-09-18,0.0000508193,-0.0002841878,0.0055741360,0.9368889532
2023-09-19,0.0000000000,-0.0012223549,0.0012253505,0.9368889532
2023-09-20,-0.0001956655,-0.0090223424,-0.0142129105,0.9367056364
2023-09-21,0.0000000000,-0.0235223160,-0.0128908632,0.9367056364
2023-09-22,-0.0002973211,0.0017059325,-0.0021973515,0.9364271341
2023-09-25,0.0000789264,-0.0002055378,0.0049880464,0.9365010429
2023-09-26,-0.0003414224,-0.0158883994,-0.0074642339,0.9361813005
2023-09-27,-0.0002816548,0.0067444567,0.0035698349,0.9359176206
2023-09-28,-0.0001788244,0.0076478435,0.0162635654,0.9357502557
2023-09-29,0.0003645470,0.0039125702,-0.0035913457,0.9360913806
2023-10-02,-0.0000574136,0.0055382992,0.0050376358,0.9360376362
2023-10-03,-0.0002333286,-0.0250910680,-0.0160588235,0.9358192319
2023-10-04,-0.0000192843,0.0161714593,0.0130524183,0.9358011852
2023-10-05,0.0000000000,-0.0012354758,-0.0010003825,0.9358011852
2023-10-06,-0.0004989161,0.0270079227,0.0360246602,0.9353342989
2023-10-09,0.0001728372,0.0066532836,0.0121683968,0.9354959595
2023-10-10,0.0001902695,0.0046436101,0.0031860723,0.9356739558
2023-10-11,-0.0005429350,0.0056146321,0.0021476814,0.9351659457
2023-10-12,-0.0004297394,-0.0041451654,-0.0075593649,0.9347640680
2023-10-13,0.0002586109,-0.0109865217,-0.0103419942,0.9350058082
2023-10-16,-0.0006783247,0.0114807604,0.0084203916,0.9343715706
2023-10-17,0.0001782277,0.0050666591,0.0151233597,0.9345381015
2023-10-18,0.0013187267,-0.0147854005,-0.0104098894,0.9357705018
2023-10-19,0.0006261089,-0.0065174513,-0.0084731256,0.9363563961
2023-10-20,-0.0004752578,-0.0252625522,-0.0220830206,0.9359113854
2023-10-23,-0.0004364639,0.0000590371,0.0085437009,0.9355028939
2023-10-24,0.0003362329,0.0091206942,0.0036991369,0.9358174407
2023-10-25,0.0000975877,-0.0268222768,-0.0252255947,0.9359087650
2023-10-26,-0.0005470659,-0.0101589973,-0.0126221743,0.9353967612
2023-10-27,0.0010391465,-0.0004251055,-0.0073875286,0.9363687755
2023-10-30,-0.0002768608,0.0132750084,0.0070039850,0.9361095316
2023-10-31,-0.0003805163,0.0116620698,0.0099060274,0.9357533267
2023-11-01,0.0003396157,0.0082382575,0.0078201369,0.9360711232
2023-11-02,0.0002497636,0.0174293860,0.0052562799,0.9363049197
2023-11-03,-0.0002884603,0.0105442570,0.0131491297,0.9360348329
2023-11-06,0.0002193790,-0.0023441297,-0.0026292475,0.9362401793
2023-11-07,-0.0003316638,0.0202298060,0.0105296021,0.9359296624
2023-11-08,0.0004437616,0.0067687123,0.0037803478,0.9363449920
2023-11-09,-0.0004071780,-0.0084807231,-0.0127222222,0.9359637330
2023-11-10,0.0000705394,0.0249001182,0.0215659880,0.9360297553
2023-11-13,0.0000000000,0.0010157301,0.0048500882,0.9360297553
2023-11-14,-0.0000979941,0.0274243089,0.0022203793,0.9359380299
2023-11-15,0.0000636229,-0.0055786889,-0.0094653160,0.9359975770
2023-11-16,0.0000000000,0.0004294726,0.0067529240,0.9359975770
2023-11-17,0.0000000000,0.0032196614,0.0024396783,0.9359975770
2023-11-20,0.0000312583,0.0153512877,0.0138058107,0.9360268347
2023-11-21,0.0002935913,-0.0003687607,0.0040212704,0.9363016440
2023-11-22,-0.0006521785,-0.0002107981,-0.0067017461,0.9356910082
2023-11-24,0.0000000000,0.0032680600,0.0031358701,0.9356910082
2023-11-27,0.0000000000,-0.0004465810,0.0016848313,0.9356910082
2023-11-28,0.0001410468,0.0057818660,0.0097625330,0.9358229844
2023-11-29,0.0000000000,0.0160438986,0.0028886826,0.9358229844
2023-11-30,0.0001741786,0.0080495834,-0.0021130346,0.9359859847
2023-12-01,0.0003828108,0.0139041253,0.0163674492,0.9363442903
2023-12-04,-0.0001478233,-0.0123798500,-0.0005092946,0.9362058768
2023-12-05,0.0001241233,-0.0001528662,0.0085839116,0.9363220817
2023-12-06,-0.0003199918,-0.0102945673,-0.0169079680,0.9360224663
2023-12-07,0.0000000000,0.0052780639,0.0036759036,0.9360224663
2023-12-08,0.0000000000,0.0082981176,0.0145865010,0.9360224663
2023-12-11,-0.0002566562,0.0102110798,0.0088785165,0.9357822304
2023-12-12,0.0001014465,0.0017852204,0.0083518931,0.9358771622
2023-12-13,0.0004585771,0.0116209026,0.0096948745,0.9363063341
2023-12-14,-0.0002269947,-0.0133978415,-0.0115831076,0.9360937975
2023-12-15,0.0005366991,0.0097070288,0.0117679669,0.9365961982
2023-12-18,0.0000000000,0.0076461358,0.0085252767,0.9365961982
2023-12-19,0.0000000000,0.0062286816,0.0047386347,0.9365961982
2023-12-20,0.0000000000,-0.0143208057,-0.0111875015,0.9365961982
2023-12-21,0.0000000000,0.0136317193,0.0042714995,0.9365961982
2023-12-22,-0.0002126130,0.0018439298,-0.0031313453,0.9363970657
2023-12-26,0.0000000000,0.0031902623,0.0007099143,0.9363970657
2023-12-27,0.0000000000,-0.0007583356,0.0001469076,0.9363970657
2023-12-28,0.0000000000,-0.0003427340,-0.0010763736,0.9363970657
2023-12-29,0.0000000000,-0.0066121369,-0.0070741439,0.9363970657
2024-01-02,0.0002213173,-0.0277832561,-0.0169994267,0.9366043065
2024-01-03,-0.0005786447,-0.0161269873,-0.0048984407,0.9360623454
2024-01-04,0.0000000000,-0.0025257081,-0.0022428461,0.9360623454
2024-01-05,-0.0003086029,-0.0012143761,-0.0014465799,0.9357734739
2024-01-08,0.0000000000,0.0272920116,0.0211108254,0.9357734739
2024-01-09,0.0000077523,0.0040542923,0.0087282111,0.9357807283
2024-01-10,0.0000498928,0.0137189005,0.0088860045,0.9358274170
2024-01-11,0.0005069858,0.0080655137,0.0021890988,0.9363018683
2024-01-12,-0.0003148164,0.0030187753,0.0001468357,0.9360071051
2024-01-16,-0.0006821295,-0.0002936283,0.0024044359,0.9353686270
2024-01-17,0.0005791707,-0.0043322890,0.0034039614,0.9359103652
2024-01-18,-0.0004709973,0.0102018240,0.0028307873,0.9354695539
2024-01-19,-0.0004240172,0.0180804984,0.0127326862,0.9350728987
2024-01-22,-0.0001777743,0.0091306738,0.0010195372,0.9349066668
2024-01-23,0.0000000000,0.0019422535,-0.0029698070,0.9349066668
2024-01-24,0.0000000000,-0.0003546015,-0.0118361862,0.9349066668
2024-01-25,0.0000733257,0.0028141702,-0.0076987879,0.9349752194
2024-01-26,-0.0004820586,-0.0017450772,-0.0006138301,0.9345245066
2024-01-29,0.0002654793,0.0198672368,0.0205664035,0.9347726035
2024-01-30,0.0000000000,-0.0044936533,-0.0043783446,0.9347726035
2024-01-31,-0.0005435871,-0.0218716553,-0.0149729362,0.9342644732
2024-02-01,0.0005083620,0.0139397688,0.0047143127,0.9347394177
2024-02-02,0.0004150006,0.0073667417,0.0052206485,0.9351273352
2024-02-05,-0.0006087083,-0.0063347152,-0.0065660799,0.9345581154
2024-02-06,-0.0001493831,-0.0017109642,-0.0062063977,0.9344185082
2024-02-07,-0.0005005152,0.0159885427,0.0063720930,0.9339508175
2024-02-08,0.0002273183,0.0102833110,0.0082097641,0.9341631216
2024-02-09,0.0000000000,0.0110249548,0.0004073965,0.9341631216
2024-02-12,-0.0002728211,-0.0104070044,-0.0132421945,0.9339082623
2024-02-13,-0.0005273854,-0.0222674379,0.0088698073,0.9334157327
2024-02-14,-0.0000846074,0.0198049898,0.0065543503,0.9333367588
2024-02-15,0.0000120541,-0.0014674187,-0.0074752723,0.9333480093
2024-02-16,0.0001842171,-0.0177497130,-0.0169144853,0.9335199479
2024-02-20,-0.0000576989,-0.0123664586,-0.0026910911,0.9334660848
2024-02-21,0.0002322486,-0.0280249953,0.0013655872,0.9336828811
2024-02-22,0.0004084526,0.0255698422,-0.0029593504,0.9340642463
2024-02-23,0.0001987081,0.0053663865,-0.0007080481,0.9342498524
2024-02-26,-0.0003131111,0.0096362778,0.0037804964,0.9339573284
2024-02-27,0.0000000000,0.0005848227,-0.0059494759,0.9339573284
2024-02-28,0.0000000000,-0.0017300634,0.0030774291,0.9339573284
2024-02-29,-0.0003202756,0.0076816787,0.0021894580,0.9336582046
2024-03-01,-0.0002811147,0.0099937249,0.0063450895,0.9333957396
2024-03-04,0.0000000000,-0.0042110592,-0.0003465084,0.9333957396
2024-03-05,0.0003545146,-0.0382215649,-0.0277518221,0.9337266420
2024-03-06,-0.0003043062,0.0140797693,-0.0062161526,0.9334425032
2024-03-07,0.0000000000,0.0118229636,0.0030534351,0.9334425032
2024-03-08,0.0000373783,-0.0056199508,-0.0082905184,0.9334773937
2024-03-11,-0.0002306316,0.0027081126,0.0081685806,0.9332621043
2024-03-12,0.0002159073,0.0219586660,0.0116238521,0.9334636024
2024-03-13,0.0003034513,-0.0072388831,-0.0065539841,0.9337468632
2024-03-14,0.0000633642,-0.0049768519,-0.0097903709,0.9338060293
2024-03-15,-0.0001362699,-0.0280330348,-0.0079544105,0.9336787796
2024-03-18,0.0001209456,0.0113690761,0.0063110264,0.9337917040
2024-03-19,0.0000379176,0.0073364099,0.0111652215,0.9338271111
2024-03-20,0.0000384782,0.0101021966,0.0072625044,0.9338630431
2024-03-21,0.0000814950,0.0066286778,-0.0040271545,0.9339391482
2024-03-22,0.0000831892,-0.0065850277,-0.0057810151,0.9340168419
2024-03-25,0.0000000000,-0.0035469241,0.0026328107,0.9340168419
2024-03-26,0.0000000000,0.0019256579,-0.0005820722,0.9340168419
2024-03-27,-0.0004438287,-0.0053581829,-0.0122614228,0.9336022984
2024-03-28,0.0000000000,-0.0014053168,-0.0022232623,0.9336022984
2024-04-01,0.0000612762,-0.0029318635,-0.0058465856,0.9336595060
2024-04-02,-0.0003314518,-0.0105857445,0.0058591415,0.9333500428
2024-04-03,0.0000000000,0.0017831669,0.0070506692,0.9333500428
2024-04-04,-0.0003616571,-0.0117479530,-0.0221909123,0.9330124902
2024-04-05,-0.0003089124,0.0106868396,0.0105654941,0.9327242711
2024-04-08,-0.0002776259,0.0034454081,0.0030878860,0.9324653227
2024-04-09,-0.0006600876,0.0028415818,-0.0015324767,0.9318498139
2024-04-10,0.0000856562,-0.0131050767,0.0038429206,0.9319296325
2024-04-11,-0.0001112668,0.0065797344,0.0033388982,0.9318259397
2024-04-12,0.0001744490,-0.0164012360,-0.0064825930,0.9319884958
2024-04-15,-0.0003714036,-0.0275495408,-0.0309452137,0.9316423520
2024-04-16,0.0000781526,0.0027335984,0.0031075202,0.9317151622
2024-04-17,-0.0005272050,-0.0079306072,-0.0103831891,0.9312239574
2024-04-18,-0.0000885404,-0.0069947539,-0.0097159940,0.9311415064
2024-04-19,0.0001916773,-0.0122012579,-0.0114551863,0.9313199851
2024-04-22,0.0002017331,0.0120972877,0.0026491737,0.9315078632
2024-04-23,-0.0007527295,0.0174886764,0.0136625721,0.9308066897
2024-04-24,0.0001182161,0.0008655867,-0.0029563932,0.9309167260
2024-04-25,-0.0004831242,-0.0092661231,0.0076652425,0.9304669776
2024-04-26,-0.0005334036,0.0112233446,0.0028444225,0.9299706632
2024-04-29,0.0000686068,-0.0016031570,-0.0056497175,0.9300344655
2024-04-30,0.0000000000,-0.0251358696,-0.0196869954,0.9300344655
2024-05-01,-0.0003131268,0.0018371872,0.0008860759,0.9297432468
2024-05-02,-0.0002562336,0.0104970279,-0.0001251408,0.9295050153
2024-05-03,0.0002174715,0.0121401752,-0.0003708282,0.9297071561
2024-05-06,0.0000000000,0.0138493879,0.0112234830,0.9297071561
2024-05-07,0.0000000000,-0.0053665081,-0.0012247397,0.9297071561
2024-05-08,0.0000802465,-0.0041692213,0.0007393715,0.9297817619
2024-05-09,0.0000000000,-0.0006156877,-0.0001231982,0.9297817619
2024-05-10,0.0000000000,0.0028339083,0.0006147037,0.9297817619
2024-05-13,0.0000000000,0.0012286522,-0.0047630679,0.9297817619
2024-05-14,-0.0001780633,0.0058902933,0.0088615385,0.9296162020
2024-05-15,0.0000000000,0.0251311455,0.0157137677,0.9296162020
2024-05-16,-0.0001276077,-0.0028561228,-0.0030933968,0.9294975758
2024-05-17,0.0000000000,0.0057286072,0.0046494993,0.9294975758
2024-05-20,0.0000000000,0.0102052925,0.0091275486,0.9294975758
2024-05-21,0.0000000000,-0.0077528486,-0.0014186074,0.9294975758
2024-05-22,0.0003151779,0.0001183852,0.0007107321,0.9297905329
2024-05-23,-0.0003773712,-0.0089962121,-0.0173708920,0.9294396567
2024-05-24,0.0001054499,-0.0097945533,0.0002413127,0.9295376660
2024-05-28,0.0000000000,-0.0067551267,-0.0055555556,0.9295376660
2024-05-29,-0.0001287389,-0.0027932961,0.0092182891,0.9294179984
2024-05-30,-0.0003349070,-0.0574838631,-0.0299573828,0.9291067298
2024-05-31,-0.0002536709,0.0089158806,0.0055376690,0.9288710424
2024-06-03,-0.0003280889,-0.0017930328,-0.0062476093,0.9285662902
2024-06-04,-0.0002361774,0.0042340262,0.0050077042,0.9283469837
2024-06-05,0.0000000000,0.0226140284,0.0126518219,0.9283469837
2024-06-06,0.0000387855,0.0028735632,0.0042537220,0.9283829902
2024-06-07,0.0000000000,0.0013703750,0.0047500000,0.9283829902
2024-06-10,0.0000000000,0.0028614083,0.0057392389,0.9283829902
2024-06-11,-0.0003035747,0.0033494604,0.0082273747,0.9281011566
2024-06-12,0.0004603992,0.0227497527,0.0032747119,0.9285284536
2024-06-13,0.0000000000,-0.0105174081,-0.0109956501,0.9285284536
2024-06-14,0.0002102056,0.0145387905,0.0065454545,0.9287236354
2024-06-17,0.0001640798,0.0086705202,0.0091566265,0.9288760202
2024-06-18,0.0000000000,0.0033428844,0.0056240278,0.9288760202
2024-06-20,0.0000000000,-0.0013089005,-0.0027328897,0.9288760202
2024-06-21,0.0000000000,0.0100083403,0.0058139535,0.9288760202
2024-06-24,0.0000000000,-0.0102630648,-0.0039178440,0.9288760202
2024-06-25,0.0000000000,0.0078665077,0.0042755344,0.9288760202
2024-06-26,0.0000000000,0.0011825922,0.0051050695,0.9288760202
2024-06-27,-0.0000672520,0.0212615167,0.0182546225,0.9288135514
2024-06-28,0.0000000000,0.0043950960,0.0008067304,0.9288135514
2024-07-01,-0.0004267406,0.0057577153,0.0034466912,0.9284171889
2024-07-02,-0.0003777213,0.0049232883,0.0097791072,0.9280665060
2024-07-03,0.0000000000,0.0012532756,0.0017097914,0.9280665060
2024-07-05,0.0000000000,0.0119481111,0.0126394899,0.9280665060
2024-07-08,0.0000000000,-0.0095580794,-0.0057568574,0.9280665060
2024-07-09,-0.0002295790,-0.0158946412,-0.0130934760,0.9278534414
2024-07-10,0.0000000000,-0.0004614675,0.0002308936,0.9278534414
2024-07-11,-0.0002762587,-0.0025392428,-0.0058667894,0.9275971138
2024-07-12,0.0000000000,0.0104142560,0.0118192352,0.9275971138
2024-07-15,0.0000000000,0.0072148420,0.0054875957,0.9275971138
2024-07-16,0.0000000000,0.0032973280,0.0048969366,0.9275971138
2024-07-17,0.0000000000,-0.0217588395,-0.0108857568,0.9275971138
2024-07-18,-0.0004303445,-0.0149443930,-0.0174485787,0.9271979275
2024-07-19,0.0002739405,-0.0021168999,0.0039044013,0.9274519246
2024-07-22,-0.0004205355,0.0090748379,0.0035161744,0.9270618982
2024-07-23,-0.0003127205,0.0021023125,-0.0008151857,0.9267719869
2024-07-24,-0.0003193776,-0.0339160839,-0.0219469027,0.9264759967
2024-07-25,-0.0005851801,0.0095307033,-0.0016702458,0.9259338414
2024-07-26,-0.0004562493,0.0130258126,0.0056946257,0.9255113848
2024-07-29,-0.0002650903,-0.0058983131,-0.0097532315,0.9252660406
2024-07-30,-0.0003211382,-0.0096119616,-0.0119569078,0.9249689024
2024-07-31,-0.0002920891,0.0138988737,0.0001181893,0.9246987291
2024-08-01,-0.0002277163,-0.0190262349,-0.0185623079,0.9244881601
2024-08-02,-0.0004070029,-0.0337308758,-0.0057022437,0.9241118907
2024-08-05,-0.0000282898,-0.0275526742,0.0268562401,0.9240857478
2024-08-06,-0.0001175488,0.0139743590,0.0000000000,0.9239771227
2024-08-07,-0.0003137517,-0.0017701353,-0.0212000992,0.9236872233
2024-08-08,-0.0004501876,0.0330588980,0.0164506481,0.9232713908
2024-08-09,-0.0005662631,0.0111574301,0.0123987233,0.9227485763
2024-08-12,-0.0010304082,-0.0064265794,-0.0075096899,0.9217977686
2024-08-13,0.0004135377,0.0179399561,0.0125030347,0.9221789667
2024-08-14,0.0000936984,0.0056348160,0.0057553957,0.9222653734
2024-08-15,0.0000000000,0.0183595613,0.0089770848,0.9222653734
2024-08-16,0.0000000000,0.0011706860,0.0040504843,0.9222653734
2024-08-19,0.0001301576,0.0114593078,0.0114593078,0.9223854133
2024-08-20,0.0001977086,0.0021965318,0.0018490697,0.9225677768
2024-08-21,0.0000000000,0.0061137386,0.0065781881,0.9225677768
2024-08-22,-0.0002759864,-0.0153634488,-0.0164910673,0.9223131606
2024-08-23,0.0001305312,0.0057056358,-0.0040359779,0.9224335513
2024-08-26,-0.0003586324,-0.0032418664,-0.0010443258,0.9221027367
2024-08-27,-0.0003586486,0.0026716227,0.0118391748,0.9217720259
2024-08-28,-0.0003847351,-0.0123957368,-0.0082596557,0.9214173879
2024-08-29,0.0002958197,0.0121994135,-0.0008105604,0.9216899612
2024-08-30,-0.0006796310,0.0059103025,-0.0010357924,0.9210635522
2024-09-03,0.0001523308,-0.0218894009,-0.0191774492,0.9212038585
2024-09-04,0.0004438067,-0.0022379270,0.0094137274,0.9216126949
2024-09-05,-0.0004352819,-0.0037775941,0.0023160520,0.9212115336
2024-09-06,-0.0000124383,-0.0122052376,-0.0165172251,0.9212000753
2024-09-09,-0.0006248623,0.0125959693,0.0053596951,0.9206244521
2024-09-10,-0.0003599487,0.0158748963,0.0019864454,0.9202930746
2024-09-11,-0.0006419259,0.0107288630,0.0143960674,0.9197023146
2024-09-12,-0.0000897205,0.0106149763,0.0084043288,0.9196197985
2024-09-13,0.0000914025,-0.0029683754,0.0000000000,0.9197038540
2024-09-16,-0.0003304126,0.0079010649,0.0057129799,0.9193999723
2024-09-17,0.0002713624,-0.0045444217,-0.0117302053,0.9196494629
2024-09-18,-0.0010283729,-0.0085596896,-0.0087859425,0.9187037203
2024-09-19,-0.0004182950,0.0267065730,0.0023600809,0.9183194311
2024-09-20,0.0000437763,0.0001121202,0.0045045045,0.9183596317
2024-09-23,0.0000000000,0.0001121076,-0.0020136481,0.9183596317
2024-09-24,0.0000000000,0.0012330456,-0.0017881091,0.9183596317
2024-09-25,0.0000000000,-0.0051500224,-0.0022456771,0.9183596317
2024-09-26,0.0000000000,0.0051766824,-0.0057880677,0.9183596317
2024-09-27,0.0000000000,-0.0008956561,-0.0008956561,0.9183596317
2024-09-30,-0.0003503921,0.0014567459,0.0058525605,0.9180378458
2024-10-01,0.0000560725,-0.0211480363,-0.0213670433,0.9180893225
2024-10-02,0.0000000000,0.0084590764,0.0088050314,0.9180893225
2024-10-03,0.0000000000,0.0010201768,0.0071852190,0.9180893225
2024-10-04,-0.0003258925,0.0180047560,0.0064935065,0.9177901241
2024-10-07,-0.0000598848,-0.0135706340,-0.0097152429,0.9177351624
2024-10-08,0.0000754865,0.0214253496,0.0169529583,0.9178044390
2024-10-09,0.0000000000,0.0126959594,0.0103535632,0.9178044390
2024-10-10,-0.0002982929,0.0068679821,0.0107244474,0.9175306644
2024-10-11,0.0000000000,0.0049805110,0.0043280675,0.9175306644
2024-10-14,-0.0003581641,0.0054945055,-0.0011772260,0.9172020378
2024-10-15,-0.0004406221,-0.0096432015,-0.0114438503,0.9167978983
2024-10-16,0.0000000000,-0.0046521692,-0.0041134445,0.9167978983
2024-10-17,0.0000000000,0.0007608696,-0.0071174377,0.9167978983
2024-10-18,0.0000000000,0.0026067123,0.0008673967,0.9167978983
2024-10-21,0.0001808979,-0.0003249919,0.0061055386,0.9169637451
2024-10-22,0.0001693766,-0.0018422193,0.0022850925,0.9171190573
2024-10-23,-0.0005282099,-0.0143306916,-0.0116481602,0.9166346259
2024-10-24,0.0002763974,0.0110144289,0.0028405987,0.9168879814
2024-10-25,-0.0003398234,0.0044667175,-0.0004336513,0.9165764014
2024-10-28,0.0000000000,0.0015184382,-0.0046351191,0.9165764014
2024-10-29,-0.0003586710,0.0167857916,0.0155759870,0.9162476520
2024-10-30,-0.0003982011,-0.0023431675,-0.0024494143,0.9158828012
2024-10-31,-0.0003316145,-0.0257286218,-0.0140982013,0.9155790812
2024-11-01,0.0002981127,0.0109577033,0.0078654140,0.9158520269
2024-11-04,0.0000067679,-0.0001083893,0.0042455911,0.9158582253
2024-11-05,0.0000162052,0.0174525745,0.0093558447,0.9158730670
2024-11-06,-0.0002459469,0.0410185382,0.0128537369,0.9156478108
2024-11-07,-0.0002104794,0.0250741992,0.0158215010,0.9154550858
2024-11-08,-0.0003388352,0.0107827476,0.0116918157,0.9151448974
2024-11-11,0.0002406156,0.0232121691,0.0119175540,0.9153650955
2024-11-12,-0.0000049447,0.0048267207,0.0120563928,0.9153605692
2024-11-13,0.0000074055,0.0031703334,0.0008626474,0.9153673480
2024-11-14,-0.0002568627,-0.0131200919,-0.0103716508,0.9151322243
2024-11-15,-0.0003776190,-0.0186317322,-0.0091122869,0.9147866529
2024-11-18,0.0001765114,-0.0000988826,-0.0028596785,0.9149481232
2024-11-19,0.0000000000,0.0138449367,0.0234601178,0.9149481232
2024-11-20,0.0004717055,0.0077058135,0.0006780318,0.9153797093
2024-11-21,0.0000000000,0.0119059142,-0.0004780572,0.9153797093
2024-11-22,0.0000000000,0.0143485747,0.0119286191,0.9153797093
2024-11-25,0.0000000000,-0.0023576009,-0.0149906890,0.9153797093
2024-11-26,0.0000000000,0.0037810757,0.0042557216,0.9153797093
2024-11-27,0.0000000000,-0.0177982861,-0.0122170660,0.9153797093
2024-11-29,0.0000000000,0.0044103547,0.0010511228,0.9153797093
2024-12-02,0.0000000000,0.0009545628,-0.0013333333,0.9153797093
2024-12-03,0.0000000000,0.0086782377,0.0139967405,0.9153797093
2024-12-04,0.0000000000,0.0388578992,0.0160902534,0.9153797093
2024-12-05,0.0000000000,-0.0121041136,-0.0064982610,0.9153797093
2024-12-06,0.0000000000,0.0138185168,0.0062174271,0.9153797093
2024-12-09,0.0000000000,-0.0207178555,-0.0254995931,0.9153797093
2024-12-10,0.0000000000,-0.0148464322,-0.0092385218,0.9153797093
2024-12-11,0.0000000000,0.0155411133,0.0071929005,0.9153797093
2024-12-12,0.0000000000,-0.0089964756,-0.0009350164,0.9153797093
2024-12-13,0.0000000000,-0.0101076275,-0.0109407144,0.9153797093
2024-12-16,0.0000000000,0.0107781034,0.0091561261,0.9153797093
2024-12-17,0.0000000000,-0.0094471986,-0.0058205032,0.9153797093
2024-12-18,0.0000000000,-0.0445703494,-0.0446605609,0.9153797093
2024-12-19,-0.0003163722,0.0038545167,-0.0143619602,0.9150901086
2024-12-20,0.0000000000,0.0201831249,0.0318661621,0.9150901086
2024-12-23,0.0000000000,-0.0067554526,-0.0044496034,0.9150901086
2024-12-24,0.0000000000,0.0114652157,0.0094056046,0.9150901086
2024-12-26,0.0000000000,-0.0022094140,0.0006743738,0.9150901086
2024-12-27,0.0000000000,-0.0153075960,-0.0094906062,0.9150901086
2024-12-30,0.0000000000,-0.0131012906,0.0026820304,0.9150901086
2024-12-31,0.0000000000,-0.0081236378,-0.0112581473,0.9150901086
2025-01-02,0.0000610295,-0.0020974830,-0.0133320166,0.9151459561
2025-01-03,0.0000000000,0.0156140526,0.0108587368,0.9151459561
2025-01-06,0.0001558918,0.0020695772,-0.0067402559,0.9152886199
2025-01-07,0.0001288020,-0.0244885917,-0.0239126156,0.9154065109
2025-01-08,-0.0000786843,0.0001008166,0.0047604578,0.9153344828
2025-01-10,-0.0003684516,-0.0203629032,-0.0072530391,0.9149972263
2025-01-13,-0.0005393861,-0.0084379502,0.0034364261,0.9145036896
2025-01-14,0.0000666746,0.0108966376,0.0004108041,0.9145646637
2025-01-15,-0.0002818163,0.0180679602,-0.0038171773,0.9143069244
2025-01-16,-0.0003598601,0.0018150650,-0.0044092594,0.9139779019
2025-01-17,0.0000000000,0.0097634625,-0.0109435078,0.9139779019
2025-01-21,0.0000000000,0.0162480064,0.0046314545,0.9139779019
2025-01-22,-0.0003905530,0.0211868563,0.0036633568,0.9136209450
2025-01-23,0.0000000000,0.0017289405,0.0090953072,0.9136209450
2025-01-24,0.0000000000,-0.0042190047,-0.0088757396,0.9136209450
2025-01-27,0.0001634481,-0.0165623495,0.0126921170,0.9137702746
2025-01-28,0.0000000000,0.0283951826,0.0233849752,0.9137702746
2025-01-29,-0.0003703319,-0.0147576883,-0.0119354531,0.9134318763
2025-01-30,-0.0002770362,-0.0069578663,0.0026344034,0.9131788226
2025-01-31,-0.0001015169,0.0012650837,-0.0091486903,0.9130861195
2025-02-03,0.0003303947,-0.0038876470,0.0175734710,0.9133877983
2025-02-04,-0.0003232332,0.0177578300,0.0019210450,0.9130925611
2025-02-05,0.0000173459,0.0063272936,0.0056524238,0.9131083995
2025-02-06,0.0000000000,0.0025721635,0.0016179690,0.9131083995
2025-02-07,-0.0004405997,-0.0058912961,-0.0128326099,0.9127060842
2025-02-10,-0.0001926232,0.0170139553,0.0065272916,0.9125302758
2025-02-11,0.0000534350,-0.0101503759,-0.0061338115,0.9125790369
2025-02-12,0.0000536260,-0.0034181542,0.0115651503,0.9126279749
2025-02-13,0.0003540032,0.0162919207,0.0063207547,0.9129510481
2025-02-14,0.0000000000,0.0008437236,0.0024413146,0.9129510481
2025-02-18,0.0000000000,0.0100224803,0.0049394222,0.9129510481
2025-02-19,0.0000000000,-0.0175275897,-0.0150613611,0.9129510481
2025-02-20,0.0000000000,-0.0183122522,-0.0118764846,0.9129510481
2025-02-21,0.0001786550,-0.0341346154,-0.0357108573,0.9131141513
2025-02-24,-0.0003414379,-0.0124440020,-0.0158730159,0.9128023796
2025-02-25,-0.0003866231,-0.0162298387,-0.0107450583,0.9124494691
2025-02-26,0.0000000000,0.0139358541,0.0013155232,0.9124494691
2025-02-27,-0.0003234324,-0.0264780192,-0.0344793024,0.9121543534
2025-02-28,0.0001744136,0.0118343195,0.0175383652,0.9123134455
2025-03-03,-0.0005493878,-0.0188776034,-0.0318890464,0.9118122317
2025-03-04,-0.0001803325,-0.0019868242,0.0096265736,0.9116478023
2025-03-05,0.0007832045,0.0173931266,0.0215675960,0.9123618089
2025-03-06,0.0002565814,-0.0376930999,-0.0193115029,0.9125959040
2025-03-07,0.0007455414,-0.0002140411,0.0038684720,0.9132762820
2025-03-10,-0.0002701069,-0.0507385999,-0.0269914417,0.9130295998
2025-03-11,-0.0000977279,0.0096977898,0.0147325476,0.9129403713
2025-03-12,-0.0007358811,0.0199910654,-0.0013121925,0.9122685558
2025-03-13,0.0001007792,-0.0331763933,-0.0233381263,0.9123604935
2025-03-14,0.0000730724,0.0380520951,0.0231623598,0.9124271618
2025-03-17,0.0000000000,0.0132009601,0.0128694514,0.9124271618
2025-03-18,0.0000000000,-0.0146441262,-0.0048934319,0.9124271618
2025-03-19,0.0000000000,0.0157359851,0.0102162808,0.9124271618
2025-03-20,0.0000000000,-0.0040882195,0.0070713664,0.9124271618
2025-03-21,0.0000000000,0.0058334234,0.0193781476,0.9124271618
2025-03-24,0.0000000000,0.0247019654,0.0093092140,0.9124271618
2025-03-25,0.0000241233,0.0100618384,0.0070010449,0.9124491725
2025-03-26,0.0000000000,-0.0236588150,-0.0227461570,0.9124491725
2025-03-27,-0.0005295344,-0.0172175577,-0.0101691287,0.9119659993
2025-03-28,-0.0002137047,-0.0281172272,-0.0259050509,0.9117711079
2025-03-31,0.0003381034,-0.0091242906,0.0119318182,0.9120793808
2025-04-01,0.0001315813,0.0140370578,0.0154053750,0.9121993933
2025-04-02,0.0002915847,0.0135105205,0.0327239901,0.9124653767
2025-04-03,0.0000110055,-0.0534309441,-0.0103952479,0.9124754189
2025-04-04,0.0015583923,-0.0615260302,-0.0315664086,0.9138974135
2025-04-07,-0.0011779414,-0.0006150062,0.0483870968,0.9128208960
2025-04-08,-0.0006528607,-0.0135384615,-0.0514792899,0.9122249511
2025-04-09,-0.0005768327,0.1165315034,0.1228356336,0.9116987499
2025-04-10,-0.0005911690,-0.0335232987,-0.0101853971,0.9111597819
2025-04-11,-0.0003424499,0.0082090415,0.0099606208,0.9108477553
2025-04-14,0.0001259261,0.0089449541,-0.0167635226,0.9109624548
2025-04-15,0.0000000000,0.0126165038,0.0111224606,0.9109624548
2025-04-16,-0.0001868063,-0.0241328993,-0.0071942446,0.9107922813
2025-04-17,0.0004612947,-0.0040257649,-0.0104000000,0.9112124249
2025-04-21,0.0000000000,-0.0309504562,-0.0161800915,0.9112124249
2025-04-22,-0.0007880792,0.0268144440,0.0136470588,0.9104943173
2025-04-23,-0.0003051745,0.0316852368,-0.0070375335,0.9102164577
2025-04-24,0.0001853099,0.0484868939,0.0349805664,0.9103851298
2025-04-25,0.0000000000,0.0167381974,0.0172839506,0.9103851298
2025-04-28,0.0000000000,0.0012135922,-0.0002634352,0.9103851298
2025-04-29,-0.0004154122,0.0129117260,0.0138200232,0.9100069447
2025-04-30,0.0000000000,-0.0003121748,0.0220212766,0.9100069447
2025-05-01,0.0000000000,0.0097845321,-0.0117155664,0.9100069447
2025-05-02,0.0000000000,0.0253582105,0.0078014184,0.9100069447
2025-05-05,0.0000000000,-0.0010053282,0.0072985302,0.9100069447
2025-05-06,0.0000728507,-0.0141893932,0.0058527570,0.9100732394
2025-05-07,0.0003292909,0.0083707636,0.0065212961,0.9103729182
2025-05-08,0.0003355938,0.0165013161,0.0077278202,0.9106784337
2025-05-09,-0.0004116250,-0.0071706005,-0.0107174754,0.9103035757
2025-05-12,0.0000000000,0.0309960879,0.0022428084,0.9103035757
2025-05-13,-0.0002708033,0.0189725628,0.0157113762,0.9100570625
2025-05-14,0.0000000000,0.0006683854,-0.0017146123,0.9100570625
2025-05-15,0.0000000000,-0.0038167939,0.0029781919,0.9100570625
2025-05-16,0.0000000000,0.0072796935,0.0051615370,0.9100570625
2025-05-19,0.0000000000,-0.0020920502,0.0123480610,0.9100570625
2025-05-20,0.0000000000,-0.0023823137,0.0023937189,0.9100570625
2025-05-21,0.0001831835,-0.0240710670,-0.0117999807,0.9102237700
2025-05-22,0.0000000000,0.0052853088,0.0046952949,0.9102237700
2025-05-23,0.0002907538,-0.0075941973,0.0044343713,0.9104884210
2025-05-27,0.0000000000,0.0183459237,0.0040626814,0.9104884210
2025-05-28,0.0000000000,-0.0069364162,-0.0073189522,0.9104884210
2025-05-29,-0.0003571115,-0.0070818782,-0.0163382989,0.9101632751
2025-05-30,0.0000000000,0.0127015144,0.0116142885,0.9101632751
2025-06-02,0.0000000000,0.0027978775,0.0086365842,0.9101632751
2025-06-03,0.0000157396,0.0101019819,0.0106854062,0.9101776007
2025-06-04,0.0002082675,-0.0018096962,-0.0004768717,0.9103671611
2025-06-05,0.0000000000,-0.0013358779,-0.0024780785,0.9103671611
2025-06-06,-0.0002691432,0.0126122683,0.0039787798,0.9101221420
2025-06-09,0.0000000000,0.0014153614,0.0012264151,0.9101221420
2025-06-10,0.0000000000,-0.0023556016,-0.0022615907,0.9101221420
2025-06-11,0.0000891094,-0.0008500189,-0.0002835003,0.9102032424
2025-06-12,0.0000000000,0.0118158616,0.0073404856,0.9102032424
2025-06-13,0.0000100349,-0.0071935725,0.0060588848,0.9102123762
2025-06-16,0.0000000000,0.0106332926,0.0071267817,0.9102123762
2025-06-17,-0.0004247473,-0.0069832402,-0.0020585758,0.9098257660
2025-06-18,-0.0003621140,-0.0052508204,-0.0062757587,0.9094963054
2025-06-20,-0.0003827436,-0.0092374399,-0.0139774859,0.9091482015
2025-06-23,0.0000000000,0.0119874417,0.0124690653,0.9091482015
2025-06-24,0.0000000000,0.0157939269,0.0059584769,0.9091482015
2025-06-25,0.0002145508,-0.0025913929,-0.0064533973,0.9093432600
2025-06-26,0.0000000000,0.0087222789,0.0028597786,0.9093432600
2025-06-27,0.0000000000,-0.0085548708,-0.0120989918,0.9093432600
2025-06-30,0.0000000000,0.0159584338,0.0011886258,0.9093432600
2025-07-01,-0.0003961614,-0.0115068493,-0.0088819705,0.9089830133
2025-07-02,0.0000000000,0.0052660754,0.0082468495,0.9089830133
2025-07-03,0.0000000000,0.0226082162,0.0129267183,0.9089830133
2025-07-07,0.0001005706,-0.0050328031,-0.0013080150,0.9090744302
2025-07-08,-0.0001964515,0.0033420649,-0.0011689596,0.9088958412
2025-07-09,0.0000000000,0.0030608570,-0.0007174888,0.9088958412
2025-07-10,0.0000000000,-0.0203733621,-0.0203733621,0.9088958412
2025-07-11,0.0000000000,-0.0149335776,-0.0099447514,0.9088958412
2025-07-14,0.0000000000,0.0142299107,0.0130992196,0.9088958412
2025-07-15,0.0000000000,-0.0005502063,-0.0021971986,0.9088958412
2025-07-16,-0.0004108519,0.0075236260,0.0032891731,0.9085224196
2025-07-17,0.0000000000,0.0136599581,0.0123232231,0.9085224196
2025-07-18,0.0000000000,-0.0022459797,-0.0064412238,0.9085224196
2025-07-21,0.0000000000,0.0013506213,-0.0010778766,0.9085224196
2025-07-22,0.0000000000,-0.0027875191,-0.0026081482,0.9085224196
2025-07-23,-0.0002772917,0.0082055906,0.0044919594,0.9082704938
2025-07-24,0.0000000000,0.0025042483,-0.0008022820,0.9082704938
2025-07-25,0.0000000000,0.0053528415,0.0061607143,0.9082704938
2025-07-28,0.0000000000,0.0016860414,-0.0030910536,0.9082704938
2025-07-29,0.0002376320,0.0011516655,-0.0072037249,0.9084863280
2025-07-30,0.0000000000,-0.0025661446,-0.0022129769,0.9084863280
2025-07-31,-0.0000911138,-0.0094038325,-0.0217277028,0.9084035523
2025-08-01,-0.0003725848,-0.0271359484,-0.0149619151,0.9080650950
2025-08-04,0.0000000000,0.0216330664,0.0118065369,0.9080650950
2025-08-05,0.0000000000,-0.0038745720,-0.0128582909,0.9080650950
2025-08-06,0.0000000000,0.0113975577,0.0107575484,0.9080650950
2025-08-07,-0.0002814102,-0.0197656739,-0.0244770806,0.9078095562
2025-08-08,0.0000000000,0.0002737226,-0.0045400890,0.9078095562
2025-08-11,0.0000000000,-0.0114932044,-0.0085993962,0.9078095562
2025-08-12,0.0000000000,0.0109808988,0.0068927488,0.9078095562
2025-08-13,0.0001392882,-0.0001825484,-0.0076100743,0.9079360034
2025-08-14,0.0000000000,-0.0109549023,-0.0050509689,0.9079360034
2025-08-15,-0.0000892068,0.0071072549,0.0053441445,0.9078550093
2025-08-18,0.0000000000,0.0027495188,0.0048677443,0.9078550093
2025-08-19,-0.0003422459,-0.0258660086,-0.0274660097,0.9075442996
2025-08-20,0.0000631434,-0.0023456558,0.0034918837,0.9076016051
2025-08-21,0.0000000000,-0.0034797329,0.0016069572,0.9076016051
2025-08-22,0.0000000000,0.0141562854,0.0185781991,0.9076016051
2025-08-25,0.0000000000,-0.0071654569,-0.0045253091,0.9076016051
2025-08-26,0.0000000000,-0.0011247540,-0.0001876349,0.9076016051
2025-08-27,0.0000000000,0.0082574833,0.0042056075,0.9076016051
2025-08-28,0.0000000000,0.0152629130,0.0130943536,0.9076016051
2025-08-29,0.0000000000,-0.0090750756,-0.0098919216,0.9076016051
2025-09-02,0.0000000000,-0.0076780759,0.0115040075,0.9076016051
2025-09-03,0.0000000000,0.0004661135,-0.0003725782,0.9076016051
2025-09-04,0.0000000000,-0.0044726053,0.0030983006,0.9076016051
2025-09-05,0.0001807562,0.0121677274,0.0003700278,0.9077656597
2025-09-08,0.0000000000,0.0173848715,0.0085250710,0.9077656597
2025-09-09,0.0000000000,0.0045446282,0.0020854112,0.9077656597
2025-09-10,0.0000000000,0.0155627941,-0.0096179299,0.9077656597
2025-09-11,0.0000000000,0.0014255167,-0.0051336520,0.9077656597
2025-09-12,0.0000000000,-0.0064946619,-0.0091393079,0.9077656597
2025-09-15,0.0000000000,0.0102086505,0.0042731238,0.9077656597
2025-09-16,0.0000000000,-0.0007978016,-0.0062593670,0.9077656597
2025-09-17,-0.0001868757,0.0044357700,0.0039014010,0.9075960203
2025-09-18,0.0000000000,0.0189895778,0.0092730295,0.9075960203
2025-09-19,0.0000000000,0.0157753315,0.0120908541,0.9075960203
2025-09-22,0.0000000000,0.0051198908,0.0104658145,0.9075960203
2025-09-23,-0.0002519690,-0.0118006622,-0.0120522831,0.9073673342
2025-09-24,0.0000000000,-0.0101374570,-0.0133162064,0.9073673342
2025-09-25,0.0000000000,-0.0114997396,0.0008347979,0.9073673342
2025-09-26,0.0000000000,0.0094385179,0.0069189000,0.9073673342
2025-09-29,0.0000000000,0.0087849004,0.0031136482,0.9073673342
2025-09-30,0.0000000000,-0.0083635110,-0.0081924802,0.9073673342
2025-10-01,0.0000000000,0.0005216938,0.0026139235,0.9073673342
2025-10-02,0.0000000000,0.0056487356,0.0003025457,0.9073673342
2025-10-03,0.0000000000,-0.0076909782,-0.0082908714,0.9073673342
2025-10-06,0.0000000000,0.0068797353,-0.0008641549,0.9073673342
2025-10-07,-0.0002811850,-0.0108112783,-0.0128603487,0.9071121962
2025-10-08,0.0000000000,0.0115414882,0.0095994415,0.9071121962
2025-10-09,0.0000000000,-0.0001728758,0.0010385115,0.9071121962
2025-10-10,0.0005966897,-0.0309501167,-0.0324557618,0.9076534607
2025-10-13,-0.0003955680,0.0227495762,0.0106673719,0.9072944220
2025-10-14,-0.0004497183,-0.0091591068,0.0045100814,0.9068863951
2025-10-15,-0.0009630022,-0.0026410776,-0.0122929381,0.9060130615
2025-10-16,-0.0003610469,-0.0043251832,-0.0150192106,0.9056859483
2025-10-17,-0.0004698981,-0.0011081560,0.0073759499,0.9052603682
2025-10-20,0.0000000000,0.0107832261,0.0066289553,0.9052603682
2025-10-21,0.0000000000,0.0098340504,0.0104107182,0.9052603682
2025-10-22,0.0004860422,-0.0130423441,-0.0123553467,0.9057003629
2025-10-23,0.0000000000,0.0112765395,0.0130615127,0.9057003629
2025-10-24,0.0000000000,0.0105409879,-0.0003447087,0.9057003629
2025-10-27,0.0000000000,0.0093103448,-0.0056900212,0.9057003629
2025-10-28,0.0000807234,-0.0030748206,-0.0061307902,0.9057734741
2025-10-29,-0.0003571523,-0.0128512680,-0.0079641827,0.9054499751
2025-10-30,-0.0005648905,-0.0108488110,-0.0017517737,0.9049384950
2025-10-31,0.0004697462,0.0135123278,0.0074132217,0.9053635864
2025-11-03,-0.0005150853,0.0016448792,-0.0029300241,0.9048972470
2025-11-04,-0.0004878737,-0.0319792567,-0.0123456790,0.9044557714
2025-11-05,0.0000000000,-0.0022321429,-0.0015189421,0.9044557714
2025-11-06,-0.0005511852,-0.0218344519,-0.0196412556,0.9039572487
2025-11-07,-0.0003952527,0.0015552100,0.0135160156,0.9035999572
2025-11-10,-0.0003947624,0.0210084034,0.0097560976,0.9032432500
2025-11-11,0.0000000000,-0.0067096082,0.0000000000,0.9032432500
2025-11-12,0.0001026067,-0.0106277583,-0.0147982063,0.9033359288
2025-11-13,-0.0004139208,-0.0274010014,-0.0208046925,0.9029620193
2025-11-14,0.0003575460,0.0056158742,0.0216812476,0.9032848698
2025-11-17,0.0001496866,-0.0181496649,-0.0126357170,0.9034200794
2025-11-18,-0.0006360882,-0.0102379372,-0.0015300755,0.9028454246
2025-11-19,-0.0004614246,-0.0049803659,-0.0032620167,0.9024288295
2025-11-20,-0.0003931227,-0.0297429974,-0.0441873696,0.9020740642
2025-11-21,-0.0001277827,0.0011904762,0.0010911616,0.9019587947
2025-11-24,0.0000000000,0.0129805787,0.0081854043,0.9019587947
2025-11-25,0.0000000000,0.0093905898,0.0163498473,0.9019587947
2025-11-26,0.0000000000,-0.0021319895,-0.0096181591,0.9019587947
2025-11-28,0.0000000000,0.0108769545,0.0081355932,0.9019587947
2025-12-01,0.0000000000,-0.0001921414,0.0098001164,0.9019587947
2025-12-02,0.0000000000,0.0110502546,0.0028593214,0.9019587947
2025-12-03,0.0000000000,0.0138756890,0.0201778713,0.9019587947
2025-12-04,0.0000000000,0.0119047619,0.0059171598,0.9019587947
2025-12-05,0.0000000000,0.0139879574,0.0098717594,0.9019587947
2025-12-08,0.0000000000,-0.0005481454,-0.0050927610,0.9019587947
2025-12-09,0.0000000000,0.0050274223,0.0087155963,0.9019587947
2025-12-10,0.0000000000,0.0011823556,0.0033268013,0.9019587947
2025-12-11,0.0000000000,-0.0027252907,0.0113311838,0.9019587947
2025-12-12,0.0000000000,-0.0164875205,-0.0145125958,0.9019587947
2025-12-15,0.0000000000,-0.0238955265,-0.0209939619,0.9019587947
2025-12-16,0.0000000000,0.0087294810,0.0128620427,0.9019587947
2025-12-17,0.0000000000,-0.0151443891,-0.0154222306,0.9019587947
2025-12-18,0.0000000000,0.0141356256,0.0030228604,0.9019587947
2025-12-19,0.0000000000,0.0148803918,0.0075736325,0.9019587947
2025-12-22,0.0000000000,0.0110430586,0.0055376096,0.9019587947
2025-12-23,0.0000000000,-0.0080770996,-0.0037794985,0.9019587947
2025-12-24,0.0000000000,0.0014805219,0.0027795794,0.9019587947
2025-12-26,0.0000000000,-0.0012011457,0.0000000000,0.9019587947
2025-12-29,0.0000000000,-0.0065679926,0.0007455037,0.9019587947
2025-12-30,0.0000000000,-0.0037247416,-0.0021451222,0.9019587947
2025-12-31,0.0000000000,-0.0121506683,-0.0129809488,0.9019587947
2026-01-02,-0.0001247041,-0.0290472135,-0.0363414405,0.9018463168
2026-01-05,0.0000638435,0.0098421360,0.0015463419,0.9019038938
2026-01-06,0.0000000000,0.0124481328,0.0132303235,0.9019038938
2026-01-07,0.0000000000,0.0125810141,0.0118095238,0.9019038938
2026-01-08,0.0000000000,-0.0169427711,-0.0112657389,0.9019038938
2026-01-09,0.0000000000,0.0053619303,0.0051694428,0.9019038938
2026-01-12,0.0000000000,0.0033333333,0.0090029691,0.9019038938
2026-01-13,0.0000000000,-0.0189843379,-0.0154329809,0.9019038938
2026-01-14,-0.0002976117,-0.0220609579,-0.0179751263,0.9016354767
2026-01-15,0.0000000000,-0.0127634313,-0.0169458128,0.9016354767
2026-01-16,0.0000000000,-0.0147324113,-0.0169000000,0.9016354767
2026-01-20,-0.0003482486,-0.0242091344,-0.0038421599,0.9013214833
2026-01-21,0.0000000000,-0.0055248619,-0.0071807680,0.9013214833
2026-01-22,0.0000000000,0.0161425577,0.0053930720,0.9013214833
2026-01-23,0.0000000000,0.0079430576,0.0084632057,0.9013214833
2026-01-26,0.0000000000,0.0112578037,0.0082653061,0.9013214833
2026-01-27,0.0000000000,-0.0106264548,-0.0132727732,0.9013214833
2026-01-28,0.0000000000,-0.0071603928,-0.0106014271,0.9013214833
2026-01-29,0.0000000000,-0.0493509170,-0.0234945497,0.9013214833
2026-01-30,0.0000000000,-0.0212420072,-0.0177289537,0.9013214833
2026-02-02,0.0000000000,-0.0087476470,-0.0177209634,0.9013214833
2026-02-03,0.0000000000,-0.0461349419,-0.0445339599,0.9013214833
2026-02-04,0.0000000000,-0.0181520084,-0.0024985128,0.9013214833
2026-02-05,0.0000000000,-0.0497375954,-0.0405828516,0.9013214833
2026-02-06,0.0000000000,0.0350194553,0.0109108741,0.9013214833
2026-02-09,0.0000000000,0.0315304390,0.0298444216,0.9013214833
2026-02-10,0.0000000000,0.0041147425,-0.0035001750,0.9013214833
2026-02-11,0.0000000000,-0.0255239433,-0.0247246309,0.9013214833
2026-02-12,0.0000000000,-0.0272738195,-0.0235194790,0.9013214833
2026-02-13,0.0000000000,0.0223567194,0.0153336605,0.9013214833
2026-02-17,0.0000000000,-0.0218678265,-0.0140056022,0.9013214833
2026-02-18,0.0000000000,0.0128458498,0.0127207608,0.9013214833
2026-02-19,0.0000000000,-0.0026829268,-0.0005499542,0.9013214833
2026-02-20,0.0000000000,-0.0122279286,-0.0049273220,0.9013214833
2026-02-23,0.0000000000,-0.0475365189,-0.0320795069,0.9013214833
2026-02-24,0.0000000000,0.0191057967,0.0196358908,0.9013214833
2026-02-25,0.0000000000,0.0311184798,0.0278413425,0.9013214833
2026-02-26,0.0000000000,0.0216450216,0.0143058881,0.9013214833
2026-02-27,0.0000000000,-0.0124697337,0.0158156912,0.9013214833
2026-03-02,0.0000000000,0.0147112909,0.0253710265,0.9013214833
2026-03-03,0.0000000000,0.0163102573,0.0373658898,0.9013214833
2026-03-04,0.0000000000,0.0181883024,0.0175834620,0.9013214833
2026-03-05,0.0000000000,0.0230005838,0.0230603071,0.9013214833
2026-03-06,0.0000000000,0.0039945218,0.0119636489,0.9013214833
2026-03-09,0.0000000000,-0.0029555530,0.0075818495,0.9013214833
2026-03-10,0.0000000000,-0.0234864896,-0.0243763527,0.9013214833
2026-03-11,0.0000000000,0.0010507881,-0.0095876170,0.9013214833
2026-03-12,0.0000000000,-0.0087473758,-0.0070101647,0.9013214833
2026-03-13,0.0000000000,-0.0094128721,-0.0088881041,0.9013214833
2026-03-16,0.0000000000,0.0090272004,0.0001766056,0.9013214833
2026-03-17,0.0000000000,0.0068275456,0.0063536887,0.9013214833
2026-03-18,0.0000000000,-0.0139132468,-0.0046615920,0.9013214833
2026-03-19,0.0000000000,0.0014228124,0.0067946120,0.9013214833
2026-03-20,0.0000000000,-0.0174046886,-0.0101383588,0.9013214833
2026-03-23,0.0000000000,0.0174719846,0.0070363745,0.9013214833
2026-03-24,0.0000000000,-0.0428706774,-0.0364806867,0.9013214833
2026-03-25,0.0000000000,-0.0051967335,-0.0204678363,0.9013214833
2026-03-26,0.0000000000,-0.0080845771,0.0026401810,0.9013214833
2026-03-27,0.0000000000,-0.0358620690,-0.0197603264,0.9013214833
2026-03-30,0.0000000000,0.0094940825,-0.0015436069,0.9013214833
2026-03-31,0.0000000000,0.0313063643,0.0200050968,0.9013214833
2026-04-01,0.0000000000,-0.0034978139,-0.0121362229,0.9013214833
2026-04-02,0.0000000000,0.0071455434,0.0177994552,0.9013214833
2026-04-06,0.0000000000,0.0014936520,0.0004973887,0.9013214833
2026-04-07,0.0000000000,0.0004971414,0.0084559975,0.9013214833
2026-04-08,0.0000000000,-0.0093167702,-0.0407169062,0.9013214833
2026-04-09,0.0000000000,-0.0389968652,-0.0317119394,0.9013214833
2026-04-10,0.0000000000,-0.0257045929,-0.0239215686,0.9013214833
2026-04-13,0.0000000000,0.0538368823,0.0485009993,0.9013214833
2026-04-14,0.0000000000,0.0100393951,-0.0079880180,0.9013214833
2026-04-15,0.0000000000,0.0440362355,0.0285076847,0.9013214833
2026-04-16,0.0000000000,0.0166305134,-0.0090449900,0.9013214833
2026-04-17,0.0000000000,0.0085348506,-0.0133364258,0.9013214833
2026-04-20,0.0000000000,0.0143394452,0.0149359050,0.9013214833
2026-04-21,0.0000000000,0.0044032445,-0.0009220839,0.9013214833
2026-04-22,0.0000000000,0.0237655745,0.0099009901,0.9013214833
2026-04-23,0.0000000000,-0.0582600856,-0.0217722112,0.9013214833
2026-04-24,0.0000000000,0.0195046069,0.0099573257,0.9013214833
2026-04-27,0.0000000000,0.0026995305,0.0083805477,0.9013214833
2026-04-28,0.0000000000,-0.0050333606,-0.0028155795,0.9013214833
2026-04-29,0.0000000000,-0.0058823529,0.0001183572,0.9013214833
2026-04-30,0.0000000000,-0.0069822485,0.0001191895,0.9013214833
2026-05-01,0.0000000000,0.0324156835,0.0059219693,0.9013214833
2026-05-04,0.0000000000,0.0208934549,0.0138713745,0.9013214833
2026-05-05,0.0000000000,-0.0019222071,-0.0036121458,0.9013214833
2026-05-06,0.0000000000,-0.0050979948,-0.0050979948,0.9013214833
2026-05-07,0.0000000000,0.0345023913,0.0093883673,0.9013214833
2026-05-08,0.0000000000,0.0033021464,0.0146944228,0.9013214833
2026-05-11,0.0000000000,-0.0050466264,0.0066041401,0.9013214833
2026-05-12,0.0000000000,-0.0137832176,-0.0138919515,0.9013214833
2026-05-13,0.0000000000,-0.0093917710,-0.0024769196,0.9013214833
2026-05-14,0.0000000000,0.0230248307,0.0218714769,0.9013214833
2026-05-15,0.0000000000,0.0125772286,0.0157149181,0.9013214833
2026-05-18,0.0000000000,0.0118762258,0.0198770042,0.9013214833
2026-05-19,0.0000000000,-0.0099063207,-0.0198273105,0.9013214833
2026-05-20,0.0000000000,0.0148994018,0.0263403904,0.9013214833
2026-05-21,0.0000000000,-0.0090012859,0.0039079462,0.9013214833
2026-05-22,0.0000000000,0.0165441176,0.0086909871,0.9013214833
2026-05-26,0.0000000000,0.0004254867,0.0008513355,0.9013214833
2026-05-27,0.0000000000,-0.0106858054,0.0051312520,0.9013214833
2026-05-28,0.0000000000,0.0283196303,0.0244111349,0.9013214833
2026-05-29,0.0000000000,0.0625000000,0.0492310868,0.9013214833
2026-06-01,0.0000000000,0.0594137320,0.0353778120,0.9013214833
2026-06-02,0.0000000000,-0.0275766017,0.0015300755,0.9013214833
2026-06-03,0.0000000000,-0.0432540819,-0.0302912997,0.9013214833
2026-06-04,0.0000000000,-0.0013972056,0.0000999500,0.9013214833
2026-06-05,0.0000000000,-0.0420747551,-0.0358112866,0.9013214833
2026-06-08,0.0000000000,-0.0020865936,-0.0040815477,0.9013214833
2026-06-09,0.0000000000,-0.0282279143,-0.0223199260,0.9013214833
2026-06-10,0.0000000000,-0.0147391070,0.0039465030,0.9013214833
2026-06-11,0.0000000000,-0.0072068137,0.0102222222,0.9013214833
2026-06-12,0.0000000000,-0.0024197096,0.0007723712,0.9013214833
2026-06-15,0.0000000000,0.0218302095,0.0054787090,0.9013214833
2026-06-16,0.0000000000,-0.0141346569,-0.0098612917,0.9013214833
2026-06-17,0.0000000000,-0.0241873700,-0.0184940555,0.9013214833
2026-06-18,0.0000000000,-0.0007851054,-0.0052478785,0.9013214833
2026-06-22,0.0000000000,-0.0199797957,-0.0098661828,0.9013214833
2026-06-23,0.0000000000,0.0001145344,-0.0018289895,0.9013214833
2026-06-24,0.0000000000,-0.0122537792,-0.0058782849,0.9013214833
2026-06-25,0.0000000000,-0.0172753623,-0.0115451895,0.9013214833
2026-06-26,0.0000000000,0.0405851817,0.0358191427,0.9013214833
2026-06-29,0.0000000000,0.0191609977,0.0006122335,0.9013214833
2026-06-30,0.0000000000,0.0078985427,0.0169491525,0.9013214833
2026-07-01,0.0000000000,0.0302428256,0.0101731602,0.9013214833
2026-07-02,0.0000000000,0.0024641097,0.0021420156,0.9013214833
2026-07-06,0.0000000000,0.0130383670,0.0262545336,0.9013214833
2026-07-07,0.0000000000,-0.0069627598,-0.0178422371,0.9013214833
2026-07-08,0.0000000000,-0.0175289493,-0.0044138228,0.9013214833
2026-07-09,0.0000000000,0.0151384083,0.0350606395,0.9013214833
2026-07-10,0.0000000000,-0.0156582872,-0.0269558808,0.9013214833
2026-07-13,0.0000000000,0.0031381885,0.0016207455,0.9013214833
2026-07-14,0.0000000000,0.0100323625,0.0360739183,0.9013214833
2026-07-15,0.0000000000,0.0033109046,-0.0076061694,0.9013214833
2026-07-16,0.0000000000,-0.0025548222,-0.0049909738,0.9013214833
2026-07-17,0.0000000000,-0.0096051227,0.0115543928,0.9013214833
2026-07-20,0.0000000000,0.0019396552,0.0085692591,0.9013214833
2026-07-21,0.0000000000,-0.0124758012,-0.0017395086,0.9013214833
2026-07-22,0.0000000000,-0.0304944457,-0.0304944457,0.9013214833
2026-07-23,0.0000000000,-0.0215681869,-0.0282271561,0.9013214833
2026-07-24,0.0000000000,0.0101033295,-0.0034547205,0.9013214833
2026-07-27,0.0000000000,0.0333030234,0.0111222333,0.9013214833
2026-07-28,0.0000000000,0.0095699043,0.0089040343,0.9013214833
2026-07-29,0.0000000000,0.0064284158,0.0057709059,0.9013214833
2026-07-30,0.0000000000,0.0101764642,0.0092477421,0.9013214833
2026-07-31,0.0000000000,0.0136105455,0.0142627346,0.9013214833
2026-08-03,0.0000000000,0.0300274900,0.0069771048,0.9013214833
2026-08-04,0.0000000000,0.0470129337,0.0389081279,0.9013214833
2026-08-05,0.0000000000,-0.0067647059,-0.0197387518,0.9013214833
2026-08-06,0.0000000000,-0.0186556115,0.0185431821,0.9013214833
2026-08-07,0.0000000000,0.0328907664,0.0101318119,0.9013214833
2026-08-10,0.0000000000,0.0225922680,0.0273945798,0.9013214833
2026-08-11,0.0000000000,-0.0103799638,-0.0045977011,0.9013214833
2026-08-12,0.0000000000,-0.0080831409,0.0000970214,0.9013214833
2026-08-13,0.0000000000,0.0310438494,0.0245830522,0.9013214833
2026-08-14,0.0000000000,-0.0207000376,-0.0224476378,0.9013214833
2026-08-17,0.0000000000,-0.0200807071,-0.0122033898,0.9013214833
2026-08-18,0.0000000000,-0.0002941465,-0.0003921569,0.9013214833
2026-08-19,0.0000000000,0.0083366026,0.0067567568,0.9013214833
2026-08-20,0.0000000000,-0.0087540123,-0.0057560976,0.9013214833
2026-08-21,0.0000000000,0.0143263664,0.0084878049,0.9013214833
2026-08-24,0.0000000000,-0.0089000677,-0.0034046693,0.9013214833
2026-08-25,0.0000000000,-0.0058565154,-0.0035221603,0.9013214833
2026-08-26,0.0000000000,0.0053019146,0.0258491133,0.9013214833
2026-08-27,0.0000000000,0.0774489696,0.0438073612,0.9013214833
2026-08-28,0.0000000000,-0.0074329224,-0.0028230580,0.9013214833
2026-08-31,0.0000000000,0.0043835616,0.0116824579,0.9013214833
2026-09-01,0.0000000000,-0.0345517367,-0.0177613321,0.9013214833
2026-09-02,0.0000000000,-0.0259935958,-0.0166397262,0.9013214833
2026-09-03,0.0000000000,0.0341326629,0.0165383519,0.9013214833
2026-09-04,0.0000000000,-0.0222533894,-0.0125590179,0.9013214833
2026-09-08,0.0000000000,-0.0182652768,-0.0105060241,0.9013214833
2026-09-09,0.0000000000,-0.0080849406,-0.0093394299,0.9013214833
2026-09-10,0.0000000000,-0.0061867819,0.0034705007,0.9013214833
2026-09-11,0.0000000000,0.0031620553,-0.0037291462,0.9013214833
2026-09-14,0.0000000000,0.0504334121,0.0296417882,0.9013214833
2026-09-15,0.0000000000,-0.0102213053,0.0031362859,0.9013214833
2026-09-16,0.0000000000,-0.0055897679,0.0056529654,0.9013214833
2026-09-17,0.0000000000,0.0078125000,0.0066615912,0.9013214833
2026-09-18,0.0000000000,-0.0135186236,-0.0192669173,0.9013214833
2026-09-21,0.0000000000,0.0266411116,0.0200914112,0.9013214833
2026-09-22,0.0000000000,-0.0035470923,-0.0142210730,0.9013214833
2026-09-23,0.0000000000,0.0126463700,0.0097141790,0.9013214833
2026-09-24,0.0000000000,-0.0087881591,-0.0030239591,0.9013214833
2026-09-25,0.0000000000,-0.0106392907,-0.0138604651,0.9013214833
