date,strategy,spy
2022-10-24,0.2103000965125495,-0.6781368367346166
2022-10-25,0.2103000965125494,-0.6311966003770116
2022-10-26,0.21030009651254952,-0.6664366208352659
2022-10-27,0.21030009651254947,-0.6700553674209103
2022-10-28,0.2103000965125495,-0.606474537744634
2022-10-31,0.21030009651254947,-0.6441145839739142
2022-11-01,0.2103000965125496,-0.671691414795402
2022-11-02,0.21030009651254947,-0.7955875610522952
2022-11-03,0.2094345520195998,-0.8657135597217738
2022-11-04,0.33099363117924635,-0.8214099364480335
2022-11-07,0.40721568861134033,-0.7978743973631176
2022-11-08,0.4072156886113403,-0.7759326556243646
2022-11-09,0.4072156886113404,-0.847770106706006
2022-11-10,0.40721568861134033,-0.5597575016259547
2022-11-11,0.4072156886113404,-0.5201012409662594
2022-11-14,0.4072156886113403,-0.5836550634904947
2022-11-15,0.4072156886113404,-0.5528514425845541
2022-11-16,0.40721568861134033,-0.6004685875222311
2022-11-17,0.4072156886113404,-0.6032986200604759
2022-11-18,0.40721568861134033,-0.5983830318093878
2022-11-21,0.4072156886113404,-0.605855463568131
2022-11-22,0.40721568861134033,-0.5367130729125829
2022-11-23,0.4072156886113404,-0.516197896342956
2022-11-25,0.4072156886113404,-0.5274162365979392
2022-11-28,0.40807274987337905,-0.5053724248509163
2022-11-29,0.3136639831228991,-0.5611317134666299
2022-11-30,0.4866847094208404,-0.3481858301994973
2022-12-01,0.5856855826595984,-0.30309810822687727
2022-12-02,0.4654816480021893,-0.36873464692886143
2022-12-05,0.4654816480021891,-0.40676012024994007
2022-12-06,0.4645972640127617,-0.5189360827133034
2022-12-07,0.45018132526530974,-0.6148869619180345
2022-12-08,0.5188545079360594,-0.5935361732345611
2022-12-09,0.4510709593185715,-0.5966546069633064
2022-12-12,0.5715193563069995,-0.5749127369681827
2022-12-13,0.5715193563069995,-0.5071311008416715
2022-12-14,0.5715193563069993,-0.505241829528064
2022-12-15,0.5715193563069993,-0.6679942028512529
2022-12-16,0.5706453642065765,-0.7023351175613134
2022-12-19,0.4942771966550027,-0.6798248563732238
2022-12-20,0.5040661244041467,-0.6297778683712033
2022-12-21,0.4855784053966393,-0.639304371683841
2022-12-22,0.3967962826943304,-0.7398415431784476
2022-12-23,0.39679628269433054,-0.7438886298058587
2022-12-27,0.39679628269433065,-0.8202862319879811
2022-12-28,0.39679628269433065,-0.8684869443659532
2022-12-29,0.39679628269433054,-0.7974266055156102
2022-12-30,0.3967962826943305,-0.7971709987529283
2023-01-03,0.3967962826943304,-0.8139228332168841
2023-01-04,0.39679628269433054,-0.7954780694156786
2023-01-05,0.3967962826943304,-0.8390768831425364
2023-01-06,0.397672895417228,-0.6676148379587376
2023-01-09,0.4119294208405062,-0.6601115948318602
2023-01-10,0.4464836402952315,-0.6154675823413533
2023-01-11,0.4562946066769607,-0.5573272134223887
2023-01-12,0.3788352022244338,-0.5795059590613918
2023-01-13,0.3788352022244337,-0.5762522850284626
2023-01-17,0.3788352022244337,-0.5284823332396942
2023-01-18,0.3788352022244337,-0.5918302365664105
2023-01-19,0.3788352022244337,-0.5493699990500672
2023-01-20,0.6207155206880949,-0.43120293297163065
2023-01-23,0.7216806872914964,-0.3341878289741969
2023-01-24,0.9014797804708776,-0.26037185943090435
2023-01-25,0.8727225398415138,-0.27087254820525825
2023-01-26,0.9822970262697885,-0.17728136774202896
2023-01-27,1.015097225834182,-0.15222901431518712
2023-01-30,1.050002081146957,-0.187301036104312
2023-01-31,0.8524064124120531,-0.22958345520808826
2023-02-01,0.852406412412053,-0.2606631370177452
2023-02-02,0.852406412412053,-0.22931395895572057
2023-02-03,0.8524064124120531,-0.3128041752669353
2023-02-06,0.8524064124120531,-0.24273304773252377
2023-02-07,0.852406412412053,-0.2060719854941641
2023-02-08,0.852406412412053,-0.23866654019441355
2023-02-09,0.8524064124120531,-0.3082966423601134
2023-02-10,0.8524064124120531,-0.3599822765636974
2023-02-13,0.852406412412053,-0.237385734038051
2023-02-14,0.852406412412053,-0.1561013741728183
2023-02-15,0.8524064124120531,-0.12741971058624024
2023-02-16,0.852406412412053,-0.2541663147313926
2023-02-17,0.852406412412053,-0.27064449526577294
2023-02-21,0.8514854329037465,-0.2656671034666216
2023-02-22,0.8408275450429363,-0.24386227484650402
2023-02-23,0.8872183057651917,-0.17836898180463998
2023-02-24,0.9622463634856836,-0.14805932947328818
2023-02-27,0.8708418194047411,-0.1932341858010625
2023-02-28,0.6431718960784881,-0.30455999021699964
2023-03-01,0.6059529676737231,-0.31240919108975923
2023-03-02,0.6733874844471424,-0.21399591361786183
2023-03-03,0.6733874844471421,-0.22562209691636767
2023-03-06,0.6733874844471425,-0.20157095159140784
2023-03-07,0.6733874844471421,-0.23020707484358752
2023-03-08,0.6743386753413373,-0.10109799127252957
2023-03-09,0.7493401521971927,-0.14608460722162314
2023-03-10,0.3717504204758811,-0.32171713334826496
2023-03-13,0.352770611017559,-0.31047645136437196
2023-03-14,0.5086008535781869,-0.1855942186946183
2023-03-15,0.4481612778334726,-0.17965079899768824
2023-03-16,0.6049585151128842,-0.19865682656189612
2023-03-17,0.6049585151128842,-0.3600410662430751
2023-03-20,0.6049585151128842,-0.3743876296174834
2023-03-21,0.6049585151128842,-0.3508608304717853
2023-03-22,0.6049585151128842,-0.4225871961867975
2023-03-23,0.6049585151128842,-0.4626869076845181
2023-03-24,0.6049585151128842,-0.379035900200636
2023-03-27,0.6049585151128842,-0.4372858287716781
2023-03-28,0.6049585151128841,-0.4678605617452802
2023-03-29,0.6049585151128842,-0.435754851293021
2023-03-30,0.6049585151128842,-0.4638595627515096
2023-03-31,0.6049585151128842,-0.3767567325967208
2023-04-03,0.6049585151128842,-0.29864830321157976
2023-04-04,0.6049585151128842,-0.32961608901538275
2023-04-05,0.6049585151128842,-0.37871337633385244
2023-04-06,0.6049585151128841,-0.30825803822389386
2023-04-10,0.6049585151128842,-0.2599295653420787
2023-04-11,0.6049585151128842,-0.28050908758615367
2023-04-12,0.6049585151128841,-0.28767557385163484
2023-04-13,0.6059065013407219,-0.15666404613542542
2023-04-14,0.6495831286139369,-0.14755253837329563
2023-04-17,0.5417589600492261,-0.18356505745655288
2023-04-18,0.5417589600492256,-0.12711183676094034
2023-04-19,0.5417589600492257,-0.12955721728349798
2023-04-20,0.5417589600492256,-0.22480043514075898
2023-04-21,0.5417589600492259,-0.21825758196614156
2023-04-24,0.5417589600492257,-0.14848351811036792
2023-04-25,0.5417589600492259,-0.0959218138360209
2023-04-26,0.44269613388685214,-0.14177460797452945
2023-04-27,0.9136803961030352,0.06832533609480593
2023-04-28,0.8994974613811907,0.09926392473013836
2023-05-01,0.6748420714941712,-0.01644475656119405
2023-05-02,0.6748420714941711,0.09268492056247521
2023-05-03,0.6748420714941713,0.038877717865673796
2023-05-04,0.6738383860669981,-0.010897991500334112
2023-05-05,0.8429568062819296,-0.06558570382549979
2023-05-08,0.8429568062819295,0.09668338143745837
2023-05-09,0.8429568062819297,0.10472035443416675
2023-05-10,0.8439457101560253,0.2735837313396657
2023-05-11,0.8235208284815198,0.25644120477182963
2023-05-12,0.9947529325614315,0.32545885937507274
2023-05-15,1.0027025398333747,0.34430077446946955
2023-05-16,0.7913286595577202,0.2068236629669161
2023-05-17,0.7913286595577201,0.2773291587585703
2023-05-18,0.7913286595577206,0.23043719067918486
2023-05-19,0.7913286595577202,0.41281785852760916
2023-05-22,0.7913286595577205,0.45088899050671727
2023-05-23,0.7913286595577202,0.393235571332893
2023-05-24,0.7902992208705529,0.2707765393159515
2023-05-25,0.8734308174891179,0.34768734467986534
2023-05-26,0.9976175540472321,0.3676281371050225
2023-05-30,0.9976175540472321,0.2755973833639907
2023-05-31,0.9976175540472323,0.12794467282863164
2023-06-01,0.9976175540472318,0.20357154429332164
2023-06-02,0.9976175540472323,0.31351998553511945
2023-06-05,0.9976175540472321,0.21464975538163922
2023-06-06,0.9976175540472323,0.30373731324208225
2023-06-07,0.9976175540472318,0.27312746770301555
2023-06-08,0.9976175540472321,0.2591874168786018
2023-06-09,0.9976175540472321,0.31711248319457946
2023-06-12,0.9976175540472321,0.4786740502109493
2023-06-13,0.9986366533663894,0.6580156197818783
2023-06-14,1.5133916967217622,0.8695645013204952
2023-06-15,1.54288599130642,0.9426141307477302
2023-06-16,1.4053233031579593,0.8397090080028409
2023-06-20,1.9011603343064756,0.9891643616846343
2023-06-21,1.9354760860961169,0.9765852657397963
2023-06-22,1.7110277168465307,0.875246454483258
2023-06-23,1.7110277168465307,0.8445246526173555
2023-06-26,1.7110277168465307,0.7744204065291982
2023-06-27,1.7110277168465307,0.6758169478483327
2023-06-28,1.7110277168465307,0.6956953935750158
2023-06-29,1.7110277168465307,0.8254097641236086
2023-06-30,1.711027716846531,0.8931005104481047
2023-07-03,1.7110277168465307,0.936715151622483
2023-07-05,1.711027716846531,0.880055834412356
2023-07-06,1.7110277168465309,0.8274647832515343
2023-07-07,1.7110277168465307,0.7959705343434922
2023-07-10,1.7110277168465309,0.7358354765705839
2023-07-11,1.7110277168465313,0.7736688836973686
2023-07-12,1.7110277168465309,0.8716530595167353
2023-07-13,1.7110277168465307,0.9609051939778985
2023-07-14,1.7123025907211202,0.9858035025752367
2023-07-17,1.7444118531246686,1.0167950239333652
2023-07-18,1.5516413523964292,0.9613863086370633
2023-07-19,1.5516413523964292,1.0130385676195277
2023-07-20,1.5516413523964292,0.8480554868881998
2023-07-21,1.5516413523964292,0.8125566417194461
2023-07-24,1.5516413523964292,0.7835814419357675
2023-07-25,1.5516413523964292,0.8475608698133767
2023-07-26,1.5516413523964292,0.8405426908650425
2023-07-27,1.5516413523964292,0.8682182032883758
2023-07-28,1.5516413523964292,0.7938885212701544
2023-07-31,1.5516413523964292,0.7361433190011735
2023-08-01,1.5516413523964292,0.6436135412588007
2023-08-02,1.5516413523964292,0.5845473148396383
2023-08-03,1.5503341094531957,0.6026250093036406
2023-08-04,1.488747863724858,0.499266998538173
2023-08-07,1.5924031902411784,0.5455477693879316
2023-08-08,1.5348982419779553,0.5333919519346321
2023-08-09,1.441927753401324,0.5017374945357095
2023-08-10,1.4482479826582602,0.5253252501232036
2023-08-11,1.4389574385543424,0.41561327052315894
2023-08-14,1.5032822166336914,0.4372192125873622
2023-08-15,1.5032822166336914,0.28952780260883376
2023-08-16,1.5032822166336914,0.22602575519998236
2023-08-17,1.5019962544577123,0.17486055092763167
2023-08-18,1.507276004221842,0.2150849187655625
2023-08-21,1.5848686479965108,0.2353076352884229
2023-08-22,1.5848686479965108,0.293391252654971
2023-08-23,1.5861523020170445,0.4651833452472562
2023-08-24,1.622520371079524,0.40561451974488455
2023-08-25,1.5830360083860275,0.42615335606326477
2023-08-28,1.4273739751032033,0.3846329172506323
2023-08-29,1.4273739751032029,0.6559877676901816
2023-08-30,1.427373975103203,0.7157982888458267
2023-08-31,1.4286761024196377,0.7673794581400047
2023-09-01,1.5465883823505466,0.8251345532639464
2023-09-05,1.5039055731171806,0.7823831418937824
2023-09-06,1.6560634144515205,0.8026537405144508
2023-09-07,1.7113727601869109,0.8093511295259818
2023-09-08,1.5353573803934983,0.7205891096907284
2023-09-11,1.617588092149033,0.7202601333746114
2023-09-12,1.617588092149033,0.6059935969636863
2023-09-13,1.617588092149033,0.5531215403335077
2023-09-14,1.617588092149033,0.8671849124804304
2023-09-15,1.617588092149033,0.7550071046820731
2023-09-18,1.6175880921490333,0.8254511566888866
2023-09-19,1.6189512178119105,0.8844116867130366
2023-09-20,1.518934041199254,0.7852769337385122
2023-09-21,1.4298566959070258,0.7536067290284815
2023-09-22,1.6791496953439218,0.8442624156323596
2023-09-25,1.8706965371058863,0.9204484846700485
2023-09-26,1.899862058633392,0.9297411832373346
2023-09-27,2.065194460113314,0.9911484166084867
2023-09-28,2.188407518457566,1.0428738032840164
2023-09-29,1.9446688286326625,0.9184840785685653
2023-10-02,1.9425869314203477,1.0471495148064378
2023-10-03,1.7165932938216584,1.0624081221408277
2023-10-04,1.8088249511526955,0.9588687353065029
2023-10-05,1.8033649363464956,0.7875986119454208
2023-10-06,1.9461276735818545,0.8657606226958917
2023-10-09,1.9461276735818545,0.9712158913134147
2023-10-10,1.9461276735818545,1.1892530033374251
2023-10-11,1.946127673581854,1.2582381319356535
2023-10-12,1.9475565978039693,1.2656292695264826
2023-10-13,1.9920373256493087,1.2521655903557383
2023-10-16,1.74305900966197,1.1689023164005146
2023-10-17,1.74305900966197,1.3196642597069441
2023-10-18,1.74305900966197,1.0920551245585743
2023-10-19,1.7415314758187421,0.9596855911656821
2023-10-20,1.5283868774826586,0.9227084520076475
2023-10-23,1.5020024131525123,0.9648657297960218
2023-10-24,1.6046629469924367,0.8688861942882398
2023-10-25,1.3616578727927062,0.697363869780014
2023-10-26,1.1764825521738775,0.5264945304711832
2023-10-27,1.1048664397029193,0.5396413297266961
2023-10-30,1.256909870907097,0.6482190744463588
2023-10-31,1.3386834500356957,0.5443854005825032
2023-11-01,1.3386834500356957,0.6545744175452733
2023-11-02,1.3386834500356959,0.8016529137097851
2023-11-03,1.3386834500356959,1.0358021398362598
2023-11-06,1.340084359181758,1.1168874376773674
2023-11-07,1.1630865930763818,1.047167529935845
2023-11-08,1.0433893329927355,0.9941571914557572
2023-11-09,1.0433893329927357,0.9060826856784684
2023-11-10,1.0433893329927357,1.1455975793309185
2023-11-13,1.043389332992736,0.8353005141255996
2023-11-14,1.043389332992736,0.89765624208336
2023-11-15,1.0433893329927357,0.9635252549302857
2023-11-16,1.043389332992736,0.922723999508424
2023-11-17,1.043389332992736,0.9857688194130634
2023-11-20,1.043389332992736,1.0600848888324055
2023-11-21,1.0433893329927357,1.0128933523828785
2023-11-22,1.0433893329927355,1.065714353004545
2023-11-24,1.0433893329927355,0.9812631153913243
2023-11-27,1.0433893329927357,0.9250741621529758
2023-11-28,1.0433893329927355,0.9316670130552583
2023-11-29,1.0433893329927357,1.045008953304672
2023-11-30,1.0433893329927357,1.0859071488706613
2023-12-01,1.0433893329927355,0.9301587835554089
2023-12-04,1.0433893329927353,0.8940413687804379
2023-12-05,1.0433893329927357,0.9019105078985507
2023-12-06,1.0433893329927357,1.004918291763505
2023-12-07,1.0448243170473654,1.1742965468590876
2023-12-08,1.06842065307383,1.2182529759551
2023-12-11,0.9611806929841314,1.190690883560341
2023-12-12,1.076848878219238,1.281278624929561
2023-12-13,0.8899522261240911,1.277242831141426
2023-12-14,0.8899522261240911,1.2474276889501834
2023-12-15,0.889952226124091,1.2523961182370276
2023-12-18,0.889952226124091,1.496906235773187
2023-12-19,0.8914342887171512,1.6763550882030505
2023-12-20,1.0269695706472295,1.630823866575163
2023-12-21,1.0117422759131915,1.6900632692156707
2023-12-22,0.80769279257505,1.6016557092326165
2023-12-26,0.8076927925750502,1.7456655218344794
2023-12-27,0.80769279257505,1.7204959336563317
2023-12-28,0.8076927925750503,1.7530532013529705
2023-12-29,0.80769279257505,1.8344078341189491
2024-01-02,0.8061609082553963,1.6684520514183903
2024-01-03,0.6759530245023014,1.6221813492157142
2024-01-04,0.6283357980438964,1.6297119132920674
2024-01-05,0.6492669393339252,1.5853839450852973
2024-01-08,0.8430650213755634,1.7748588101821416
2024-01-09,0.843065021375563,1.614315436550957
2024-01-10,0.8430650213755635,1.6561962924999534
2024-01-11,0.843065021375563,1.6029613749894214
2024-01-12,0.8430650213755634,1.5166205686096115
2024-01-16,0.8430650213755632,1.4579089621049135
2024-01-17,0.841579516953478,1.3830884686655107
2024-01-18,0.9642963127075562,1.4636966337935484
2024-01-19,0.9642963127075564,1.688224644180072
2024-01-22,0.9657713902673527,1.7655417088845886
2024-01-23,0.7294616586194459,1.6658859531155534
2024-01-24,0.7294616586194459,1.582383204814662
2024-01-25,0.7294616586194459,1.6328902837971175
2024-01-26,0.7294616586194459,1.6175423777635212
2024-01-29,0.7294616586194459,1.5965876400904366
2024-01-30,0.7294616586194458,1.5713230206820672
2024-01-31,0.7294616586194459,1.5340673777607583
2024-02-01,0.7294616586194459,1.5245389603288717
2024-02-02,0.7294616586194459,1.5221921683696382
2024-02-05,0.7294616586194459,1.3898808147667725
2024-02-06,0.7294616586194459,1.4997628646752033
2024-02-07,0.729461658619446,1.6154959420499815
2024-02-08,0.7294616586194459,1.5240597737234347
2024-02-09,0.7294616586194458,1.661844432299192
2024-02-12,0.7294616586194459,1.7331003550558919
2024-02-13,0.7294616586194458,1.5931460896514158
2024-02-14,0.7294616586194458,1.5725171104072255
2024-02-15,0.7294616586194458,1.6304385062191937
2024-02-16,0.7294616586194459,1.5620858528558075
2024-02-20,0.7294616586194459,1.6395643857168374
2024-02-21,0.729461658619446,1.667115290335163
2024-02-22,0.7309858850102743,1.998518844181227
2024-02-23,0.748661575803322,2.0136541164279658
2024-02-26,0.6738400510645696,1.9432087558611955
2024-02-27,0.8476313465577594,2.0528159648639406
2024-02-28,0.7955756560515492,2.01439851591476
2024-02-29,0.8527085145684048,2.068944854615395
2024-03-01,0.9144084732048814,2.1768919691727118
2024-03-04,0.8066777892373682,2.1114591689964715
2024-03-05,0.8066777892373683,1.9067067008968062
2024-03-06,0.8066777892373682,1.9395240616698948
2024-03-07,0.8066777892373683,2.156268406595554
2024-03-08,0.8066777892373682,2.092959619652588
2024-03-11,0.8082458892506771,2.262748485074964
2024-03-12,1.057019533676927,2.480600604251667
2024-03-13,1.0888656215191794,2.4839036913131354
2024-03-14,0.8512975449155862,2.3479274763795783
2024-03-15,0.9600788248501876,2.307938371252285
2024-03-18,0.7014293031909323,2.234291990227037
2024-03-19,0.7014293031909321,2.4266447310313466
2024-03-20,0.7014293031909323,2.426601696211364
2024-03-21,0.7014293031909322,2.35610137348372
2024-03-22,0.7014293031909323,2.5133771401626235
2024-03-25,0.7014293031909321,2.4656963706688786
2024-03-26,0.7014293031909323,2.3954650909432673
2024-03-27,0.7014293031909322,2.445814712470425
2024-03-28,0.7014293031909323,2.466910131357689
2024-04-01,0.7014293031909321,2.3406413146366054
2024-04-02,0.7014293031909323,2.2305536495563385
2024-04-03,0.7014293031909322,2.1326883905145704
2024-04-04,0.6996779728159022,1.9821835061985273
2024-04-05,0.865353824263037,2.11448504382614
2024-04-08,0.865353824263037,2.141618853722654
2024-04-09,0.8653538242630369,2.119115278114199
2024-04-10,0.8653538242630369,2.015350584279672
2024-04-11,0.8653538242630369,2.074689517920774
2024-04-12,0.865353824263037,1.9754668768795687
2024-04-15,0.8636270878337547,1.7575658733509898
2024-04-16,0.8244017939019114,1.7593928232215328
2024-04-17,0.7212689365120277,1.677317368514272
2024-04-18,0.6883909560565241,1.6549589829572267
2024-04-19,0.5302312667747562,1.576067614872671
2024-04-22,0.676308645137309,1.6992184713991236
2024-04-23,0.6763086451373088,1.7852508031381173
2024-04-24,0.6763086451373088,1.772282106959685
2024-04-25,0.6779822826601652,1.887576498326755
2024-04-26,0.7546465555489628,2.0036848320617215
2024-04-29,0.44806207186832,1.8889763942724278
2024-04-30,0.44806207186832003,1.6659038887512445
2024-05-01,0.4480620718683199,1.6458837896442666
2024-05-02,0.4480620718683199,1.8261560798920353
2024-05-03,0.4480620718683199,1.9860703427317632
2024-05-06,0.44983824743123485,2.132953582589803
2024-05-07,0.13344329961690757,2.009002899334832
2024-05-08,0.13344329961690746,2.005191894662458
2024-05-09,0.13344329961690757,2.0917807214904762
2024-05-10,0.13344329961690754,2.0661295118023815
2024-05-13,0.13344329961690754,2.0814314533959806
2024-05-14,0.1334432996169075,2.1315828308213303
2024-05-15,0.13344329961690754,2.1998276220587933
2024-05-16,0.1334432996169075,2.2405121185546095
2024-05-17,0.13344329961690754,2.1614607493307374
2024-05-20,0.1334432996169075,2.092607211956099
2024-05-21,0.13344329961690754,2.1274366964143336
2024-05-22,0.1334432996169075,2.097340078971688
2024-05-23,0.13344329961690754,2.1367036806460233
2024-05-24,0.13531822761354764,2.260440499762697
2024-05-28,-0.022251298303029153,2.197024582570429
2024-05-29,-0.2765724183464076,2.0300322291694846
2024-05-30,-0.27853130698170886,1.9628765254717901
2024-05-31,-0.09779332015558437,2.1010813821432466
2024-06-03,-0.08316289872902173,2.021428851454646
2024-06-04,-0.06316709413043203,1.918343566396941
2024-06-05,-0.06316709413043203,2.030649182131096
2024-06-06,-0.06316709413043203,2.0114091283802593
2024-06-07,-0.06316709413043203,2.0329389393062174
2024-06-10,-0.06316709413043203,2.0086136488903006
2024-06-11,-0.06316709413043203,2.0141028057202117
2024-06-12,-0.06316709413043203,2.007120974809343
2024-06-13,-0.06316709413043203,1.9695170754335822
2024-06-14,-0.06316709413043203,1.9643838728641623
2024-06-17,-0.06316709413043203,1.9313005845575761
2024-06-18,-0.06316709413043203,2.021308012010281
2024-06-20,-0.06316709413043203,2.0451537823232564
2024-06-21,-0.06316709413043203,2.043444270128301
2024-06-24,-0.06316709413043203,1.9869092206104992
2024-06-25,-0.06316709413043203,2.0920771223103793
2024-06-26,-0.06316709413043203,2.144864260569115
2024-06-27,-0.06316709413043203,2.0703821900838664
2024-06-28,-0.06316709413043203,2.0288483378085163
2024-07-01,-0.06316709413043203,2.012636679428926
2024-07-02,-0.06316709413043203,1.973390787858081
2024-07-03,-0.06316709413043203,2.001094160613513
2024-07-05,-0.06316709413043203,2.065640928701468
2024-07-08,-0.06316709413043203,2.153101323285184
2024-07-09,-0.06316709413043203,2.185359648838224
2024-07-10,-0.06316709413043203,2.2441142619795733
2024-07-11,-0.06316709413043203,2.104385735219478
2024-07-12,-0.0631670941304321,2.0900467521416175
2024-07-15,-0.06316709413043203,2.0483174792624834
2024-07-16,-0.06316709413043203,2.104072526609927
2024-07-17,-0.06316709413043203,1.9322026261370142
2024-07-18,-0.0631670941304319,1.7968996350068855
2024-07-19,-0.06509414043673332,1.7121955071435473
2024-07-22,0.1340710256910554,1.860709254430588
2024-07-23,0.1025035134452291,1.8458989615435835
2024-07-24,0.10250351344522916,1.574294162095963
2024-07-25,0.10061529615596002,1.5042596208394405
2024-07-26,0.30565902941057516,1.592715390921551
2024-07-29,0.3146582037602349,1.6579560419848556
2024-07-30,0.31465820376023484,1.5328239118568812
2024-07-31,0.31465820376023484,1.6420914279115342
2024-08-01,0.3146582037602349,1.53347568249663
2024-08-02,0.3146582037602349,1.482846174035877
2024-08-05,0.3146582037602349,1.2253384456533576
2024-08-06,0.5587044551393321,1.3340540064194837
2024-08-07,0.2788440480610018,1.2088165255122525
2024-08-08,0.7232533568021677,1.4114006927401388
2024-08-09,0.8440579254220065,1.5011992361370414
2024-08-12,0.8356340178597359,1.5038807145955437
2024-08-13,0.8479888975365797,1.6286657525532582
2024-08-14,0.7609660051540657,1.6126498245448686
2024-08-15,0.7609660051540658,1.8352272532515725
2024-08-16,0.7609660051540658,1.914729162975136
2024-08-19,0.7626858505363141,2.052965887953734
2024-08-20,0.7556140818531281,2.036090612990307
2024-08-21,0.648775958039807,2.0133458574355076
2024-08-22,0.6487759580398071,1.967500504105641
2024-08-23,0.648775958039807,1.9657743955556992
2024-08-26,0.648775958039807,2.068618304089175
2024-08-27,0.648775958039807,2.0250208237984837
2024-08-28,0.6487759580398071,1.9288475547121986
2024-08-29,0.648775958039807,1.8227201248709792
2024-08-30,0.648775958039807,1.8621023905319536
2024-09-03,0.648775958039807,1.6849385007773408
2024-09-04,0.6487759580398071,1.6497899162756193
2024-09-05,0.648775958039807,1.668062783804465
2024-09-06,0.6470472472075052,1.5773499275873542
2024-09-09,0.8256791802868911,1.6830113466237886
2024-09-10,0.8704251198756496,1.7048192350033082
2024-09-11,0.7652463562651273,1.7361429194457614
2024-09-12,0.7652463562651274,1.8395466549505552
2024-09-13,0.7652463562651275,1.8698156633921081
2024-09-16,0.7652463562651273,1.8170478062702122
2024-09-17,0.7652463562651274,1.9586059262962703
2024-09-18,0.7652463562651274,1.9296845052323035
2024-09-19,0.7652463562651275,2.0652413865928025
2024-09-20,0.7669524124430014,2.1010624720899695
2024-09-23,1.0834078634540285,2.2717771050250475
2024-09-24,1.133399794792316,2.317166584356804
2024-09-25,1.0603041225600343,2.265507170067833
2024-09-26,1.3710139860311634,2.4328279233879155
2024-09-27,1.3636341456979584,2.417501531400625
2024-09-30,1.2632712245046598,2.4055054540096164
2024-10-01,1.313603936601905,2.347619723137766
2024-10-02,1.316232807777261,2.3507756690168877
2024-10-03,1.6123502857161731,2.4574090721903676
2024-10-04,1.490471828156227,2.4719511104951994
2024-10-07,1.4978630424551957,2.39434811473151
2024-10-08,1.3028716020546456,2.3785088016594216
2024-10-09,1.3028716020546456,2.3822726349854326
2024-10-10,1.3028716020546456,2.3270564345382563
2024-10-11,1.3028716020546456,2.3406048943388265
2024-10-14,1.3028716020546458,2.454170857025927
2024-10-15,1.3028716020546458,2.432632884195362
2024-10-16,1.3028716020546458,2.3861242137257337
2024-10-17,1.3028716020546456,2.388472687747893
2024-10-18,1.302871602054646,2.538061986531788
2024-10-21,1.304871392516056,2.6087437454142464
2024-10-22,1.5993710460888828,2.720455657546637
2024-10-23,1.634214927254425,2.6511929821612568
2024-10-24,1.539597917342502,2.610650211246446
2024-10-25,1.9213430795481612,2.7471246277469836
2024-10-28,2.317479300111287,2.884575038770805
2024-10-29,2.443710303987462,2.9418834868602026
2024-10-30,2.251501199112937,2.82572876721999
2024-10-31,2.1238528461117556,2.5739017065606613
2024-11-01,2.218512979265866,2.5303456120074586
2024-11-04,2.1629900434606757,2.380827012575957
2024-11-05,2.3582359054214517,2.399140852474141
2024-11-06,2.3582359054214517,2.538880098828967
2024-11-07,2.3582359054214526,2.57308685991851
2024-11-08,2.3582359054214517,2.602629242482022
2024-11-11,2.3582359054214526,2.6802991148857913
2024-11-12,2.3582359054214526,2.5429728689816717
2024-11-13,2.3582359054214517,2.5555191428344948
2024-11-14,2.3582359054214517,2.3673962197283225
2024-11-15,2.355906878890003,2.2340470812791753
2024-11-18,2.439659752384351,2.252719121934793
2024-11-19,2.515866471903285,2.2718068345354676
2024-11-20,2.5213602303655938,2.2147221923990363
2024-11-21,2.5213602303655933,2.2760800468983424
2024-11-22,2.5213602303655938,2.269938375182015
2024-11-25,2.5213602303655938,2.29324896471999
2024-11-26,2.5213602303655938,2.349455315783994
2024-11-27,2.5213602303655938,2.3151280728306474
2024-11-29,2.5213602303655938,2.37003055810787
2024-12-02,2.5213602303655938,2.353385110354129
2024-12-03,2.5213602303655938,2.3112785571675483
2024-12-04,2.5213602303655938,2.4048679668361577
2024-12-05,2.5213602303655938,2.3926817562310156
2024-12-06,2.5213602303655938,2.4446610581299404
2024-12-09,2.5213602303655938,2.34038193685855
2024-12-10,2.521360230365594,2.277951029078278
2024-12-11,2.521360230365594,2.3061537037000575
2024-12-12,2.5213602303655938,2.2244450426294256
2024-12-13,2.521360230365594,2.123048067351878
2024-12-16,2.5213602303655938,2.129359490467865
2024-12-17,2.5213602303655938,2.1437810195383116
2024-12-18,2.519037486595222,1.7961785521723819
2024-12-19,2.5118663536966785,1.7465728064335129
2024-12-20,2.655175615491136,1.9323033758839794
2024-12-23,2.7742387599322913,1.9117764252114149
2024-12-24,2.7742387599322913,1.9778552824639821
2024-12-26,2.7742387599322913,1.945120896745187
2024-12-27,2.7742387599322913,1.8367040235005196
2024-12-30,2.7742387599322913,1.7363700217261657
2024-12-31,2.77195740338767,1.727970966753392
2025-01-02,2.714401151503325,1.756287637623657
2025-01-03,3.1182088565718047,1.9176930898690607
2025-01-06,3.1951935476674382,1.987663583712385
2025-01-07,3.1651838553176566,1.8789487138215173
2025-01-08,2.991839148307241,1.7876542411792247
2025-01-10,2.9918391483072417,1.6664331885204324
2025-01-13,2.9918391483072417,1.6345757280298536
2025-01-14,2.9918391483072417,1.6466604757176178
2025-01-15,2.991839148307241,1.7689268820080195
2025-01-16,2.9918391483072417,1.7841997734619774
2025-01-17,2.9942034381634905,1.9028585641310116
2025-01-21,2.84498684419881,1.9055453645829892
2025-01-22,2.84498684419881,1.8587275028733983
2025-01-23,2.84498684419881,1.8833296933857375
2025-01-24,2.8449868441988104,1.834463392027753
2025-01-27,2.84498684419881,1.7059794792882506
2025-01-28,2.84498684419881,1.727282780277391
2025-01-29,2.84498684419881,1.7014886276355325
2025-01-30,2.84498684419881,1.6839012881693847
2025-01-31,2.84498684419881,1.6467779776167115
2025-02-03,2.8449868441988104,1.7331335393950584
2025-02-04,2.8449868441988095,1.6887328123359855
2025-02-05,2.84498684419881,1.6459051021541962
2025-02-06,2.84498684419881,1.6993111705807586
2025-02-07,2.8449868441988104,1.6030192876629088
2025-02-10,2.8449868441988104,1.588937775734222
2025-02-11,2.84498684419881,1.5914478479788956
2025-02-12,2.8449868441988104,1.5217780165867842
2025-02-13,2.84498684419881,1.6028606940260155
2025-02-14,2.84498684419881,1.721656360269772
2025-02-18,2.8449868441988104,1.6771171117229233
2025-02-19,2.8449868441988104,1.6408997368876803
2025-02-20,2.8449868441988104,1.650649743618906
2025-02-21,2.842587422178555,1.5432687730973353
2025-02-24,2.719852017615278,1.4994579471886313
2025-02-25,2.5908491948689476,1.314870936744025
2025-02-26,2.599828463919653,1.3124696611098388
2025-02-27,2.096501693408326,1.2062118455544515
2025-02-28,2.3072049310739544,1.3009756274589246
2025-03-03,1.8487319515737306,1.168410273231087
2025-03-04,1.5745408091050797,1.047884393853735
2025-03-05,1.7431526114798754,1.0534345809158965
2025-03-06,1.3437954468841253,0.9158414870213547
2025-03-07,1.4355203721149077,1.0373753678280546
2025-03-10,0.8818069953407615,0.7792759291055618
2025-03-11,0.7433390904971714,0.6427907818385437
2025-03-12,0.8235125589681508,0.7268181877768795
2025-03-13,0.6029728046203361,0.6307578527263108
2025-03-14,0.8730417700745818,0.6977185806107754
2025-03-17,0.8730417700745822,0.7663226171749667
2025-03-18,0.8730417700745821,0.6987977468659978
2025-03-19,0.8730417700745821,0.8549355308406006
2025-03-20,0.8730417700745818,0.7907007183179322
2025-03-21,0.8730417700745822,0.7262681403638058
2025-03-24,0.8730417700745822,0.7870883039791227
2025-03-25,0.8730417700745821,0.779749316674966
2025-03-26,0.8730417700745822,0.7034024101730573
2025-03-27,0.8730417700745822,0.704196427538867
2025-03-28,0.8715820982340533,0.5654682795592948
2025-03-31,0.9632739243882689,0.5528587843138671
2025-04-01,1.0034962258122702,0.5724759857268905
2025-04-02,1.0895981247324222,0.6321672699624337
2025-04-03,1.088148308465709,0.30358736412400156
2025-04-04,0.19207304481798762,-0.09213077963764883
2025-04-07,0.16780450024376498,-0.029555064891660907
2025-04-08,-0.11695340128500366,-0.19396426081473406
2025-04-09,0.6768080335811935,0.3885665081175041
2025-04-10,0.6768080335811935,0.14818635242568853
2025-04-11,0.6768080335811935,0.28987835101400555
2025-04-14,0.6768080335811938,0.3007568610636734
2025-04-15,0.6768080335811936,0.3579969247392058
2025-04-16,0.6775278974578923,0.305377125495898
2025-04-17,0.6937275181994813,0.3240968185029194
2025-04-21,0.7352605412261567,0.23051263684559659
2025-04-22,0.9200738357829799,0.3688299487125174
2025-04-23,0.985142876648973,0.493088372955304
2025-04-24,0.9222646948943065,0.5469930287195289
2025-04-25,0.9222646948943065,0.5239608423484496
2025-04-28,0.9222646948943063,0.52907703888717
2025-04-29,0.9222646948943063,0.5799908844788771
2025-04-30,0.9222646948943063,0.5346802220035184
2025-05-01,0.9222646948943063,0.5521796262299644
2025-05-02,0.9222646948943063,0.7050830728786
2025-05-05,0.9222646948943063,0.6931767023984641
2025-05-06,0.9222646948943063,0.6052189151970785
2025-05-07,0.9222646948943063,0.5657535680280541
2025-05-08,0.9222646948943063,0.5477137636490839
2025-05-09,0.9222646948943063,0.5351968794213536
2025-05-12,0.9222646948943065,0.6924783156975267
2025-05-13,0.9222646948943063,0.6965642973291424
2025-05-14,0.9222646948943063,0.6963251151768359
2025-05-15,0.9222646948943062,0.7198579804848863
2025-05-16,0.9222646948943063,0.7286830667829484
2025-05-19,0.9222646948943063,0.6738379707138691
2025-05-20,0.9222646948943065,0.6677311625882746
2025-05-21,0.9215516602955104,0.5754533952718021
2025-05-22,0.9227736611775119,0.5706151124376793
2025-05-23,0.8733562827041801,0.5246693079584898
2025-05-27,1.0097149610636231,0.6381535311204584
2025-05-28,1.009714961063623,0.6456831474141035
2025-05-29,1.009714961063623,0.6324046171113916
2025-05-30,1.009714961063623,0.6240133869916414
2025-06-02,1.0097149610636231,0.6855799614103814
2025-06-03,1.0104203562995426,0.747199216928447
2025-06-04,0.9479135727596804,0.7015347995120407
2025-06-05,0.9425718339808835,0.6737872871177918
2025-06-06,0.9352773698948048,0.7178856246398707
2025-06-09,0.9352773698948048,0.6653150796776571
2025-06-10,0.9352773698948048,0.6924414592792215
2025-06-11,0.9352773698948048,0.684610402194017
2025-06-12,0.9352773698948046,0.6889167365786203
2025-06-13,0.9352773698948048,0.6210798583184762
2025-06-16,0.9352773698948048,0.6274823462120916
2025-06-17,0.9352773698948048,0.5749192358784081
2025-06-18,0.935277369894805,0.5715234431683265
2025-06-20,0.9352773698948048,0.5066531611040017
2025-06-23,0.935277369894805,0.5417875152033926
2025-06-24,0.935277369894805,0.6084884428851289
2025-06-25,0.9352773698948048,0.6372865758230492
2025-06-26,0.935277369894805,0.6887253104822694
2025-06-27,0.9352773698948048,0.6918213466037307
2025-06-30,0.935277369894805,0.7109401620065379
2025-07-01,0.9352773698948048,0.7004049824603217
2025-07-02,0.9352773698948048,0.7419657040315998
2025-07-03,0.9352773698948048,0.7698982677150815
2025-07-07,0.9352773698948048,0.7010343143495631
2025-07-08,0.9352773698948046,0.6763147636040037
2025-07-09,0.9352773698948048,0.6772367075361336
2025-07-10,0.9352773698948048,0.6852556231924557
2025-07-11,0.9352773698948046,0.6635401278049522
2025-07-14,0.9352773698948048,0.6248373483013744
2025-07-15,0.935277369894805,0.646992348565758
2025-07-16,0.9352773698948048,0.6332092178814586
2025-07-17,0.9352773698948046,0.6488765581530708
2025-07-18,0.9352773698948048,0.6170643701415054
2025-07-21,0.9352773698948048,0.6961505182478821
2025-07-22,0.9352773698948048,0.7351884372577995
2025-07-23,0.9359836266717724,0.8103517876807069
2025-07-24,0.8644125606937177,0.7614037404338571
2025-07-25,0.8762766334803033,0.7891325329949539
2025-07-28,0.8762766334803033,0.9060672990484191
2025-07-29,0.8769844015764012,0.9191709015331736
2025-07-30,0.8001581127368768,0.8584971508090534
2025-07-31,0.7959945702554697,0.8367759792100192
2025-08-01,0.6752745264276923,0.7781602551266231
2025-08-04,0.777227853900479,0.7727983659136303
2025-08-05,0.7419350306298418,0.8204884666337563
2025-08-06,0.7937329282780182,0.95416866050756
2025-08-07,0.794432255190483,1.107287822054218
2025-08-08,0.733061552536134,1.1013203967668272
2025-08-11,0.7804549100126226,1.1257589459551671
2025-08-12,0.6261440826882247,1.0675200268222254
2025-08-13,0.6261440826882247,1.0641066478834822
2025-08-14,0.6261440826882247,1.0603104019585614
2025-08-15,0.6261440826882249,0.9687313816505131
2025-08-18,0.6261440826882247,0.9511082616714394
2025-08-19,0.6254342212354094,0.839040685661786
2025-08-20,0.6064705836592704,0.8146369262105697
2025-08-21,0.5777761339857255,0.7454468773324489
2025-08-22,0.681897327101101,0.8297386661696265
2025-08-25,0.681897327101101,0.7894380308101426
2025-08-26,0.681897327101101,0.8504509699612494
2025-08-27,0.6818973271011012,0.8101709771085678
2025-08-28,0.681897327101101,0.8403815404218834
2025-08-29,0.681897327101101,0.8037144839015901
2025-09-02,0.681897327101101,0.7944365137003593
2025-09-03,0.6818973271011012,0.8200283236984783
2025-09-04,0.681897327101101,0.8156117906759759
2025-09-05,0.681897327101101,0.9093374392628066
2025-09-08,0.681897327101101,0.9347368157458426
2025-09-09,0.681897327101101,0.957913872792686
2025-09-10,0.6826029933798621,1.0622842356685427
2025-09-11,0.6061599067543156,1.0486277178127383
2025-09-12,0.5763288929163505,1.0246694712241564
2025-09-15,0.5763288929163505,0.9963862071438359
2025-09-16,0.5763288929163504,0.9500330848667017
2025-09-17,0.5763288929163505,0.9174067766061434
2025-09-18,0.5763288929163504,0.9336818266176331
2025-09-19,0.5763288929163505,0.9421332590881888
2025-09-22,0.5763288929163505,0.9819408791488142
2025-09-23,0.5763288929163505,0.8691111121138411
2025-09-24,0.5763288929163505,0.8798254145404535
2025-09-25,0.5756213254051865,0.8405815284146874
2025-09-26,0.6156494249614186,0.8551569337030956
2025-09-29,0.6346960640443554,0.8811051919437559
2025-09-30,0.6346960640443554,0.880290464505711
2025-10-01,0.6346960640443554,0.9055373336278636
2025-10-02,0.6346960640443554,0.8896429344489615
2025-10-03,0.6346960640443554,0.9374190947383167
2025-10-06,0.6346960640443554,0.9543629931256881
2025-10-07,0.6346960640443552,0.9442939711588155
2025-10-08,0.6346960640443555,0.9286697418572368
2025-10-09,0.6346960640443553,0.9608889656804798
2025-10-10,0.6339888943301797,0.7655168126419118
2025-10-13,0.7381831215336032,0.8068294975953982
2025-10-14,0.7288149135106495,0.8090137416489782
2025-10-15,0.7597160139269925,0.801769040162506
2025-10-16,0.7597160139269925,0.7256096230534872
2025-10-17,0.7597160139269927,0.7929069252853298
2025-10-20,0.7597160139269924,0.8252222417630253
2025-10-21,0.7597160139269925,0.8239123110117059
2025-10-22,0.7597160139269925,0.7778429010314001
2025-10-23,0.7597160139269927,0.8151384677250195
2025-10-24,0.7597160139269924,0.8598541762830676
2025-10-27,0.7604194540841721,0.9664630792102975
2025-10-28,0.7454178779555508,0.9689770962183163
2025-10-29,0.7477266691456734,0.9731959225121334
2025-10-30,0.7268548531713886,0.8996475805206263
2025-10-31,0.7268548531713886,0.9080558607838566
2025-11-03,0.7268548531713886,0.9340014936354617
2025-11-04,0.7275583173923216,0.9770762055631705
2025-11-05,0.6967881287895001,0.9719873132665663
2025-11-06,0.7122718625200949,0.9270456535427247
2025-11-07,0.6305278661939682,0.8720151602185647
2025-11-10,0.6305278661939683,0.8280017825757247
2025-11-11,0.6305278661939684,0.8014293054289577
2025-11-12,0.6305278661939683,0.7813695471621052
2025-11-13,0.6305278661939682,0.688676308480639
2025-11-14,0.6305278661939683,0.7043434830865276
2025-11-17,0.6298220655871358,0.6531242393795293
2025-11-18,0.5695785535818988,0.6420839488240441
2025-11-19,0.5972649414823802,0.728788797963262
2025-11-20,0.4590893953645945,0.6278424405323574
2025-11-21,0.5011641559769211,0.6591867106331372
2025-11-24,0.4994972828753859,0.7305397742260605
2025-11-25,0.4994972828753859,0.7510286986967164
2025-11-26,0.4994972828753858,0.7702167624587665
2025-11-28,0.4994972828753859,0.7804297699744023
2025-12-01,0.49949728287538614,0.7305608589759814
2025-12-02,0.4994972828753859,0.7547794016798869
2025-12-03,0.4994972828753859,0.7417499198308916
2025-12-04,0.4994972828753859,0.7368058913859408
2025-12-05,0.49949728287538603,0.7436550003388388
2025-12-08,0.4994972828753859,0.6969086771614896
2025-12-09,0.4994972828753859,0.7008458919045258
2025-12-10,0.49949728287538603,0.7247147599409199
2025-12-11,0.49949728287538603,0.7627101446327906
2025-12-12,0.4994972828753859,0.7230811441601013
2025-12-15,0.4994972828753859,0.6763453416770749
2025-12-16,0.49949728287538603,0.6887802560646527
2025-12-17,0.49879878542641376,0.6324143428071763
2025-12-18,0.5500945651252129,0.649540672202394
2025-12-19,0.5500945651252129,0.6999612795811798
2025-12-22,0.5507923545179154,0.8945622185238318
2025-12-23,0.5529355897719462,0.9193818984006646
2025-12-24,0.49743191909071177,0.8965427297662192
2025-12-26,0.45296266939431035,0.862321166594827
2025-12-29,0.45296266939431035,0.7882960942478187
2025-12-30,0.45296266939431046,0.7812561546413732
2025-12-31,0.45226349534469584,0.7992986126181182
2026-01-02,0.46605984817870144,0.8681690487863482
2026-01-05,0.5114779337071278,0.921045671790332
2026-01-06,0.5287194695422256,0.9643545913563477
2026-01-07,0.44376001752024813,0.8848437184202453
2026-01-08,0.44376001752024813,0.8546800237899881
2026-01-09,0.44376001752024813,0.9480401762764249
2026-01-12,0.44376001752024824,0.9497763642271569
2026-01-13,0.44376001752024824,1.0221081704921868
2026-01-14,0.44376001752024813,0.9873218719337393
2026-01-15,0.44376001752024813,0.9954752100461517
2026-01-16,0.44376001752024824,0.9001950589967859
2026-01-20,0.443058920275312,0.7981190523699365
2026-01-21,0.5224675752087521,0.8064741423798197
2026-01-22,0.5579215229163418,0.7858967229339002
2026-01-23,0.5579215229163418,0.7583293465757579
2026-01-26,0.5579215229163418,0.7569389411126454
2026-01-27,0.5579215229163419,0.7928687935646433
2026-01-28,0.5579215229163418,0.8681705539971702
2026-01-29,0.5579215229163419,0.814748902550413
2026-01-30,0.5579215229163418,0.8216903591930651
2026-02-02,0.5579215229163419,0.8196692991542289
2026-02-03,0.5579215229163418,0.802138218793201
2026-02-04,0.5579215229163419,0.8129099709638408
2026-02-05,0.5572226683347035,0.7111914437094413
2026-02-06,0.6863505995641377,0.7864257286273966
2026-02-09,0.6863505995641377,0.7941916162263178
2026-02-10,0.6863505995641378,0.8267357351114049
2026-02-11,0.6863505995641376,0.7924527368545964
2026-02-12,0.6863505995641375,0.7056784519842607
2026-02-13,0.6856573700469684,0.7260032906322141
2026-02-17,0.6968978659622405,0.6808131064161033
2026-02-18,0.7306939384211958,0.7069177365953238
2026-02-19,0.7306939384211958,0.6784152504371554
2026-02-20,0.7306939384211958,0.7042400194121463
2026-02-23,0.7306939384211958,0.6702679017465224
2026-02-24,0.7313869935539354,0.7997303915798424
2026-02-25,0.7630655586509967,0.8654520218064665
2026-02-26,0.7967182571069279,0.8626105227148639
2026-02-27,0.7940353801732606,0.8352007900451979
2026-03-02,0.9096930034887579,0.9232623088868898
2026-03-03,0.8089334630968429,0.8014376981347121
2026-03-04,0.9823813545177936,0.9293948710764142
2026-03-05,1.0708460421675399,0.964281207760109
2026-03-06,0.997376310042187,0.8379257196889134
2026-03-09,1.1329847288779995,0.9806122507837144
2026-03-10,1.0935649090584934,0.9430617954047945
2026-03-11,1.3091511453095557,1.086620028065088
2026-03-12,1.3725176430625377,1.0482305003973635
2026-03-13,1.2926326807713169,0.9907435836313355
2026-03-16,1.4681722401436366,1.1161076260369853
2026-03-17,1.3510737045330004,1.0270941176120956
2026-03-18,1.3510737045330004,0.9105020839335339
2026-03-19,1.3510737045330004,0.9551371013632364
2026-03-20,1.350326666464942,0.8036901921277239
2026-03-23,1.428677271061067,0.87505232217898
2026-03-24,1.399661845396694,0.8711337939719792
2026-03-25,1.4383682347030677,0.8081539841892066
2026-03-26,1.4383682347030677,0.6971834669753049
2026-03-27,1.4376234999924682,0.6694849933079109
2026-03-30,1.4112217779802334,0.6650545966949144
2026-03-31,1.59224138846799,0.9196766979230102
2026-04-01,1.5459680047579771,0.9238717072196966
2026-04-02,1.525678014594505,0.9138326024001296
2026-04-06,1.481762240230036,0.9044606750612464
2026-04-07,1.482492478253253,1.209278932096945
2026-04-08,2.1046461965939067,1.7406620743470753
2026-04-09,2.1236994396035946,1.7855080782073989
2026-04-10,2.269588259847535,1.8805227301122416
2026-04-13,2.635118032713145,1.6590497019318629
2026-04-14,2.635118032713144,2.160225057586418
2026-04-15,2.635118032713145,2.1019868546707596
2026-04-16,2.635118032713145,2.0517448404421503
2026-04-17,2.635118032713145,2.1574135127345335
2026-04-20,2.635118032713144,2.3452918799614126
2026-04-21,2.635118032713145,2.280488958744979
2026-04-22,2.6366596161901112,2.5803543122992822
2026-04-23,2.4298717672564396,2.3915322406924444
2026-04-24,2.4298717672564396,2.3396531143215546
2026-04-27,2.4298717672564396,2.216411866691304
2026-04-28,2.4298717672564396,2.119269547924182
2026-04-29,2.4298717672564396,2.114501384391134
2026-04-30,2.4298717672564396,2.1408657487071787
2026-05-01,2.42987176725644,2.159893252885426
2026-05-04,2.4298717672564396,2.0748283818937616
2026-05-05,2.42987176725644,2.030771485170773
2026-05-06,2.4298717672564396,2.1784123677164673
2026-05-07,2.42987176725644,2.2254397442979212
2026-05-08,2.4298717672564396,2.253711903010217
2026-05-11,2.42987176725644,2.2207961573951605
2026-05-12,2.4298717672564396,2.2188144126453597
2026-05-13,2.42987176725644,2.066194342578062
2026-05-14,2.4298717672564396,2.075745314403545
2026-05-15,2.4298717672564396,1.9539969890316238
2026-05-18,2.4298717672564396,1.9087583361816747
2026-05-19,2.4298717672564396,1.7994670644590491
2026-05-20,2.4298717672564396,1.8698652799508217
2026-05-21,2.4298717672564396,1.9160849080020441
2026-05-22,2.431530896604844,2.1062046869727564
2026-05-26,2.428699863881137,2.1570239484010605
2026-05-27,2.5569165335281236,2.2164384471069205
2026-05-28,2.3499825385058806,2.117011069567188
2026-05-29,2.349982538505881,2.1900805996910195
2026-06-01,2.3499825385058815,2.180297883320193
2026-06-02,2.349982538505881,2.2015558226249774
2026-06-03,2.349982538505881,2.0901477268312045
2026-06-04,2.3499825385058815,2.0769163173197702
2026-06-05,2.3482162601552834,1.8127102720098422
2026-06-08,2.3893582756273135,1.8745502114875046
2026-06-09,2.3362302899023466,1.7710243895707867
2026-06-10,1.9861207645923515,1.6175717110833574
2026-06-11,2.1866379697398592,1.6976512920520508
2026-06-12,2.1866379697398592,1.7632931139142958
2026-06-15,2.1866379697398592,1.857336108986571
2026-06-16,2.1866379697398592,1.9053997357629011
2026-06-17,2.1866379697398592,1.7221625779896592
2026-06-18,2.1866379697398592,1.8559494540640158
2026-06-22,2.1866379697398592,1.8291753267436912
2026-06-23,2.1866379697398592,1.746228983097497
2026-06-24,2.1866379697398592,1.6670650181108435
2026-06-25,2.185006228140193,1.5870995530017034
2026-06-26,2.07495693971349,1.5311977746494267
2026-06-29,2.264495536893507,1.5894599711499193
2026-06-30,2.2644955368935076,1.6113339330313583
2026-07-01,2.264495536893507,1.5613795200114984
2026-07-02,2.264495536893507,1.5552930966068574
2026-07-06,2.2644955368935076,1.5860523566902935
2026-07-07,2.2644955368935076,1.4854395554924087
2026-07-08,2.264495536893507,1.5228394251067585
2026-07-09,2.264495536893507,1.5927317209881025
2026-07-10,2.264495536893507,1.5798262817151516
2026-07-13,2.264495536893507,1.4933090797493598
2026-07-14,2.2644955368935076,1.5499943484865297
2026-07-15,2.2644955368935076,1.5664011461290053
2026-07-16,2.264495536893507,1.556688800226406
2026-07-17,2.264495536893508,1.4462515270759753
2026-07-20,2.264495536893508,1.3858045085989135
2026-07-21,2.264495536893508,1.4555335893660415
2026-07-22,2.264495536893507,1.4314526173397102
2026-07-23,2.264495536893508,1.3248673536871725
2026-07-24,2.264495536893508,1.26835104901445
2026-07-27,2.2644955368935076,1.267444376078246
2026-07-28,2.264495536893507,1.2544841391052115
2026-07-29,2.2644955368935076,1.1258097628675776
2026-07-30,2.2644955368935076,1.2673560345651098
2026-07-31,2.264495536893507,1.3314714590732921
2026-08-03,2.266071118113926,1.4638487331469072
2026-08-04,2.6102296438446797,1.7295080881369649
2026-08-05,2.435198186682563,1.6067117338472952
2026-08-06,2.5274228631998823,1.6345159342439568
2026-08-07,2.4187383152146573,1.6230596741915544
2026-08-10,2.418738315214658,1.62774124505257
2026-08-11,2.418738315214658,1.5444646694470876
2026-08-12,2.418738315214658,1.578703465716479
2026-08-13,2.4187383152146573,1.553115857351538
2026-08-14,2.418738315214658,1.510957237521526
2026-08-17,2.418738315214658,1.472160136061519
2026-08-18,2.4187383152146573,1.4356029121205565
2026-08-19,2.4187383152146578,1.453973164926138
2026-08-20,2.420440251644917,1.4304191190956173
2026-08-21,2.4680156975877203,1.4810918324460978
2026-08-24,2.542076638399321,1.4898424651623057
2026-08-25,2.359805056205537,1.4043054509851751
2026-08-26,2.359805056205537,1.4414851399383213
2026-08-27,2.3598050562055364,1.4606590950198943
2026-08-28,2.3598050562055364,1.4238405340684142
2026-08-31,2.3598050562055364,1.3713432654842386
2026-09-01,2.358044090779319,1.3622702271767742
2026-09-02,2.430894847368889,1.4582347967302096
2026-09-03,2.5719613950361344,1.496593997533981
2026-09-04,2.5719613950361344,1.4022350586754986
2026-09-08,2.5719613950361344,1.3803619958360307
2026-09-09,2.5719613950361344,1.3234738511442228
2026-09-10,2.5702211389610397,1.257215966562826
2026-09-11,2.688586142631152,1.2987824414372644
2026-09-14,2.6885861426311526,1.2005685059578306
2026-09-15,2.6885861426311526,1.1670457285624738
2026-09-16,2.6885861426311526,1.090651007302919
2026-09-17,2.688586142631152,1.1863310049378588
2026-09-18,2.688586142631152,1.186002413476594
2026-09-21,2.688586142631152,1.262254685660537
2026-09-22,2.688586142631152,1.2452730217050607
2026-09-23,2.688586142631152,1.1514485013770794
2026-09-24,2.688586142631152,1.1885221028639166
2026-09-25,2.6885861426311526,1.2537627251098942
