symbol,side,entry_day,entry_px,exit_day,exit_px,entry_rsi,hold_sessions,gross,net,exit_reason,window
SPY,long,2021-11-26,459.39,2021-12-02,456.94,8.0944,4,-0.005333159189359726,-0.005532082610853473,sma,IS
SPY,long,2021-12-20,454.98,2021-12-22,467.7,8.3223,2,0.027957272847157988,0.027751691672161405,sma,IS
SPY,long,2022-01-05,468.62,2022-01-11,469.73,6.393,4,0.0023686569075156427,0.002168193199820756,sma,IS
SPY,long,2022-01-18,456.51,2022-01-28,441.88,4.2937,8,-0.03204749074500013,-0.03224107156732592,sma,IS
SPY,long,2022-02-22,429.75,2022-02-25,437.55,5.9922,3,0.018150087260034864,0.0179464674240839,sma,IS
SPY,long,2022-03-07,419.58,2022-03-09,427.33,7.5708,2,0.018470851804185173,0.01826716781853288,sma,IS
SPY,long,2022-04-11,440.12,2022-04-13,443.3,7.1803,2,0.0072253021903117,0.007023867202126777,sma,IS
SPY,long,2022-04-22,425.96,2022-04-28,427.75,6.4621,4,0.00420227251385108,0.004001442101371211,sma,IS
SPY,long,2022-05-09,398.25,2022-05-13,401.54,8.8529,4,0.008261142498430685,0.008059500352542548,sma,IS
SPY,long,2022-06-10,389.91,2022-06-21,374.96,3.9371,6,-0.03834218152907087,-0.03853450347618692,sma,IS
SPY,long,2022-07-13,378.85,2022-07-15,384.96,9.113,2,0.016127755048171988,0.015924539658439985,sma,IS
SPY,long,2022-08-22,413.47,2022-08-25,419.43,4.2057,3,0.01441458872469581,0.014211715951096826,sma,IS
SPY,long,2022-08-30,398.4,2022-09-07,397.76,7.3163,5,-0.0016064257028112205,-0.0018060944337349172,sma,IS
SPY,long,2022-09-16,385.46,2022-09-28,370.51,9.1446,8,-0.03878482851657761,-0.03897706193872241,sma,IS
SPY,long,2022-10-11,357.68,2022-10-13,365.88,7.0776,2,0.022925520017893053,0.02272094514314471,sma,IS
SPY,long,2022-11-03,371.06,2022-11-07,379.81,6.9592,2,0.023581092006683457,0.0233763860240932,sma,IS
SPY,long,2022-12-06,393.8,2022-12-12,398.89,7.5841,4,0.012925342813610907,0.0127227678743016,sma,IS
SPY,long,2022-12-16,383.31,2022-12-21,386.17,6.6137,3,0.007461323732748992,0.007259841542615719,sma,IS
SPY,long,2023-01-19,388.76,2023-01-20,395.71,8.9326,1,0.01787735363720544,0.017673788345251573,sma,IS
SPY,long,2023-02-21,399.09,2023-03-02,397.68,3.6141,7,-0.003533037660677918,-0.0037323210884762092,sma,IS
SPY,long,2023-03-09,391.6,2023-03-16,396.03,9.3063,5,0.011312563840653489,0.011110311441011156,sma,IS
SPY,long,2023-04-25,406.17,2023-04-27,412.41,5.2836,2,0.015363025334219627,0.015159962882783207,sma,IS
SPY,long,2023-05-04,405.13,2023-05-05,412.56,8.3248,1,0.018339792165477764,0.018136134390442704,sma,IS
SPY,long,2023-05-24,411.16,2023-05-26,420.02,8.5821,2,0.02154878879268396,0.021344489250413323,sma,IS
SPY,long,2023-08-03,448.84,2023-08-14,448.04,7.8328,7,-0.0017823723375812728,-0.001982005880937332,sma,IS
SPY,long,2023-08-17,436.29,2023-08-21,439.33,4.7841,2,0.006967842490086751,0.006766458991267266,sma,IS
SPY,long,2023-09-07,444.85,2023-09-11,448.45,9.1056,2,0.008092615488366706,0.007891007046195275,sma,IS
SPY,long,2023-09-20,438.63,2023-10-06,429.54,6.8673,12,-0.020723616715682902,-0.020919462199575745,sma,IS
SPY,long,2023-10-19,426.43,2023-10-31,418.2,8.737,8,-0.01929976783997378,-0.01949589807940333,sma,IS
SPY,long,2024-01-02,472.65,2024-01-08,474.6,7.6371,4,0.004125674389082956,0.0039248592954619355,sma,IS
SPY,long,2024-01-17,472.28,2024-01-18,476.49,7.98,1,0.008914203438638246,0.008712430687092487,sma,IS
SPY,long,2024-04-04,513.12,2024-04-05,518.43,6.4971,1,0.010348456501403147,0.010146396913587541,sma,IS
SPY,long,2024-04-15,504.5894,2024-04-22,499.72,9.9392,5,-0.00965022253737391,-0.00984828258936854,sma,IS
SPY,long,2024-05-30,522.61,2024-06-04,528.39,7.643,3,0.011059872562714013,0.01085767069880017,sma,IS
SPY,long,2024-07-19,548.9,2024-07-23,553.78,7.4601,2,0.00889050828930582,0.008688740276553197,sma,OOS
SPY,long,2024-07-25,538.4,2024-07-29,544.76,9.6644,2,0.011812778603268903,0.011610426165676202,sma,OOS
SPY,long,2024-08-05,517.38,2024-08-08,530.65,4.6428,3,0.025648459546175006,0.025443340110750334,sma,OOS
SPY,long,2024-09-06,540.41,2024-09-10,548.79,3.1255,2,0.015506744878888146,0.01530365368497999,sma,OOS
SPY,long,2024-10-23,577.99,2024-10-28,580.83,6.4535,3,0.004913579819720182,0.004712607152892012,sma,OOS
SPY,long,2024-10-31,568.525,2024-11-05,576.65,5.198,3,0.014291368013719774,0.014088519883030726,sma,OOS
SPY,long,2024-11-15,585.78,2024-11-20,590.5,3.7406,3,0.008057632558298389,0.007856031112363215,sma,OOS
SPY,long,2024-12-18,586.28,2024-12-23,594.69,4.6596,3,0.014344681722044283,0.014141822929146786,sma,OOS
SPY,long,2024-12-31,586.08,2025-01-03,591.95,8.9092,2,0.01001569751569753,0.009813704476351548,sma,OOS
SPY,long,2025-02-21,599.9,2025-03-14,562.73,6.2852,15,-0.061960326721120174,-0.06214792527537916,sma,OOS
SPY,long,2025-03-28,555.73,2025-04-02,564.52,6.0189,3,0.01581703345149621,0.01561388020297616,sma,OOS
SPY,long,2025-04-03,536.7,2025-04-09,548.62,8.9336,4,0.022209800633500976,0.02200536889547222,sma,OOS
SPY,long,2025-04-21,513.88,2025-04-22,527.25,7.4824,1,0.026017747334007968,0.025812554044718716,sma,OOS
SPY,long,2025-05-21,582.98,2025-05-27,591.15,9.5518,3,0.014014202888606775,0.013811410188171225,sma,OOS
SPY,long,2025-07-31,632.08,2025-08-06,632.78,8.142,4,0.0011074547525629086,0.0009072432726868751,sma,OOS
SPY,long,2025-08-19,639.81,2025-08-22,645.3,8.1198,3,0.008580672387114907,0.008378966338444371,sma,OOS
SPY,long,2025-09-25,658.05,2025-09-29,663.68,9.2982,2,0.00855558088291164,0.008353879852290857,sma,OOS
SPY,long,2025-10-10,653.02,2025-10-15,665.17,6.7618,3,0.018605861995038442,0.01840215100869802,sma,OOS
SPY,long,2025-11-17,665.67,2025-11-21,659.0,4.7163,4,-0.010019979869905438,-0.010217965974131271,sma,OOS
SPY,long,2025-12-17,671.4,2025-12-18,676.47,3.011,1,0.007551385165326163,0.007349884963807174,sma,OOS
SPY,long,2025-12-31,681.86,2026-01-05,687.7,6.5415,2,0.00856480802510795,0.008363105149151062,sma,OOS
SPY,long,2026-01-20,677.56,2026-01-22,688.98,3.7324,2,0.016854595902946024,0.016651235152311372,sma,OOS
SPY,long,2026-02-05,677.43,2026-02-06,690.62,3.6457,1,0.019470646413651593,0.01926676247907544,sma,OOS
SPY,long,2026-02-13,681.74,2026-02-18,686.29,9.718,2,0.006674098629976255,0.006472773876991189,sma,OOS
SPY,long,2026-03-03,680.33,2026-03-04,685.13,9.133,1,0.00705539958549517,0.006853998576132003,sma,OOS
SPY,long,2026-03-12,666.04,2026-03-17,670.79,6.9786,3,0.0071317038015734635,0.006930287532130208,sma,OOS
SPY,long,2026-03-20,648.54,2026-03-25,656.82,3.6225,3,0.012767138495698216,0.012564595195670325,sma,OOS
SPY,long,2026-03-27,634.18,2026-03-31,650.42,7.0778,2,0.02560787158220057,0.025402760263963042,sma,OOS
SPY,long,2026-06-05,737.41,2026-06-11,737.76,8.8665,4,0.00047463419264737183,0.00027454927055514666,sma,OOS
SPY,long,2026-06-25,733.5,2026-06-29,741.0,9.1502,2,0.010224948875255713,0.010022913987730142,sma,OOS
SPY,long,2026-09-01,761.72,2026-09-03,773.15,9.0734,2,0.015005513837105466,0.014802522884393321,sma,OOS
SPY,long,2026-09-10,757.89,2026-09-11,764.29,7.4962,1,0.008444497222552139,0.008242818407552477,sma,OOS
QQQ,long,2021-11-10,389.51,2021-11-12,394.7,6.7263,2,0.013324433262303925,0.013121778508895954,sma,IS
QQQ,long,2022-01-05,384.29,2022-01-11,385.82,3.4975,4,0.003981368237528926,0.003780582003695132,sma,IS
QQQ,long,2022-01-19,366.48,2022-01-28,351.8,9.5403,7,-0.04005675616677584,-0.04024873521610994,sma,IS
QQQ,long,2022-02-22,338.08,2022-02-24,340.49,6.8992,2,0.007128490298154322,0.006927074671379652,sma,IS
QQQ,long,2022-03-07,324.86,2022-03-09,334.99,5.5535,2,0.0311826633011143,0.03097643708028075,sma,IS
QQQ,long,2022-04-11,340.89,2022-04-13,346.35,3.7062,2,0.016016896946229098,0.015813703727008965,sma,IS
QQQ,long,2022-04-22,325.4,2022-04-28,328.01,7.7626,4,0.008020897357098988,0.00781930325783664,sma,IS
QQQ,long,2022-05-09,297.15,2022-05-13,301.94,7.8819,4,0.016119804812384286,0.015916591012619996,sma,IS
QQQ,long,2022-06-10,288.84,2022-06-21,281.08,3.5403,6,-0.026866085029774278,-0.027060702081429078,sma,IS
QQQ,long,2022-08-22,314.36,2022-08-25,320.58,3.2464,3,0.019786232345081922,0.01958228529647532,sma,IS
QQQ,long,2022-08-30,301.02,2022-09-07,298.97,7.5979,5,-0.006810178725665916,-0.007008806758022512,sma,IS
QQQ,long,2022-09-21,283.56,2022-09-28,279.94,8.2298,5,-0.012766257582169538,-0.012963694458315689,sma,IS
QQQ,long,2022-10-10,266.41,2022-10-13,268.82,8.7604,3,0.009046206974212545,0.008844407823279887,sma,IS
QQQ,long,2022-11-02,265.68,2022-11-07,267.59,9.7334,3,0.007189099668774235,0.006987671920731575,sma,IS
QQQ,long,2022-12-06,281.68,2022-12-12,285.58,9.1986,4,0.013845498437943693,0.01364273947671113,sma,IS
QQQ,long,2022-12-16,274.25,2022-12-21,273.505,7.921,3,-0.0027164995442114925,-0.0029159462714676287,sma,IS
QQQ,long,2022-12-28,260.1,2022-12-29,266.44,6.0361,1,0.024375240292195288,0.02417037548788925,sma,IS
QQQ,long,2023-02-21,294.03,2023-03-02,293.61,6.1398,7,-0.0014284256708497756,-0.0016281299999997279,sma,IS
QQQ,long,2023-03-10,288.55,2023-03-14,297.37,7.1239,2,0.030566626234621364,0.03036052321504079,sma,IS
QQQ,long,2023-04-12,312.9983,2023-04-13,319.2784,7.6291,1,0.020064326227970053,0.019860323563367643,sma,IS
QQQ,long,2023-04-20,316.28,2023-04-27,320.35,6.8179,5,0.012868344504869178,0.012665780964651763,sma,IS
QQQ,long,2023-08-02,374.39,2023-08-14,370.35,9.8366,8,-0.010790886508720732,-0.010988718439327694,sma,IS
QQQ,long,2023-08-17,358.58,2023-08-21,363.9,7.0915,2,0.014836298733894804,0.014633341622511065,sma,IS
QQQ,long,2023-09-07,372.06,2023-09-11,376.95,9.231,2,0.013143041444928283,0.012940422968069631,sma,IS
QQQ,long,2023-09-20,364.54,2023-09-28,358.01,4.5814,6,-0.01791298622922044,-0.018109393811104435,sma,IS
QQQ,long,2023-10-19,359.97,2023-10-24,359.13,8.6032,3,-0.0023335277939828813,-0.002533051111759277,sma,IS
QQQ,long,2023-10-26,343.66,2023-10-31,350.87,8.0109,3,0.020980038410056467,0.02077585261217485,sma,IS
QQQ,long,2024-01-02,402.59,2024-01-08,404.95,3.5138,4,0.005862043269827977,0.005660880919794442,sma,IS
QQQ,long,2024-02-21,425.61,2024-02-22,438.07,8.4344,1,0.029275627922276115,0.029069783089447965,sma,IS
QQQ,long,2024-04-04,435.34,2024-04-08,440.6,8.9934,2,0.012082510221895548,0.011880103840676393,sma,IS
QQQ,long,2024-04-17,425.84,2024-04-23,425.355,6.864,4,-0.0011389254179973163,-0.0013386876443028939,sma,IS
QQQ,long,2024-05-31,451.71,2024-06-04,454.37,8.7311,2,0.005888733922206679,0.00568756623430966,sma,IS
QQQ,long,2024-06-24,473.96,2024-06-26,480.37,7.5348,2,0.01352434804624858,0.013321653311882953,sma,IS
QQQ,long,2024-07-17,481.77,2024-07-23,480.62,6.8067,4,-0.0023870311559457402,-0.002586543773584804,sma,OOS
QQQ,long,2024-07-24,463.38,2024-07-31,471.07,9.3505,5,0.016595450817903146,0.016392141893694312,sma,OOS
QQQ,long,2024-08-05,435.37,2024-08-08,448.07,7.075,3,0.029170590532191065,0.0289647667057904,sma,OOS
QQQ,long,2024-09-06,448.69,2024-09-10,458.66,4.3483,2,0.022220241146448716,0.022015807320421743,sma,OOS
QQQ,long,2024-11-15,496.57,2024-11-20,503.17,1.813,3,0.013291177477495753,0.013088529374911895,sma,OOS
QQQ,long,2024-12-31,511.23,2025-01-03,518.58,7.4493,2,0.014377090546329407,0.014174225271991192,sma,OOS
QQQ,long,2025-01-13,505.56,2025-01-15,516.48,7.5439,2,0.021599810111559536,0.021395500365535502,sma,OOS
QQQ,long,2025-01-27,514.14,2025-01-30,523.05,8.5778,3,0.01732991014120655,0.017126454332477614,sma,OOS
QQQ,long,2025-02-21,526.12,2025-03-05,502.01,4.7383,8,-0.04582604728959172,-0.04601687253839426,sma,OOS
QQQ,long,2025-03-28,468.94,2025-04-02,476.15,6.196,3,0.015375101292276261,0.015172036425768809,sma,OOS
QQQ,long,2025-04-03,450.71,2025-04-09,466.0,9.4895,4,0.03392425284551037,0.03371747833418404,sma,OOS
QQQ,long,2025-04-21,433.11,2025-04-23,454.67,5.3416,2,0.04977950174320611,0.04956955634065263,sma,OOS
QQQ,long,2025-08-01,553.88,2025-08-06,567.32,3.2118,3,0.02426518379432374,0.0240603410002167,sma,OOS
QQQ,long,2025-08-19,569.28,2025-08-22,571.97,3.3777,3,0.00472526700393483,0.00452433199778679,sma,OOS
QQQ,long,2025-10-10,589.335,2025-10-15,602.22,9.9038,3,0.021863625951284105,0.021659263444730126,sma,OOS
QQQ,long,2025-11-17,603.66,2025-11-24,605.16,6.4723,5,0.0024848424609880126,0.002284355517344183,sma,OOS
QQQ,long,2025-12-12,613.62,2025-12-18,609.11,6.0276,4,-0.007349825624979656,-0.007548345733352835,sma,OOS
QQQ,long,2025-12-31,614.31,2026-01-05,617.99,5.3197,2,0.005990460842245859,0.005789272809982204,sma,OOS
QQQ,long,2026-01-20,608.06,2026-01-22,620.76,4.4759,2,0.02088609676676656,0.020681929756274142,sma,OOS
QQQ,long,2026-02-04,605.75,2026-02-09,614.5066,7.9178,3,0.014455798596781033,0.014252917581619506,sma,OOS
QQQ,long,2026-03-12,597.26,2026-03-17,603.31,9.7727,3,0.010129591802565008,0.009927575985500647,sma,OOS
QQQ,long,2026-03-20,582.06,2026-03-25,587.82,4.6629,3,0.009895887021956762,0.009693917943511376,sma,OOS
QQQ,long,2026-03-27,562.58,2026-03-31,577.18,6.5258,2,0.025951864623697807,0.025746684510291606,sma,OOS
QQQ,long,2026-06-05,705.06,2026-06-11,717.12,2.6712,4,0.017104927240235046,0.01690151642583637,sma,OOS
QQQ,long,2026-07-17,695.33,2026-07-21,708.97,7.3199,2,0.01961658493089602,0.019412671810075777,sma,OOS
QQQ,long,2026-07-24,684.25,2026-07-30,683.55,9.5393,4,-0.001023017902813339,-0.0012228033094628943,sma,OOS
QQQ,long,2026-08-19,716.21,2026-08-26,711.37,8.0935,5,-0.006757794501612735,-0.006956433010290253,sma,OOS
QQQ,long,2026-09-10,708.69,2026-09-17,716.92,8.1859,5,0.01161297605441014,0.01141066357532905,sma,OOS
IGV,long,2021-11-22,85.39,2021-11-29,85.308,8.9482,4,-0.000960299800913389,-0.0013598757194049904,sma,IS
IGV,long,2021-12-01,79.17999999999999,2021-12-07,81.16799999999999,8.977,4,0.025107350340995094,0.024697348405152697,sma,IS
IGV,long,2022-01-04,76.88,2022-01-11,74.538,3.7509,5,-0.030463059313215357,-0.03085083530801247,sma,IS
IGV,long,2022-01-20,69.69,2022-01-28,68.40599999999999,7.2328,6,-0.018424451140766296,-0.01881704209728796,sma,IS
IGV,long,2022-02-18,65.518,2022-02-24,67.214,6.2811,3,0.02588601605665608,0.02547570268567423,sma,IS
IGV,long,2022-03-07,62.848,2022-03-09,65.212,4.6937,2,0.037614562118126305,0.03719955779786144,sma,IS
IGV,long,2022-04-11,65.366,2022-04-13,66.314,7.2153,2,0.014502952605329966,0.014097192004405956,sma,IS
IGV,long,2022-04-22,61.15599999999999,2022-04-28,62.424,7.7565,4,0.020733860945778115,0.020325608230754355,sma,IS
IGV,long,2022-05-09,53.96,2022-05-13,55.952,5.217,4,0.03691623424759083,0.036501509230541185,sma,IS
IGV,long,2022-06-10,55.294000000000004,2022-06-17,52.46,4.8259,5,-0.051253300538937396,-0.051632761268853744,sma,IS
IGV,long,2022-07-12,54.158,2022-07-15,54.528,6.8715,3,0.006831862328741778,0.00642916985708486,sma,IS
IGV,long,2022-08-19,60.614,2022-08-25,59.714,4.4466,4,-0.01484805490480745,-0.015242076276767769,sma,IS
IGV,long,2022-08-29,56.75,2022-09-07,55.784000000000006,8.8269,6,-0.017022026431717907,-0.017415178302026324,sma,IS
IGV,long,2022-09-15,54.35,2022-09-28,51.622,8.8095,9,-0.05019319227230912,-0.05057307700312785,sma,IS
IGV,long,2022-10-10,49.876,2022-10-17,50.254000000000005,7.6154,5,0.007578795412623407,0.007175804197610214,sma,IS
IGV,long,2022-11-02,50.398,2022-11-08,49.652,5.945,4,-0.01480217468947187,-0.015196214411682951,sma,IS
IGV,long,2022-12-06,51.458000000000006,2022-12-09,51.866,9.9217,3,0.007928796299894847,0.0075256650985269236,sma,IS
IGV,long,2022-12-19,50.822,2022-12-21,51.67999999999999,5.8454,2,0.016882452481208787,0.016475740175514453,sma,IS
IGV,long,2022-12-28,49.796,2022-12-29,51.267999999999994,5.432,1,0.02956060727769283,0.029148824217206215,sma,IS
IGV,long,2023-02-21,55.791999999999994,2023-02-23,56.862,7.6856,2,0.019178376828219212,0.018770746244622938,sma,IS
IGV,long,2023-03-10,54.45,2023-03-14,56.02,3.5002,2,0.02883379247015605,0.028422300106519804,sma,IS
IGV,long,2023-04-25,57.967999999999996,2023-04-27,59.077999999999996,1.9039,2,0.01914849572177757,0.01874087708942862,sma,IS
IGV,long,2023-05-03,57.767999999999994,2023-05-05,58.641999999999996,8.11,2,0.015129483451045589,0.01472347226284465,sma,IS
IGV,long,2023-08-04,69.348,2023-08-14,69.084,5.8326,6,-0.0038068870046720216,-0.004205324402145605,sma,IS
IGV,long,2023-08-17,66.87,2023-08-21,68.336,7.4984,2,0.02192313443995797,0.021514406063107394,sma,IS
IGV,long,2023-09-20,69.636,2023-09-28,67.986,4.3226,6,-0.02369464070308447,-0.024085123794588825,sma,IS
IGV,long,2023-10-20,67.75399999999999,2023-10-30,66.712,4.3145,6,-0.01537916580570875,-0.015772974754553082,sma,IS
IGV,long,2024-01-02,78.874,2024-01-08,79.422,1.484,4,0.006947790146309307,0.006545051308162408,sma,IS
IGV,long,2024-02-21,82.128,2024-02-23,84.67999999999999,3.2785,2,0.031073446327683607,0.030661058192090307,sma,IS
IGV,long,2024-03-05,83.24,2024-03-07,85.41,8.2467,2,0.02606919750120129,0.025658810864968906,sma,IS
IGV,long,2024-03-15,83.56,2024-03-20,85.99,8.8422,3,0.029080899952130146,0.028669308755385314,sma,IS
IGV,long,2024-04-01,85.02,2024-04-05,84.17,6.4202,4,-0.009997647612326466,-0.010393608953187417,sma,IS
IGV,long,2024-04-15,80.48,2024-04-23,80.87,5.5119,6,0.004845924453280359,0.004444026277335977,sma,IS
IGV,long,2024-05-24,82.9,2024-06-05,80.04,6.0595,7,-0.03449939686369119,-0.034885558484921586,sma,IS
IGV,long,2024-07-18,85.03,2024-07-23,85.8,9.2099,3,0.009055627425614388,0.008652045536869268,sma,OOS
IGV,long,2024-07-24,82.89,2024-07-26,84.77,9.4751,2,0.022680661117143064,0.022271629759922806,sma,OOS
IGV,long,2024-08-02,80.21,2024-08-08,81.56,7.8767,4,0.016830819099862948,0.01642412744545574,sma,OOS
IGV,long,2024-09-06,83.36,2024-09-10,85.75,5.0404,2,0.02867082533589249,0.028259398152591153,sma,OOS
IGV,long,2024-10-01,87.48,2024-10-04,89.9,6.9587,3,0.027663465935070963,0.02725244165523555,sma,OOS
IGV,long,2024-10-23,90.79,2024-10-25,92.2,2.8006,2,0.015530344751624625,0.015124173234937643,sma,OOS
IGV,long,2024-12-18,101.18,2024-12-24,104.1,6.6433,4,0.028859458390986248,0.028447955762008093,sma,OOS
IGV,long,2024-12-30,100.94,2025-01-03,101.47,9.7537,3,0.005250643946899114,0.0048485838993461705,sma,OOS
IGV,long,2025-01-10,97.18,2025-01-15,99.17,4.6594,3,0.020477464498868114,0.020069314332167076,sma,OOS
IGV,long,2025-02-21,100.45,2025-03-05,97.1,3.878,8,-0.03334992533598813,-0.03373654669985071,sma,OOS
IGV,long,2025-03-10,88.68,2025-03-12,91.33,3.7501,2,0.029882724402345406,0.029470812507893518,sma,OOS
IGV,long,2025-03-28,89.87,2025-04-02,91.52,6.5929,3,0.01835985312117483,0.017952549914320715,sma,OOS
IGV,long,2025-04-04,81.3,2025-04-09,89.49,5.9253,3,0.10073800738007388,0.10029775620664205,sma,OOS
IGV,long,2025-04-21,83.91,2025-04-23,88.89,6.9998,2,0.05934930282445472,0.05892560547729708,sma,OOS
IGV,long,2025-05-21,102.17,2025-05-27,103.8,5.8609,3,0.015953802486052604,0.0155474616032103,sma,OOS
IGV,long,2025-06-20,105.11,2025-06-24,108.05,9.6612,2,0.02797069736466562,0.02755955020454759,sma,OOS
IGV,long,2025-07-11,107.52,2025-07-16,109.81,7.2726,3,0.021298363095238138,0.020889884601934527,sma,OOS
IGV,long,2025-07-31,111.66,2025-08-06,111.81,9.886,4,0.0013433637829125544,0.0009428664911339535,sma,OOS
IGV,long,2025-08-21,105.96,2025-08-22,107.46,7.5287,1,0.014156285390713563,0.01375066344280862,sma,OOS
IGV,long,2025-11-06,109.31,2025-11-10,111.78,3.4255,2,0.022596285792699566,0.022187288182234033,sma,OOS
IGV,long,2025-11-13,106.84,2025-11-25,103.19,7.1161,8,-0.03416323474354177,-0.034549530816173846,sma,OOS
IGV,long,2025-12-12,107.97,2025-12-18,106.18,9.1255,4,-0.016578679262758134,-0.016972008454200105,sma,OOS
IGV,long,2025-12-31,105.69,2026-01-06,104.92,2.7974,3,-0.007285457469959233,-0.00768250357838951,sma,OOS
IGV,long,2026-01-14,101.07,2026-01-23,97.71,5.8556,6,-0.03324428613831998,-0.03363094975363612,sma,OOS
IGV,long,2026-01-29,92.27,2026-02-09,85.06,3.8231,7,-0.0781402405982442,-0.07850894762761462,sma,OOS
IGV,long,2026-02-23,76.94,2026-02-25,80.85,4.0155,2,0.05081881985963088,0.05039853436443975,sma,OOS
IGV,long,2026-03-13,84.19,2026-03-17,85.53,4.9369,2,0.015916379617531895,0.015510053702339821,sma,OOS
IGV,long,2026-03-20,82.99,2026-03-23,84.44,7.4091,1,0.017471984576455046,0.017065036481503926,sma,OOS
IGV,long,2026-03-26,79.75,2026-03-31,80.05,9.952,3,0.0037617554858933033,0.00336029093416923,sma,OOS
IGV,long,2026-04-09,76.64,2026-04-13,78.69,2.7271,2,0.026748434237995777,0.026337775934238028,sma,OOS
IGV,long,2026-06-05,95.85,2026-06-15,92.68,9.4924,6,-0.03307250912884707,-0.03345924144809587,sma,OOS
IGV,long,2026-06-22,87.31,2026-06-26,88.2,4.7368,4,0.010193563165731279,0.009789526148207717,sma,OOS
IGV,long,2026-07-22,89.02,2026-07-27,90.91,2.0461,3,0.021231184003594805,0.020822732379240705,sma,OOS
