side,entry_time,entry_px,exit_time,exit_px,gross,net,exit_reason
long,2011-01-14 09:30,128.19,2011-01-14 16:00,129.30000000000001,0.008659021764568342,0.0084590217645683415,session_close
long,2011-02-18 09:30,134.36000000000001,2011-02-18 16:00,134.53,0.0012652575171181457,0.0010652575171181456,session_close
long,2011-04-21 09:30,133.78999999999999,2011-04-21 16:00,133.78,-7.4744001793747294e-05,-0.00027474400179374728,session_close
long,2011-05-27 09:30,133.37,2011-05-27 16:00,133.50999999999999,0.0010497113293843618,0.00084971132938436186,session_close
long,2011-07-01 09:30,132.09,2011-07-01 16:00,133.91999999999999,0.013854190324778415,0.013654190324778414,session_close
long,2011-09-02 09:30,118.42,2011-09-02 16:00,117.84999999999999,-0.0048133761188988711,-0.0050133761188988707,session_close
long,2011-11-23 09:30,118.06999999999999,2011-11-23 16:00,116.56,-0.012789023460658799,-0.0129890234606588,session_close
long,2011-12-23 09:30,125.67,2011-12-23 16:00,126.39,0.0057292910002386677,0.005529291000238668,session_close
long,2011-12-30 09:30,126.02,2011-12-30 16:00,125.5,-0.0041263291541024927,-0.0043263291541024923,session_close
long,2012-01-13 09:30,128.65000000000001,2012-01-13 16:00,128.84,0.001476875242907072,0.0012768752429070719,session_close
long,2012-02-17 09:30,136.52000000000001,2012-02-17 16:00,136.41,-0.00080574274831535231,-0.0010057427483153524,session_close
long,2012-04-05 09:30,139.38,2012-04-05 16:00,139.78999999999999,0.0029415985076768347,0.0027415985076768346,session_close
long,2012-05-25 09:30,132.47999999999999,2012-05-25 16:00,132.09999999999999,-0.0028683574879226903,-0.0030683574879226904,session_close
long,2012-07-03 09:30,136.47999999999999,2012-07-03 16:00,137.41,0.0068141852286049964,0.0066141852286049968,session_close
long,2012-08-31 09:30,141.28999999999999,2012-08-31 16:00,141.16,-0.0009200934248707604,-0.0011200934248707605,session_close
long,2012-11-21 09:30,139.31,2012-11-21 16:00,139.44999999999999,0.0010049529825568726,0.00080495298255687262,session_close
long,2012-12-24 09:30,142.47999999999999,2012-12-24 16:00,142.34999999999999,-0.00091240875912401709,-0.0011124087591240172,session_close
long,2012-12-31 09:30,139.66,2012-12-31 16:00,142.41,0.019690677359301079,0.01949067735930108,session_close
long,2013-01-18 09:30,147.97,2013-01-18 16:00,148.33000000000001,0.0024329255930257698,0.0022329255930257697,session_close
long,2013-02-15 09:30,152.43000000000001,2013-02-15 16:00,152.11000000000001,-0.0020993242799973721,-0.0022993242799973722,session_close
long,2013-03-28 09:30,156.09,2013-03-28 16:00,156.66999999999999,0.0037158049843037944,0.0035158049843037943,session_close
long,2013-05-24 09:30,164.47,2013-05-24 16:00,165.31,0.005107314403842711,0.0049073144038427113,session_close
long,2013-07-03 09:30,160.47999999999999,2013-07-03 16:00,161.28,0.0049850448654038537,0.0047850448654038541,session_close
long,2013-08-30 09:30,164.50999999999999,2013-08-30 16:00,163.65000000000001,-0.0052276457358214623,-0.005427645735821462,session_close
long,2013-11-27 09:30,180.87,2013-11-27 16:00,181.12,0.0013822082158456706,0.0011822082158456705,session_close
long,2013-12-24 09:30,182.53999999999999,2013-12-24 16:00,182.93000000000001,0.0021365180234469427,0.0019365180234469427,session_close
long,2013-12-31 09:30,184.06999999999999,2013-12-31 16:00,184.69,0.0033682838050741459,0.0031682838050741458,session_close
long,2014-01-17 09:30,184.09999999999999,2014-01-17 16:00,183.63999999999999,-0.0024986420423682709,-0.002698642042368271,session_close
long,2014-02-14 09:30,182.84,2014-02-14 16:00,184.02000000000001,0.0064537300371909634,0.0062537300371909637,session_close
long,2014-04-17 09:30,185.88,2014-04-17 16:00,186.38999999999999,0.0027437056165267037,0.0025437056165267037,session_close
long,2014-05-23 09:30,189.75,2014-05-23 16:00,190.34999999999999,0.0031620553359683612,0.0029620553359683611,session_close
long,2014-07-03 09:30,197.78999999999999,2014-07-03 16:00,198.19999999999999,0.0020729056069568319,0.0018729056069568318,session_close
long,2014-08-29 09:30,200.44999999999999,2014-08-29 16:00,200.71000000000001,0.0012970815664754554,0.0010970815664754553,session_close
long,2014-11-26 09:30,207.28999999999999,2014-11-26 16:00,207.63999999999999,0.0016884557865790573,0.0014884557865790572,session_close
long,2014-12-24 09:30,208.02000000000001,2014-12-24 16:00,207.77000000000001,-0.001201807518507847,-0.001401807518507847,session_close
long,2014-12-31 09:30,207.99000000000001,2014-12-31 16:00,205.53999999999999,-0.011779412471753514,-0.011979412471753515,session_close
long,2015-01-16 09:30,198.77000000000001,2015-01-16 16:00,201.63,0.014388489208633004,0.014188489208633004,session_close
long,2015-02-13 09:30,209.06999999999999,2015-02-13 16:00,209.78,0.0033959917730903566,0.0031959917730903565,session_close
long,2015-04-02 09:30,205.62,2015-04-02 16:00,206.44,0.0039879389164478862,0.0037879389164478861,session_close
long,2015-05-22 09:30,213.03999999999999,2015-05-22 16:00,212.99000000000001,-0.00023469770935025114,-0.00043469770935025112,session_close
long,2015-07-02 09:30,208.06999999999999,2015-07-02 16:00,207.31,-0.003652616907771411,-0.0038526169077714111,session_close
long,2015-09-04 09:30,192.84999999999999,2015-09-04 16:00,192.59,-0.0013481980814104011,-0.0015481980814104012,session_close
long,2015-11-25 09:30,209.5,2015-11-25 16:00,209.31999999999999,-0.00085918854415278911,-0.0010591885441527892,session_close
long,2015-12-24 09:30,205.72,2015-12-24 16:00,205.68000000000001,-0.00019443904335991746,-0.00039443904335991745,session_close
long,2015-12-31 09:30,205.13,2015-12-31 16:00,203.87,-0.0061424462535952795,-0.0063424462535952792,session_close
long,2016-01-15 09:30,186.77000000000001,2016-01-15 16:00,187.81,0.0055683460941264862,0.0053683460941264865,session_close
long,2016-02-12 09:30,184.96000000000001,2016-02-12 16:00,186.63,0.0090289792387543422,0.0088289792387543416,session_close
long,2016-03-24 09:30,202,2016-03-24 16:00,203.12,0.0055445544554455495,0.0053445544554455498,session_close
long,2016-05-27 09:30,209.53,2016-05-27 16:00,210.24000000000001,0.0033885362477927838,0.0031885362477927837,session_close
long,2016-07-01 09:30,209.36000000000001,2016-07-01 16:00,209.91999999999999,0.0026748184944591635,0.0024748184944591634,session_close
long,2016-09-02 09:30,218.38999999999999,2016-09-02 16:00,218.37,-9.1579284765663793e-05,-0.00029157928476566378,session_close
long,2016-11-23 09:30,219.97999999999999,2016-11-23 16:00,220.69999999999999,0.0032730248204382306,0.0030730248204382305,session_close
long,2016-12-23 09:30,225.43000000000001,2016-12-23 16:00,225.71000000000001,0.0012420707093110384,0.0010420707093110383,session_close
long,2016-12-30 09:30,224.72999999999999,2016-12-30 16:00,223.53,-0.0053397410225604069,-0.0055397410225604066,session_close
long,2017-01-13 09:30,226.72999999999999,2017-01-13 16:00,227.05000000000001,0.0014113703524016863,0.0012113703524016862,session_close
long,2017-02-17 09:30,233.94999999999999,2017-02-17 16:00,235.09,0.0048728360760847966,0.004672836076084797,session_close
long,2017-04-13 09:30,233.63999999999999,2017-04-13 16:00,232.50999999999999,-0.0048365005992124788,-0.0050365005992124784,session_close
long,2017-05-26 09:30,241.53999999999999,2017-05-26 16:00,241.71000000000001,0.00070381717313905412,0.00050381717313905414,session_close
long,2017-07-03 09:30,242.88,2017-07-03 16:00,242.21000000000001,-0.0027585638998681716,-0.0029585638998681717,session_close
long,2017-09-01 09:30,247.91999999999999,2017-09-01 16:00,247.84,-0.00032268473701191347,-0.00052268473701191345,session_close
long,2017-11-22 09:30,260,2017-11-22 16:00,259.75999999999999,-0.00092307692307691536,-0.0011230769230769154,session_close
long,2017-12-22 09:30,267.60000000000002,2017-12-22 16:00,267.50999999999999,-0.00033632286995533001,-0.00053632286995532999,session_close
long,2017-12-29 09:30,268.52999999999997,2017-12-29 16:00,266.86000000000001,-0.0062190444270657785,-0.0064190444270657782,session_close
long,2018-01-12 09:30,276.42000000000002,2018-01-12 16:00,277.92000000000002,0.0054265248534839383,0.0052265248534839387,session_close
long,2018-02-16 09:30,272.31999999999999,2018-02-16 16:00,273.11000000000001,0.0029009988249120156,0.0027009988249120155,session_close
long,2018-03-29 09:30,261.12,2018-03-29 16:00,263.14999999999998,0.0077742034313723618,0.0075742034313723621,session_close
long,2018-05-25 09:30,272.14999999999998,2018-05-25 16:00,272.14999999999998,0,-0.00020000000000000001,session_close
long,2018-07-03 09:30,272.87,2018-07-03 16:00,270.89999999999998,-0.0072195550994980096,-0.0074195550994980092,session_close
long,2018-08-31 09:30,289.83999999999997,2018-08-31 16:00,290.31,0.0016215843223847948,0.0014215843223847947,session_close
long,2018-11-21 09:30,265.86000000000001,2018-11-21 16:00,265.01999999999998,-0.0031595576619274368,-0.0033595576619274369,session_close
long,2018-12-24 09:30,239.03999999999999,2018-12-24 16:00,234.34,-0.019661981258366712,-0.019861981258366711,session_close
long,2018-12-31 09:30,249.56,2018-12-31 16:00,249.91999999999999,0.0014425388684082829,0.0012425388684082828,session_close
long,2019-01-18 09:30,264.98000000000002,2019-01-18 16:00,266.45999999999998,0.0055853271945049965,0.0053853271945049968,session_close
long,2019-02-15 09:30,276.36000000000001,2019-02-15 16:00,277.37,0.0036546533507020307,0.0034546533507020306,session_close
long,2019-04-18 09:30,290.10000000000002,2019-04-18 16:00,290.01999999999998,-0.00027576697690467888,-0.00047576697690467887,session_close
long,2019-05-24 09:30,283.74000000000001,2019-05-24 16:00,282.77999999999997,-0.0033833791499261467,-0.0035833791499261468,session_close
long,2019-07-03 09:30,297.18000000000001,2019-07-03 13:00,298.80000000000001,0.0054512416717140688,0.0052512416717140692,session_close
long,2019-08-30 09:30,294.22000000000003,2019-08-30 16:00,292.44999999999999,-0.0060159064645504134,-0.0062159064645504131,session_close
long,2019-11-27 09:30,314.61000000000001,2019-11-27 16:00,315.48000000000002,0.0027653285019548779,0.0025653285019548778,session_close
long,2019-12-24 09:30,321.47000000000003,2019-12-24 13:00,321.23000000000002,-0.00074657044203196854,-0.00094657044203196852,session_close
long,2019-12-31 09:30,320.52999999999997,2019-12-31 16:00,321.86000000000001,0.0041493775933612032,0.0039493775933612035,session_close
long,2020-01-17 09:30,331.69999999999999,2020-01-17 16:00,331.94999999999999,0.00075369309617134839,0.0005536930961713484,session_close
long,2020-02-14 09:30,337.50999999999999,2020-02-14 16:00,337.60000000000002,0.00026665876566633884,6.6658765666338828e-05,session_close
long,2020-04-09 09:30,277.57999999999998,2020-04-09 16:00,278.19999999999999,0.0022335903163053228,0.0020335903163053227,session_close
long,2020-05-22 09:30,294.56999999999999,2020-05-22 16:00,295.44,0.0029534575822385278,0.0027534575822385277,session_close
long,2020-07-02 09:30,314.24000000000001,2020-07-02 16:00,312.23000000000002,-0.0063963849287168584,-0.006596384928716858,session_close
long,2020-09-04 09:30,346.13,2020-09-04 16:00,342.56999999999999,-0.010285152977205114,-0.010485152977205115,session_close
long,2020-11-25 09:30,363.13,2020-11-25 16:00,362.66000000000003,-0.0012943023159749378,-0.0014943023159749379,session_close
long,2020-12-24 09:30,368.07999999999998,2020-12-24 13:00,369,0.002499456639860842,0.0022994566398608419,session_close
long,2020-12-31 09:30,371.77999999999997,2020-12-31 16:00,373.88,0.0056485018021410482,0.0054485018021410486,session_close
long,2021-01-15 09:30,376.72000000000003,2021-01-15 16:00,375.69999999999999,-0.0027075812274369726,-0.0029075812274369727,session_close
long,2021-02-12 09:30,389.85000000000002,2021-02-12 16:00,392.63999999999999,0.0071565986918045166,0.0069565986918045169,session_close
long,2021-04-01 09:30,398.39999999999998,2021-04-01 16:00,400.61000000000001,0.0055471887550202492,0.0053471887550202496,session_close
long,2021-05-28 09:30,420.97000000000003,2021-05-28 16:00,420.04000000000002,-0.0022091835522721759,-0.002409183552272176,session_close
long,2021-07-02 09:30,431.67000000000002,2021-07-02 16:00,433.72000000000003,0.004748998077235056,0.0045489980772350563,session_close
long,2021-09-03 09:30,451.98000000000002,2021-09-03 16:00,453.07999999999998,0.002433736006017817,0.0022337360060178169,session_close
long,2021-11-24 09:30,466.06,2021-11-24 16:00,469.44,0.0072522851135046196,0.0070522851135046199,session_close
long,2021-12-23 09:30,468.75,2021-12-23 16:00,470.60000000000002,0.0039466666666667649,0.0037466666666667648,session_close
long,2022-01-14 09:30,461.19,2022-01-14 16:00,464.72000000000003,0.0076541121880353558,0.0074541121880353561,session_close
long,2022-02-18 09:30,437.32999999999998,2022-02-18 16:00,434.23000000000002,-0.0070884686621086601,-0.0072884686621086598,session_close
long,2022-04-14 09:30,443.55000000000001,2022-04-14 16:00,437.79000000000002,-0.012986134595874166,-0.013186134595874166,session_close
long,2022-05-27 09:30,407.91000000000003,2022-05-27 16:00,415.25999999999999,0.018018680591306735,0.017818680591306736,session_close
long,2022-06-17 09:30,365.50999999999999,2022-06-17 16:00,365.86000000000001,0.00095756614046127453,0.00075756614046127455,session_close
long,2022-07-01 09:30,376.56,2022-07-01 16:00,381.24000000000001,0.012428298279158811,0.012228298279158811,session_close
long,2022-09-02 09:30,400.27999999999997,2022-09-02 16:00,392.24000000000001,-0.020085939842110379,-0.020285939842110377,session_close
long,2022-11-23 09:30,399.55000000000001,2022-11-23 16:00,402.42000000000002,0.0071830809660868855,0.0069830809660868859,session_close
long,2022-12-23 09:30,379.64999999999998,2022-12-23 16:00,382.91000000000003,0.0085868563150270916,0.008386856315027091,session_close
long,2022-12-30 09:30,380.63999999999999,2022-12-30 16:00,382.43000000000001,0.004702606137032328,0.0045026061370323283,session_close
long,2023-01-13 09:30,393.62,2023-01-13 16:00,398.5,0.012397744017072387,0.012197744017072387,session_close
long,2023-02-17 09:30,406.06,2023-02-17 16:00,407.25999999999999,0.0029552282913853922,0.0027552282913853921,session_close
long,2023-04-06 09:30,406.76999999999998,2023-04-06 16:00,409.19,0.0059493079627308543,0.0057493079627308546,session_close
long,2023-05-26 09:30,415.32999999999998,2023-05-26 16:00,420.01999999999998,0.011292225459273331,0.01109222545927333,session_close
long,2023-06-16 09:30,443.01999999999998,2023-06-16 16:00,439.45999999999998,-0.0080357545934720553,-0.0082357545934720559,session_close
long,2023-07-03 09:30,442.92000000000002,2023-07-03 13:00,443.79000000000002,0.0019642373340558184,0.0017642373340558183,session_close
long,2023-09-01 09:30,453.17000000000002,2023-09-01 16:00,451.19,-0.0043692212635435546,-0.0045692212635435542,session_close
long,2023-11-22 09:30,454.98000000000002,2023-11-22 16:00,455.01999999999998,8.7915952349471027e-05,-0.00011208404765052898,session_close
long,2023-12-22 09:30,473.86000000000001,2023-12-22 16:00,473.64999999999998,-0.00044316886844220083,-0.00064316886844220081,session_close
long,2023-12-29 09:30,476.49000000000001,2023-12-29 16:00,475.31,-0.0024764423177821016,-0.0026764423177821016,session_close
long,2024-01-12 09:30,477.83999999999997,2024-01-12 16:00,476.68000000000001,-0.0024275908253807987,-0.0026275908253807988,session_close
long,2024-02-16 09:30,501.69999999999999,2024-02-16 16:00,499.50999999999999,-0.0043651584612317551,-0.0045651584612317548,session_close
long,2024-03-28 09:30,523.21000000000004,2024-03-28 16:00,523.07000000000005,-0.0002675789835820952,-0.00046757898358209518,session_close
long,2024-05-24 09:30,527.85000000000002,2024-05-24 16:00,529.44000000000005,0.0030122193805057762,0.0028122193805057761,session_close
long,2024-06-18 09:30,547.15999999999997,2024-06-18 16:00,548.49000000000001,0.0024307332407340621,0.002230733240734062,session_close
long,2024-07-03 09:30,548.69000000000005,2024-07-03 13:00,551.46000000000004,0.0050483879786400454,0.0048483879786400457,session_close
long,2024-08-30 09:30,560.76999999999998,2024-08-30 16:00,563.67999999999995,0.0051892932931505431,0.0049892932931505434,session_close
long,2024-11-27 09:30,600.11000000000001,2024-11-27 16:00,599.39999999999998,-0.0011831164286547624,-0.0013831164286547625,session_close
long,2024-12-24 09:30,595.04999999999995,2024-12-24 13:00,601.10000000000002,0.010167212839257367,0.0099672128392573663,session_close
long,2024-12-31 09:30,587.5,2024-12-31 16:00,586.51009999999997,-0.0016849361702128141,-0.0018849361702128141,session_close
long,2025-01-08 09:30,589.79999999999995,2025-01-08 16:00,588.16999999999996,-0.0027636486944726535,-0.0029636486944726536,session_close
long,2025-01-17 09:30,593.39999999999998,2025-01-17 16:00,597.69000000000005,0.0072295247724976086,0.007029524772497609,session_close
long,2025-02-14 09:30,609.97000000000003,2025-02-14 16:00,609.77999999999997,-0.00031149072905234387,-0.00051149072905234386,session_close
long,2025-04-17 09:30,531.5,2025-04-17 16:00,527.10000000000002,-0.0082784571966133536,-0.0084784571966133541,session_close
long,2025-05-23 09:30,584.22000000000003,2025-05-23 16:00,579,-0.0089349902434014972,-0.0091349902434014977,session_close
long,2025-06-18 09:30,599.01999999999998,2025-06-18 16:00,597.28999999999996,-0.0028880504824546627,-0.0030880504824546628,session_close
long,2025-07-03 09:30,621.22000000000003,2025-07-03 13:00,625.00999999999999,0.0061008982325101435,0.0059008982325101439,session_close
long,2025-08-29 09:30,647.88999999999999,2025-08-29 16:00,644.95000000000005,-0.0045378073438391286,-0.0047378073438391283,session_close
long,2025-11-26 09:30,677.10000000000002,2025-11-26 16:00,680.36929999999995,0.0048283857628119708,0.0046283857628119712,session_close
long,2025-12-24 09:30,687.45000000000005,2025-12-24 13:00,689.55999999999995,0.0030693141319366735,0.0028693141319366734,session_close
long,2025-12-31 09:30,685.13999999999999,2025-12-31 16:00,682.5,-0.0038532270776775457,-0.0040532270776775453,session_close
long,2026-01-16 09:30,693.92999999999995,2026-01-16 16:00,691.41999999999996,-0.0036170795325176641,-0.0038170795325176642,session_close
long,2026-02-13 09:30,681.15999999999997,2026-02-13 16:00,680.94989999999996,-0.00030844441834521064,-0.00050844441834521062,session_close
long,2026-04-02 09:30,648.00999999999999,2026-04-02 16:00,655.91999999999996,0.012206601749972901,0.0120066017499729,session_close
long,2026-05-22 09:30,745.45000000000005,2026-05-22 16:00,743.73000000000002,-0.0023073311422631138,-0.0025073311422631138,session_close
long,2026-06-18 09:30,746.04999999999995,2026-06-18 16:00,746.94000000000005,0.001192949534213561,0.00099294953421356089,session_close
long,2026-07-02 09:30,745.24000000000001,2026-07-02 16:00,745.71010000000001,0.0006308034995436973,0.00043080349954369732,session_close
long,2026-09-04 09:30,773.78999999999996,2026-09-04 16:00,769.45000000000005,-0.0056087568978662183,-0.005808756897866218,session_close
