session,side,entry_ny,exit_ny,entry,exit,gross_bps,net_bps
2021-10-18,long,13:30,16:00,371.6100,372.6500,27.99,25.99
2021-10-22,short,12:00,12:30,373.3850,373.7200,-8.97,-10.97
2021-10-25,long,14:30,16:00,378.4000,377.9500,-11.89,-13.89
2021-10-26,long,10:30,11:30,382.2700,381.8700,-10.46,-12.46
2021-10-27,long,10:00,10:30,381.3200,380.6900,-16.52,-18.52
2021-10-27,long,11:30,15:30,381.5100,381.2900,-5.77,-7.77
2021-10-28,long,11:30,12:00,383.6700,383.2900,-9.90,-11.90
2021-10-28,long,12:30,13:00,383.7700,382.7500,-26.58,-28.58
2021-10-28,long,14:30,15:00,383.8500,383.7300,-3.13,-5.13
2021-11-02,long,10:00,11:30,388.9550,388.9500,-0.13,-2.13
2021-11-03,long,15:00,16:00,392.0600,393.1800,28.57,26.57
2021-11-04,long,10:00,11:30,396.0900,396.1300,1.01,-0.99
2021-11-04,long,12:00,16:00,397.2850,398.2200,23.53,21.53
2021-11-09,short,10:00,16:00,395.5200,395.3200,5.06,3.06
2021-11-10,short,14:30,16:00,388.5200,389.5100,-25.48,-27.48
2021-11-12,long,11:30,16:00,394.4800,394.7000,5.58,3.58
2021-11-15,short,12:00,13:00,393.1502,393.3700,-5.59,-7.59
2021-11-16,long,11:30,16:00,397.3200,397.4200,2.52,0.52
2021-11-17,long,12:00,12:30,399.5419,397.6000,-48.60,-50.60
2021-11-18,long,12:30,13:00,401.8600,400.6700,-29.61,-31.61
2021-11-19,long,10:00,10:30,404.9400,403.3700,-38.77,-40.77
2021-11-22,long,10:00,11:00,407.6000,407.0400,-13.74,-15.74
2021-11-23,short,10:30,15:00,395.9200,396.0500,-3.28,-5.28
2021-11-26,short,10:30,13:01,394.3401,391.2000,79.63,77.63
2021-11-29,long,10:00,10:30,397.3300,396.4650,-21.77,-23.77
2021-11-29,long,12:00,16:00,398.7000,399.6900,24.83,22.83
2021-11-30,short,11:00,16:00,393.5900,393.8200,-5.84,-7.84
2021-12-01,short,15:30,16:00,389.5900,387.1200,63.40,61.40
2021-12-02,long,10:00,10:30,389.9300,387.8900,-52.32,-54.32
2021-12-02,long,12:30,13:30,391.3400,388.8100,-64.65,-66.65
2021-12-02,long,14:00,15:30,390.2600,389.8800,-9.74,-11.74
2021-12-03,short,10:00,16:00,386.3800,383.1300,84.11,82.11
2021-12-06,long,13:30,15:00,386.9400,386.1400,-20.68,-22.68
2021-12-07,long,10:00,15:30,395.6600,396.5500,22.49,20.49
2021-12-09,short,15:30,16:00,394.2700,393.7300,13.70,11.70
2021-12-13,short,10:30,15:00,395.3400,394.8100,13.41,11.41
2021-12-13,short,15:30,16:00,393.7900,392.2600,38.85,36.85
2021-12-15,short,10:00,10:30,386.3200,386.6900,-9.58,-11.58
2021-12-15,short,12:00,12:30,384.6600,385.1700,-13.26,-15.26
2021-12-15,long,15:30,16:00,395.1500,397.0500,48.08,46.08
2021-12-16,short,10:00,16:00,394.2800,386.8400,188.70,186.70
2021-12-21,long,14:30,15:30,388.3100,388.3900,2.06,0.06
2021-12-22,long,11:00,12:30,392.1400,392.5050,9.31,7.31
2021-12-23,long,10:30,11:00,396.2600,396.9500,17.41,15.41
2021-12-23,long,12:00,12:30,397.5800,397.2155,-9.17,-11.17
2021-12-23,long,13:30,14:00,397.8700,397.7600,-2.76,-4.76
2021-12-27,long,10:00,16:00,400.4200,403.4800,76.42,74.42
2021-12-30,long,10:30,11:00,403.3300,402.6100,-17.85,-19.85
2022-01-04,short,10:30,15:30,399.6800,396.8500,70.81,68.81
2022-01-05,short,13:00,13:30,391.1550,391.7050,-14.06,-16.06
2022-01-05,short,14:30,16:00,389.2400,384.2900,127.17,125.17
2022-01-07,short,10:30,12:00,381.6400,381.3200,8.38,6.38
2022-01-07,short,12:30,13:00,380.6400,381.1600,-13.66,-15.66
2022-01-07,short,13:30,15:00,380.5300,381.1400,-16.03,-18.03
2022-01-10,short,10:00,11:30,371.8800,373.4800,-43.02,-45.02
2022-01-10,short,12:30,13:00,370.8900,372.3500,-39.36,-41.36
2022-01-11,long,11:30,16:00,383.8684,385.8200,50.84,48.84
2022-01-13,short,11:00,11:30,384.1800,385.3100,-29.41,-31.41
2022-01-13,short,12:30,16:00,380.9700,377.6600,86.88,84.88
2022-01-14,long,10:00,10:30,379.7100,378.1301,-41.61,-43.61
2022-01-19,long,10:00,10:30,374.4200,372.5200,-50.75,-52.75
2022-01-20,long,10:00,12:30,372.3800,372.6200,6.45,4.45
2022-01-21,short,10:00,11:00,357.1300,359.8900,-77.28,-79.28
2022-01-21,short,13:30,16:00,355.8100,351.6900,115.79,113.79
2022-01-24,short,10:00,14:00,343.5900,345.5800,-57.92,-59.92
2022-01-25,short,10:00,10:30,343.7300,346.4200,-78.26,-80.26
2022-01-25,short,12:00,12:30,342.0600,344.2200,-63.15,-65.15
2022-01-27,short,13:30,14:00,341.0900,343.0400,-57.17,-59.17
2022-01-27,short,14:30,15:00,341.6500,341.5900,1.76,-0.24
2022-01-28,short,10:00,10:30,338.9500,340.7000,-51.63,-53.63
2022-01-28,long,11:30,14:30,346.7100,343.5800,-90.28,-92.28
2022-01-28,long,15:00,16:00,346.4800,351.8000,153.54,151.54
2022-01-31,long,10:00,16:00,356.7500,363.0500,176.59,174.59
2022-02-04,long,13:00,16:00,357.3100,358.0100,19.59,17.59
2022-02-08,long,11:30,14:30,357.5788,356.8800,-19.54,-21.54
2022-02-11,short,11:30,12:30,355.4100,355.3300,2.25,0.25
2022-02-11,short,13:00,16:00,353.7900,347.0600,190.23,188.23
2022-02-14,long,11:30,12:00,350.1400,349.6900,-12.85,-14.85
2022-02-14,long,12:30,13:00,350.4200,349.8650,-15.84,-17.84
2022-02-16,short,10:00,10:30,351.3300,351.9400,-17.36,-19.36
2022-02-17,short,10:30,11:30,349.7500,351.1000,-38.60,-40.60
2022-02-17,short,12:30,16:00,349.7900,345.4500,124.07,122.07
2022-02-18,short,11:00,14:30,342.6300,343.4700,-24.52,-26.52
2022-02-18,short,15:30,16:00,341.7900,341.5100,8.19,6.19
2022-02-22,long,10:30,11:00,343.9964,340.0300,-115.30,-117.30
2022-02-23,short,11:00,12:00,336.0400,336.8100,-22.91,-24.91
2022-02-23,short,13:30,16:00,333.4700,329.4200,121.45,119.45
2022-02-24,long,14:30,16:00,333.3000,340.4900,215.72,213.72
2022-02-25,short,10:00,10:30,338.3000,341.2400,-86.91,-88.91
2022-02-25,long,11:30,13:00,344.4300,343.4000,-29.90,-31.90
2022-03-01,short,13:30,14:00,340.7800,341.6800,-26.41,-28.41
2022-03-02,long,13:30,14:00,347.2600,347.1400,-3.46,-5.46
2022-03-02,long,14:30,15:00,347.1700,347.2300,1.73,-0.27
2022-03-03,short,11:00,11:30,342.7000,343.9200,-35.60,-37.60
2022-03-03,short,12:30,13:00,342.8100,344.8800,-60.38,-62.38
2022-03-04,short,11:00,12:00,336.0800,336.2200,-4.17,-6.17
2022-03-07,short,10:00,16:00,333.4400,324.8600,257.32,255.32
2022-03-08,long,12:30,14:00,329.5200,325.6600,-117.14,-119.14
2022-03-10,short,11:30,12:00,327.0800,328.3200,-37.91,-39.91
2022-03-11,short,12:30,13:00,327.3100,327.9800,-20.47,-22.47
2022-03-14,short,13:00,14:00,318.9500,318.7100,7.52,5.52
2022-03-14,short,14:30,15:00,317.9600,319.0200,-33.34,-35.34
2022-03-15,long,11:30,12:00,325.7300,324.8600,-26.71,-28.71
2022-03-15,long,12:30,13:30,326.2300,324.1300,-64.37,-66.37
2022-03-15,long,15:30,16:00,327.7000,328.1500,13.73,11.73
2022-03-16,long,10:00,12:30,334.6400,336.4300,53.49,51.49
2022-03-18,long,13:00,16:00,348.7450,351.4900,78.71,76.71
2022-03-21,short,10:00,11:00,348.5300,349.5000,-27.83,-29.83
2022-03-22,long,10:00,16:00,352.4600,356.9600,127.67,125.67
2022-03-25,short,11:30,12:30,355.5400,356.9200,-38.81,-40.81
2022-03-28,long,10:00,10:30,362.5800,361.1400,-39.72,-41.72
2022-03-28,long,11:00,11:30,362.2800,361.1700,-30.64,-32.64
2022-03-28,long,15:00,16:00,363.8300,364.9100,29.68,27.68
2022-04-01,short,12:00,12:30,359.5300,359.9450,-11.54,-13.54
2022-04-01,short,13:00,14:00,359.0500,359.5500,-13.93,-15.93
2022-04-04,long,10:00,16:00,366.4000,369.3000,79.15,77.15
2022-04-05,short,10:30,16:00,364.4000,361.1000,90.56,88.56
2022-04-06,short,10:00,12:00,353.2600,352.9800,7.93,5.93
2022-04-06,short,12:30,13:30,351.5000,352.7700,-36.13,-38.13
2022-04-06,short,14:30,15:00,351.6400,355.5400,-110.91,-112.91
2022-04-08,short,10:00,10:30,348.8200,350.8800,-59.06,-61.06
2022-04-08,short,14:30,15:00,349.6700,350.2400,-16.30,-18.30
2022-04-11,short,11:00,11:30,342.1300,342.3900,-7.60,-9.60
2022-04-11,short,12:30,13:00,342.1700,343.1200,-27.76,-29.76
2022-04-13,long,10:30,16:00,342.7700,346.3500,104.44,102.44
2022-04-14,short,10:00,16:00,343.7700,338.4300,155.34,153.34
2022-04-18,long,10:30,11:00,340.4900,339.5300,-28.19,-30.19
2022-04-19,long,10:00,16:00,341.3900,346.2600,142.65,140.65
2022-04-20,short,10:00,11:00,343.0700,344.1100,-30.31,-32.31
2022-04-20,short,11:30,14:00,342.0800,342.9000,-23.97,-25.97
2022-04-20,short,14:30,16:00,341.7100,341.2100,14.63,12.63
2022-04-21,short,14:00,16:00,337.6600,334.1500,103.95,101.95
2022-04-22,short,10:30,11:30,331.0100,331.6700,-19.94,-21.94
2022-04-22,short,12:00,16:00,329.1400,325.4000,113.63,111.63
2022-04-26,short,10:00,13:00,323.2100,322.0100,37.13,35.13
2022-04-26,short,13:30,15:00,319.3500,321.4500,-65.76,-67.76
2022-04-26,short,15:30,16:00,318.5350,317.1400,43.79,41.79
2022-04-27,long,10:00,10:30,320.9300,315.7600,-161.09,-163.09
2022-04-27,long,12:30,13:30,321.8500,320.7200,-35.11,-37.11
2022-04-28,long,13:30,16:00,326.6100,328.0100,42.86,40.86
2022-04-29,short,12:30,16:00,319.5600,313.2500,197.46,195.46
2022-05-02,long,10:30,11:00,316.3200,314.4400,-59.43,-61.43
2022-05-04,short,10:30,12:00,315.8500,315.7800,2.22,0.22
2022-05-04,long,15:00,16:00,324.9400,329.6000,143.41,141.41
2022-05-05,short,10:00,16:00,321.0600,313.0000,251.04,249.04
2022-05-06,short,10:00,10:30,305.8500,309.8600,-131.11,-133.11
2022-05-09,short,11:00,12:00,299.8300,300.3700,-18.01,-20.01
2022-05-09,short,13:00,13:30,299.4300,300.1800,-25.05,-27.05
2022-05-09,short,14:00,15:00,298.7100,299.5900,-29.46,-31.46
2022-05-11,short,13:30,14:30,294.7000,294.4900,7.13,5.13
2022-05-11,short,15:00,15:30,293.6000,292.8900,24.18,22.18
2022-05-13,long,10:00,14:30,298.4400,298.5700,4.36,2.36
2022-05-13,long,15:00,16:00,300.9900,301.9400,31.56,29.56
2022-05-18,short,11:30,16:00,296.1500,291.1400,169.17,167.17
2022-05-20,short,12:00,16:00,286.0900,288.6800,-90.53,-92.53
2022-05-24,short,10:00,11:30,284.7600,284.3100,15.80,13.80
2022-05-25,long,10:30,11:00,289.8500,289.6600,-6.56,-8.56
2022-05-25,long,15:00,16:00,291.8250,291.2600,-19.36,-21.36
2022-05-26,long,10:00,16:00,295.4000,299.3300,133.04,131.04
2022-05-27,long,10:00,11:00,305.2600,305.5800,10.48,8.48
2022-05-27,long,12:00,13:00,307.0500,306.8500,-6.51,-8.51
2022-05-27,long,13:30,16:00,306.9600,309.1000,69.72,67.72
2022-05-31,short,10:00,10:30,306.0500,306.4300,-12.42,-14.42
2022-06-02,long,12:30,16:00,311.3600,314.3800,96.99,94.99
2022-06-10,short,10:00,13:30,291.6800,289.8200,63.77,61.77
2022-06-13,short,11:00,11:30,277.0700,277.8100,-26.71,-28.71
2022-06-13,short,15:30,16:00,275.6400,275.4100,8.34,6.34
2022-06-15,long,15:30,16:00,285.3400,282.8000,-89.02,-91.02
2022-06-16,short,10:00,10:30,274.0600,273.4200,23.35,21.35
2022-06-16,short,11:00,11:30,271.1100,272.8700,-64.92,-66.92
2022-06-16,short,12:00,13:30,272.2800,272.8600,-21.30,-23.30
2022-06-16,short,14:00,16:00,270.4050,271.3900,-36.43,-38.43
2022-06-17,long,10:00,10:30,275.2400,272.4400,-101.73,-103.73
2022-06-17,long,11:30,12:00,274.7000,273.2900,-51.33,-53.33
2022-06-17,long,13:30,16:00,276.1000,274.6900,-51.07,-53.07
2022-06-21,long,10:00,12:00,282.2900,281.7500,-19.13,-21.13
2022-06-21,long,13:00,13:30,282.3155,281.9400,-13.30,-15.30
2022-06-21,long,15:00,15:30,282.0050,281.9500,-1.95,-3.95
2022-06-22,long,10:30,11:30,284.2700,283.5100,-26.74,-28.74
2022-06-24,long,10:00,16:00,290.3400,294.6100,147.07,145.07
2022-06-28,short,11:30,16:00,288.0700,283.5400,157.25,155.25
2022-06-30,short,10:00,11:00,276.9300,279.1199,-79.08,-81.08
2022-07-05,long,15:00,16:00,285.6750,286.9600,44.98,42.98
2022-07-07,long,10:00,16:00,292.4500,294.9800,86.51,84.51
2022-07-11,short,10:00,11:30,288.9100,290.1500,-42.92,-44.92
2022-07-11,short,12:00,12:30,289.6400,289.9500,-10.70,-12.70
2022-07-19,long,11:30,16:00,295.7000,298.3000,87.93,85.93
2022-07-20,long,10:30,14:00,301.1900,300.8650,-10.79,-12.79
2022-07-20,long,14:30,16:00,302.5050,302.9800,15.70,13.70
2022-07-21,long,12:30,13:30,306.4400,305.8400,-19.58,-21.58
2022-07-22,short,11:30,15:30,303.5500,302.0900,48.10,46.10
2022-07-25,short,10:30,11:00,299.7300,300.3292,-19.99,-21.99
2022-07-26,short,10:30,11:00,296.2400,296.4899,-8.44,-10.44
2022-07-26,short,11:30,16:00,295.2800,294.3700,30.82,28.82
2022-07-27,long,10:00,14:30,301.1100,302.8700,58.45,56.45
2022-07-27,long,15:00,16:00,305.8900,306.8100,30.08,28.08
2022-07-28,short,10:00,11:00,303.7500,305.8500,-69.14,-71.14
2022-07-29,long,10:30,11:00,314.1200,312.7901,-42.34,-44.34
2022-08-01,long,11:00,12:30,318.3700,317.0000,-43.03,-45.03
2022-08-03,long,10:00,16:00,319.0300,322.8900,120.99,118.99
2022-08-08,long,10:00,11:00,325.8200,324.2350,-48.65,-50.65
2022-08-09,short,10:00,10:30,316.3300,316.9415,-19.33,-21.33
2022-08-09,short,12:30,13:00,315.5000,315.9100,-13.00,-15.00
2022-08-12,long,13:30,14:00,328.5900,328.6300,1.22,-0.78
2022-08-12,long,15:00,16:00,329.5695,330.3900,24.90,22.90
2022-08-16,short,11:00,11:30,329.9700,331.7000,-52.43,-54.43
2022-08-17,short,11:00,11:30,326.9200,327.7150,-24.32,-26.32
2022-08-17,short,12:00,12:30,326.8000,327.7900,-30.29,-32.29
2022-08-19,short,10:00,16:00,324.0300,322.8600,36.11,34.11
2022-08-22,short,10:30,16:00,316.0500,314.3600,53.47,51.47
2022-08-24,long,11:30,13:00,316.3300,315.2800,-33.19,-35.19
2022-08-25,long,10:30,11:30,319.0000,317.2500,-54.86,-56.86
2022-08-26,short,10:30,16:00,316.3300,307.4400,281.04,279.04
2022-08-30,short,10:30,16:00,302.2400,301.0200,40.37,38.37
2022-09-01,short,11:00,13:30,293.7900,295.3600,-53.44,-55.44
2022-09-02,short,13:30,16:00,295.9300,295.1700,25.68,23.68
2022-09-06,short,10:00,11:00,293.6600,295.0700,-48.01,-50.01
2022-09-06,short,13:30,14:00,292.1000,292.7350,-21.74,-23.74
2022-09-07,long,12:00,12:30,296.0699,295.4200,-21.95,-23.95
2022-09-07,long,13:00,13:30,296.3800,296.2800,-3.37,-5.37
2022-09-07,long,14:00,16:00,297.6600,298.9700,44.01,42.01
2022-09-09,long,10:00,16:00,304.9100,307.0500,70.18,68.18
2022-09-12,long,10:00,11:00,310.6200,309.7600,-27.69,-29.69
2022-09-13,short,10:00,13:30,300.2000,298.8300,45.64,43.64
2022-09-13,short,14:00,16:00,297.8300,293.7000,138.67,136.67
2022-09-15,short,11:00,11:30,291.2000,292.0700,-29.88,-31.88
2022-09-15,short,12:00,13:00,291.4900,292.6300,-39.11,-41.11
2022-09-15,short,15:30,16:00,289.6600,291.1000,-49.71,-51.71
2022-09-16,short,10:00,10:30,285.9900,287.2900,-45.46,-47.46
2022-09-22,short,11:00,12:30,279.6200,280.3673,-26.73,-28.73
2022-09-22,short,14:30,15:00,279.5200,280.5600,-37.21,-39.21
2022-09-23,short,10:00,10:30,275.0200,276.2999,-46.54,-48.54
2022-09-23,short,11:00,16:00,275.6000,275.5100,3.27,1.27
2022-09-26,long,10:00,11:00,278.3800,277.6050,-27.84,-29.84
2022-09-28,long,10:30,11:00,276.3100,276.0900,-7.96,-9.96
2022-09-28,long,11:30,16:00,276.8400,279.9400,111.98,109.98
2022-09-29,short,10:00,12:00,272.8100,272.8400,-1.10,-3.10
2022-09-29,short,12:30,16:00,271.5300,271.8700,-12.52,-14.52
2022-09-30,long,11:00,12:00,273.8000,272.5000,-47.48,-49.48
2022-10-03,long,10:30,12:00,271.5300,270.7900,-27.25,-29.25
2022-10-03,long,13:00,16:00,271.5200,273.5300,74.03,72.03
2022-10-04,long,10:00,13:00,281.4700,281.0599,-14.57,-16.57
2022-10-04,long,15:00,15:30,281.9241,281.4000,-18.59,-20.59
2022-10-05,short,10:30,11:30,275.9500,277.0000,-38.05,-40.05
2022-10-07,short,10:00,16:00,272.1800,269.1000,113.16,111.16
2022-10-10,short,10:00,10:30,267.0000,267.5900,-22.10,-24.10
2022-10-10,short,11:00,14:00,265.4700,267.4900,-76.09,-78.09
2022-10-11,short,10:00,11:00,262.3700,262.9350,-21.53,-23.53
2022-10-13,long,11:30,12:30,264.8800,264.9900,4.15,2.15
2022-10-13,long,13:00,16:00,266.0800,268.8200,102.98,100.98
2022-10-14,short,10:30,16:00,264.8100,260.7400,153.70,151.70
2022-10-17,long,10:00,10:30,268.5200,268.9250,15.08,13.08
2022-10-20,long,10:30,11:30,274.4500,273.2900,-42.27,-44.27
2022-10-21,long,13:00,16:00,272.6300,275.4300,102.70,100.70
2022-10-25,long,10:00,13:00,282.7300,282.7800,1.77,-0.23
2022-10-25,long,14:30,15:00,283.5450,283.2200,-11.46,-13.46
2022-10-25,long,15:30,16:00,284.2450,284.2100,-1.23,-3.23
2022-10-27,short,10:00,10:30,274.0800,277.4700,-123.69,-125.69
2022-10-28,long,10:00,16:00,274.8300,281.2200,232.51,230.51
2022-11-02,short,15:30,16:00,267.6200,265.6800,72.49,70.49
2022-11-03,short,10:00,10:30,260.5700,263.4050,-108.80,-110.80
2022-11-08,long,11:30,12:00,271.8000,272.0700,9.93,7.93
2022-11-08,long,12:30,13:30,272.0200,269.6800,-86.02,-88.02
2022-11-09,short,14:00,14:30,264.4000,264.9200,-19.67,-21.67
2022-11-09,short,15:00,16:00,263.6000,263.3200,10.62,8.62
2022-11-10,long,10:00,10:30,278.3400,277.6600,-24.43,-26.43
2022-11-10,long,11:00,11:30,278.2300,278.4177,6.75,4.75
2022-11-10,long,12:00,12:30,279.3900,278.8100,-20.76,-22.76
2022-11-10,long,13:30,16:00,278.8300,282.7500,140.59,138.59
2022-11-11,long,10:30,11:30,285.7100,283.3299,-83.30,-85.30
2022-11-11,long,13:00,16:00,285.9083,287.9600,71.76,69.76
2022-11-16,short,10:30,11:30,285.6500,286.0300,-13.30,-15.30
2022-11-23,long,10:00,12:00,287.9900,286.8500,-39.58,-41.58
2022-11-23,long,15:00,16:00,288.7900,288.8200,1.04,-0.96
2022-11-28,short,15:30,16:00,281.9200,282.7100,-28.02,-30.02
2022-11-29,short,11:30,13:00,279.7500,280.9000,-41.11,-43.11
2022-11-29,short,13:30,14:00,279.5300,280.4650,-33.45,-35.45
2022-11-30,long,14:00,16:00,286.1500,293.3600,251.97,249.97
2022-12-01,long,10:00,10:30,294.9600,291.3600,-122.05,-124.05
2022-12-01,short,10:30,11:00,291.3600,294.0500,-92.33,-94.33
2022-12-05,short,12:00,12:30,288.6000,288.9100,-10.74,-12.74
2022-12-05,short,13:00,13:30,287.9600,288.2724,-10.85,-12.85
2022-12-05,short,14:00,16:00,287.0600,287.6400,-20.20,-22.20
2022-12-06,short,10:00,16:00,284.1900,281.6800,88.32,86.32
2022-12-08,long,10:30,11:30,283.9500,283.3750,-20.25,-22.25
2022-12-08,long,12:00,12:30,283.6000,282.9300,-23.62,-25.62
2022-12-09,long,11:00,11:30,285.3200,284.9100,-14.37,-16.37
2022-12-09,long,12:00,12:30,285.3650,285.0100,-12.44,-14.44
2022-12-14,long,10:00,12:30,289.9700,289.8200,-5.17,-7.17
2022-12-15,short,10:00,16:00,279.7000,276.8900,100.46,98.46
2022-12-16,short,10:30,14:30,274.0950,273.1100,35.94,33.94
2022-12-19,short,10:00,10:30,271.7900,272.5800,-29.07,-31.07
2022-12-19,short,11:00,16:00,270.9850,269.7500,45.57,43.57
2022-12-21,long,10:30,12:30,272.4300,273.0250,21.84,19.84
2022-12-21,long,13:00,15:30,273.9400,273.2250,-26.10,-28.10
2022-12-22,short,10:00,15:30,268.5300,266.5300,74.48,72.48
2022-12-23,short,10:00,10:30,264.0700,266.5000,-92.02,-94.02
2022-12-27,short,10:00,10:30,263.8200,265.2100,-52.69,-54.69
2022-12-27,short,14:30,15:00,263.4000,263.7300,-12.53,-14.53
2022-12-28,short,12:00,12:30,260.5400,260.7000,-6.14,-8.14
2022-12-28,short,15:30,16:00,260.0800,260.1000,-0.77,-2.77
2022-12-29,long,10:00,16:00,264.8000,266.4400,61.93,59.93
2023-01-03,short,11:30,13:30,263.7900,263.4700,12.13,10.13
2023-01-06,long,12:00,16:00,266.5200,268.8000,85.55,83.55
2023-01-09,long,10:00,14:00,273.5300,272.8400,-25.23,-27.23
2023-01-11,long,15:30,16:00,276.7200,277.5500,29.99,27.99
2023-01-12,short,10:00,10:30,274.8900,277.4700,-93.86,-95.86
2023-01-18,short,12:30,14:30,278.9550,279.4100,-16.31,-18.31
2023-01-18,short,15:00,16:00,278.9800,277.8800,39.43,37.43
2023-01-20,long,11:30,16:00,279.4300,282.6800,116.31,114.31
2023-01-23,long,10:00,16:00,285.8700,288.9600,108.09,106.09
2023-01-25,short,10:00,11:00,281.6500,282.6700,-36.22,-38.22
2023-01-27,long,10:30,11:00,294.9000,293.6300,-43.07,-45.07
2023-01-27,long,12:00,16:00,295.5900,296.2600,22.67,20.67
2023-01-31,long,10:30,15:30,292.4100,292.7700,12.31,10.31
2023-02-01,long,15:00,16:00,299.1900,300.9200,57.82,55.82
2023-02-02,long,11:00,15:00,310.5200,308.4800,-65.70,-67.70
2023-02-07,long,13:00,13:30,309.1700,304.4500,-152.67,-154.67
2023-02-07,long,14:30,16:00,306.5400,309.8800,108.96,106.96
2023-02-08,short,11:00,16:00,306.0150,304.3700,53.76,51.76
2023-02-13,long,10:00,10:30,302.5800,302.5450,-1.16,-3.16
2023-02-13,long,11:00,15:00,303.3350,303.7400,13.35,11.35
2023-02-14,long,10:00,10:30,305.6300,305.7700,4.58,2.58
2023-02-17,short,10:00,10:30,299.6600,300.1800,-17.35,-19.35
2023-02-17,short,11:30,12:00,298.8100,299.0000,-6.36,-8.36
2023-02-17,short,13:00,14:00,298.5200,299.1300,-20.43,-22.43
2023-02-21,short,14:30,15:00,294.6100,294.7200,-3.73,-5.73
2023-03-01,short,10:30,11:00,291.3100,292.1900,-30.21,-32.21
2023-03-01,short,11:30,12:00,290.9000,292.2200,-45.38,-47.38
2023-03-01,short,14:30,16:00,290.7900,291.2000,-14.10,-16.10
2023-03-02,long,15:30,16:00,293.3200,293.6100,9.89,7.89
2023-03-03,long,10:00,11:30,296.7200,296.9700,8.43,6.43
2023-03-03,long,12:00,16:00,297.5600,299.6800,71.25,69.25
2023-03-06,long,10:30,13:00,302.7600,301.8200,-31.05,-33.05
2023-03-07,short,10:30,12:30,298.0200,299.0400,-34.23,-36.23
2023-03-07,short,13:30,16:00,297.8900,296.3400,52.03,50.03
2023-03-09,long,10:00,11:00,300.3200,299.6900,-20.98,-22.98
2023-03-09,short,14:00,16:00,295.1500,292.6600,84.36,82.36
2023-03-10,short,10:00,11:00,290.2000,292.7500,-87.87,-89.87
2023-03-10,short,12:30,16:00,291.0800,288.5500,86.92,84.92
2023-03-13,long,10:00,10:30,289.6400,289.0600,-20.02,-22.02
2023-03-13,long,11:00,16:00,291.1001,290.6900,-14.09,-16.09
2023-03-14,long,10:00,13:30,295.6500,295.9800,11.16,9.16
2023-03-16,long,11:00,16:00,302.1000,306.8100,155.91,153.91
2023-03-17,short,11:30,12:00,304.2800,304.4700,-6.24,-8.24
2023-03-20,short,10:00,10:30,302.8200,303.8300,-33.35,-35.35
2023-03-23,long,10:30,13:30,311.8150,311.4820,-10.68,-12.68
2023-03-27,short,12:00,12:30,308.2600,309.1000,-27.25,-29.25
2023-03-27,short,13:00,13:30,308.5100,308.8300,-10.37,-12.37
2023-03-28,short,10:00,11:30,306.1700,306.4700,-9.80,-11.80
2023-03-28,short,12:30,13:30,305.8200,305.9900,-5.56,-7.56
2023-03-28,short,14:00,14:30,304.8900,305.5900,-22.96,-24.96
2023-03-31,long,10:00,11:30,317.1100,318.1500,32.80,30.80
2023-03-31,long,12:00,16:00,318.7700,320.9300,67.76,65.76
2023-04-05,short,10:00,15:00,317.2700,315.7750,47.12,45.12
2023-04-05,short,15:30,16:00,315.2600,315.8600,-19.03,-21.03
2023-04-06,long,13:30,16:00,317.5400,318.0500,16.06,14.06
2023-04-10,short,10:00,11:00,313.6900,314.4800,-25.18,-27.18
2023-04-11,short,10:00,13:00,316.6000,316.3700,7.26,5.26
2023-04-12,short,11:00,11:30,314.2950,314.7000,-12.89,-14.89
2023-04-12,short,15:00,16:00,314.1000,312.9983,35.07,33.07
2023-04-13,long,10:00,16:00,315.7800,319.2784,110.79,108.79
2023-04-21,short,10:00,10:30,314.4100,316.0000,-50.57,-52.57
2023-04-24,short,11:30,13:00,314.4600,314.8400,-12.08,-14.08
2023-04-25,short,12:30,13:00,312.3900,312.3400,1.60,-0.40
2023-04-25,short,13:30,16:00,311.7700,309.9900,57.09,55.09
2023-04-27,long,11:30,16:00,318.0400,320.3500,72.63,70.63
2023-04-28,long,10:30,11:00,321.8300,319.8400,-61.83,-63.83
2023-05-02,short,10:30,13:30,319.9906,319.4500,16.89,14.89
2023-05-02,short,14:30,15:00,319.2200,319.8800,-20.68,-22.68
2023-05-03,long,10:00,10:30,320.5600,319.6500,-28.39,-30.39
2023-05-04,short,10:00,11:00,316.0750,316.1400,-2.06,-4.06
2023-05-05,long,10:00,16:00,319.7100,322.8900,99.47,97.47
2023-05-08,short,10:00,10:30,321.7000,321.7200,-0.62,-2.62
2023-05-12,short,11:00,12:00,325.0500,325.2000,-4.61,-6.61
2023-05-12,short,12:30,16:00,324.0000,325.0300,-31.79,-33.79
2023-05-16,long,11:00,14:30,328.0600,328.1700,3.35,1.35
2023-05-17,long,13:00,16:00,330.1900,331.1200,28.17,26.17
2023-05-18,long,10:00,14:00,332.9800,334.3150,40.09,38.09
2023-05-18,long,14:30,16:00,334.7800,337.2700,74.38,72.38
2023-05-22,long,10:00,10:30,338.2300,337.6100,-18.33,-20.33
2023-05-23,short,14:30,16:00,333.5100,333.3600,4.50,2.50
2023-05-24,short,10:30,11:30,330.1300,330.7300,-18.17,-20.17
2023-05-24,short,12:30,13:00,329.9500,330.4200,-14.24,-16.24
2023-05-26,long,10:00,16:00,343.1400,348.4000,153.29,151.29
2023-06-01,long,11:30,16:00,349.8300,352.0100,62.32,60.32
2023-06-05,long,11:00,13:30,356.7900,356.4900,-8.41,-10.41
2023-06-07,short,11:00,16:00,352.2650,348.8200,97.80,95.80
2023-06-08,long,10:30,16:00,350.9650,353.1500,62.26,60.26
2023-06-09,long,10:00,11:00,356.8700,355.3100,-43.71,-45.71
2023-06-12,long,15:00,16:00,359.2396,360.4900,34.81,32.81
2023-06-14,long,11:30,12:00,365.7500,365.1800,-15.58,-17.58
2023-06-15,long,10:30,11:00,367.6300,367.3900,-6.53,-8.53
2023-06-15,long,11:30,12:30,368.2900,368.4272,3.73,1.73
2023-06-15,long,13:00,16:00,368.4100,370.2600,50.22,48.22
2023-06-20,short,10:30,11:00,364.2500,364.4350,-5.08,-7.08
2023-06-21,short,10:00,14:00,363.9750,363.1500,22.67,20.67
2023-06-22,long,10:00,11:00,363.1100,363.0500,-1.65,-3.65
2023-06-22,long,12:00,12:30,364.9100,364.1200,-21.65,-23.65
2023-06-22,long,13:00,13:30,364.1400,363.9500,-5.22,-7.22
2023-06-22,long,14:00,16:00,364.7900,366.1700,37.83,35.83
2023-06-26,long,10:00,11:00,364.4900,363.1400,-37.04,-39.04
2023-06-26,short,12:30,16:00,359.1500,357.7000,40.37,38.37
2023-06-27,long,12:30,16:00,361.8900,363.8300,53.61,51.61
2023-06-28,long,11:00,11:30,365.5300,364.7600,-21.07,-23.07
2023-06-30,long,10:00,12:00,369.0900,368.9800,-2.98,-4.98
2023-06-30,long,13:00,15:00,370.0164,369.8100,-5.58,-7.58
2023-07-07,long,13:00,14:00,369.8500,369.7475,-2.77,-4.77
2023-07-13,long,12:30,14:00,377.6950,378.0200,8.60,6.60
2023-07-13,long,14:30,16:00,378.2200,379.1500,24.59,22.59
2023-07-14,long,10:00,11:00,381.6300,381.1882,-11.58,-13.58
2023-07-14,long,11:30,12:30,381.6700,380.8500,-21.48,-23.48
2023-07-17,long,11:30,12:30,381.0400,380.8700,-4.46,-6.46
2023-07-17,long,13:00,13:30,381.4200,381.2800,-3.67,-5.67
2023-07-17,long,14:00,16:00,381.9900,382.6100,16.23,14.23
2023-07-18,long,12:30,16:00,384.1900,385.7400,40.34,38.34
2023-07-20,short,10:30,16:00,380.6950,376.7600,103.36,101.36
2023-07-25,long,10:00,10:30,378.7600,377.8900,-22.97,-24.97
2023-07-25,long,11:30,16:00,378.3900,378.7800,10.31,8.31
2023-07-26,short,11:00,12:00,375.7300,376.9100,-31.41,-33.41
2023-07-26,short,12:30,13:30,376.2100,376.3200,-2.92,-4.92
2023-07-26,short,14:00,14:30,376.1800,376.2850,-2.79,-4.79
2023-07-28,long,10:00,16:00,382.0300,383.4800,37.96,35.96
2023-08-02,short,10:00,16:00,377.6900,374.3900,87.37,85.37
2023-08-04,long,12:30,13:00,377.6400,377.7400,2.65,0.65
2023-08-08,short,10:00,13:30,370.5900,370.3800,5.67,3.67
2023-08-09,short,10:00,13:30,370.3400,369.5000,22.68,20.68
2023-08-10,long,10:00,11:00,373.9300,371.7600,-58.03,-60.03
2023-08-14,long,11:00,16:00,369.3900,370.3500,25.99,23.99
2023-08-15,short,10:30,11:30,367.2000,368.0600,-23.42,-25.42
2023-08-15,short,15:30,16:00,366.0500,366.4600,-11.20,-13.20
2023-08-16,short,15:30,16:00,363.1400,362.5400,16.52,14.52
2023-08-17,short,14:30,16:00,360.7000,358.5800,58.77,56.77
2023-08-21,long,10:00,10:30,362.1700,360.1700,-55.22,-57.22
2023-08-21,long,13:00,16:00,361.8699,363.9000,56.10,54.10
2023-08-23,long,10:00,16:00,366.6000,369.1100,68.47,66.47
2023-08-24,short,10:30,16:00,366.3100,361.2200,138.95,136.95
2023-08-25,short,11:00,11:30,358.7500,361.1910,-68.04,-70.04
2023-08-29,long,10:00,16:00,368.5200,374.7600,169.33,167.33
2023-08-31,long,10:00,11:00,378.7700,379.1310,9.53,7.53
2023-09-06,short,10:30,14:30,374.5300,374.1400,10.41,8.41
2023-09-08,long,10:30,11:00,374.5100,372.6000,-51.00,-53.00
2023-09-15,short,10:00,16:00,373.6500,370.8100,76.01,74.01
2023-09-19,short,11:00,11:30,366.9200,367.5900,-18.26,-20.26
2023-09-20,short,15:30,16:00,367.0000,364.5400,67.03,65.03
2023-09-21,short,10:00,10:30,359.4700,360.3200,-23.65,-25.65
2023-09-21,short,15:30,16:00,358.6000,357.8600,20.64,18.64
2023-09-22,long,11:00,12:00,361.3900,360.6000,-21.86,-23.86
2023-09-26,short,10:00,11:00,355.7200,355.6900,0.84,-1.16
2023-09-26,short,11:30,12:30,354.7200,355.6305,-25.67,-27.67
2023-09-26,short,13:30,16:00,354.9800,354.2100,21.69,19.69
2023-09-27,short,13:30,14:30,352.0999,353.4700,-38.91,-40.91
2023-09-28,long,11:30,16:00,357.3200,358.0100,19.31,17.31
2023-10-02,long,10:00,10:30,359.6500,359.9700,8.90,6.90
2023-10-02,long,11:30,12:00,362.5350,359.6400,-79.85,-81.85
2023-10-03,short,10:30,16:00,356.3000,354.9200,38.73,36.73
2023-10-04,long,10:00,10:30,356.9300,355.4200,-42.31,-44.31
2023-10-04,long,12:00,13:30,359.1700,357.7100,-40.65,-42.65
2023-10-04,long,15:00,16:00,358.5700,359.7500,32.91,30.91
2023-10-05,short,10:00,12:30,358.0100,357.6400,10.33,8.33
2023-10-06,long,12:00,16:00,363.1500,364.7300,43.51,41.51
2023-10-10,long,10:30,13:30,369.0500,369.0300,-0.54,-2.54
2023-10-13,short,11:00,16:00,367.1700,365.2800,51.47,49.47
2023-10-16,long,10:00,12:00,367.8800,368.9000,27.73,25.73
2023-10-16,long,15:00,16:00,370.0500,369.4100,-17.29,-19.29
2023-10-17,short,10:00,10:30,364.4000,366.8700,-67.78,-69.78
2023-10-19,short,15:00,15:30,360.1350,360.2300,-2.64,-4.64
2023-10-20,short,10:30,13:00,357.1000,357.3300,-6.44,-8.44
2023-10-20,short,14:30,16:00,355.7400,354.6000,32.05,30.05
2023-10-23,long,12:30,14:30,357.6000,357.5700,-0.84,-2.84
2023-10-24,long,10:00,11:00,358.6800,359.1500,13.10,11.10
2023-10-25,short,10:00,16:00,354.5300,350.3200,118.75,116.75
2023-10-26,short,10:00,11:00,346.9599,347.4900,-15.28,-17.28
2023-10-26,short,11:30,15:00,345.1900,346.6500,-42.30,-44.30
2023-10-26,short,15:30,16:00,345.3600,343.6600,49.22,47.22
2023-10-30,long,10:00,10:30,349.9150,347.2900,-75.02,-77.02
2023-10-31,short,10:00,10:30,347.3100,348.6800,-39.45,-41.45
2023-11-01,long,10:30,11:30,354.3900,353.3900,-28.22,-30.22
2023-11-01,long,15:00,16:00,355.0700,356.9600,53.23,51.23
2023-11-03,long,10:00,10:30,366.5500,365.3600,-32.46,-34.46
2023-11-03,long,12:00,16:00,366.9800,367.7100,19.89,17.89
2023-11-07,long,10:30,12:30,371.7900,372.0000,5.65,3.65
2023-11-07,long,13:00,15:00,372.6300,372.9600,8.86,6.86
2023-11-09,short,15:00,16:00,370.1800,370.0800,2.70,0.70
2023-11-10,long,10:00,10:30,373.0200,371.9800,-27.88,-29.88
2023-11-10,long,11:30,16:00,374.4500,378.3900,105.22,103.22
2023-11-14,long,10:00,11:30,384.8900,385.0900,5.20,3.20
2023-11-20,long,10:00,10:30,388.5000,387.6400,-22.14,-24.14
2023-11-20,long,11:00,16:00,388.5900,390.7400,55.33,53.33
2023-11-21,short,10:30,12:00,386.9500,387.7800,-21.45,-23.45
2023-11-29,long,10:00,10:30,393.8300,391.7600,-52.56,-54.56
2023-11-30,short,10:00,16:00,388.7500,388.8800,-3.34,-5.34
2023-12-01,short,10:30,11:00,386.4600,387.3077,-21.93,-23.93
2023-12-04,short,10:30,12:00,383.4200,385.2000,-46.42,-48.42
2023-12-05,long,11:00,11:30,388.2800,386.4700,-46.62,-48.62
2023-12-06,short,15:30,16:00,385.3100,385.0500,6.75,4.75
2023-12-07,long,10:30,11:30,389.4800,388.9200,-14.38,-16.38
2023-12-07,long,12:00,16:00,390.2900,390.4300,3.59,1.59
2023-12-08,long,10:30,11:30,392.1700,391.0700,-28.05,-30.05
2023-12-08,long,15:00,15:30,392.5100,392.3800,-3.31,-5.31
2023-12-11,long,10:00,10:30,393.7300,393.3800,-8.89,-10.89
2023-12-11,long,11:00,11:30,394.1300,393.5400,-14.97,-16.97
2023-12-11,long,12:30,16:00,394.4000,395.5200,28.40,26.40
2023-12-12,long,14:00,14:30,397.6300,397.7100,2.01,0.01
2023-12-12,long,15:00,16:00,398.0700,398.6700,15.07,13.07
2023-12-13,long,15:00,16:00,403.5400,403.7400,4.96,2.96
2023-12-14,short,14:00,14:30,401.2900,402.6600,-34.14,-36.14
2023-12-15,long,10:30,11:00,405.9900,405.8800,-2.71,-4.71
2023-12-15,long,11:30,12:00,406.2900,405.9800,-7.63,-9.63
2023-12-20,short,15:00,16:00,404.8750,403.0800,44.33,42.33
2023-12-29,short,11:00,14:00,409.5200,409.6250,-2.56,-4.56
2024-01-02,short,10:00,11:30,403.5750,403.5500,0.62,-1.38
2024-01-02,short,13:00,16:00,402.5900,402.5900,-0.00,-2.00
2024-01-03,short,12:00,12:30,398.8500,399.2500,-10.03,-12.03
2024-01-05,long,10:30,11:30,398.6000,398.1300,-11.79,-13.79
2024-01-08,long,10:00,16:00,400.8150,404.9500,103.16,101.16
2024-01-10,long,13:00,13:30,407.8000,407.6400,-3.92,-5.92
2024-01-10,long,14:00,16:00,408.1250,408.5000,9.19,7.19
2024-01-11,short,11:00,13:30,406.7000,407.4500,-18.44,-20.44
2024-01-17,short,10:00,10:30,403.3500,404.4000,-26.03,-28.03
2024-01-18,long,11:30,12:00,412.6000,412.4200,-4.36,-6.36
2024-01-18,long,14:30,16:00,412.7700,412.9900,5.33,3.33
2024-01-19,long,12:30,16:00,417.5200,421.1800,87.66,85.66
2024-01-24,long,13:00,13:30,429.6700,429.0600,-14.20,-16.20
2024-01-29,long,15:30,16:00,428.0500,428.1500,2.34,0.34
2024-01-30,short,12:30,13:30,425.3200,425.5600,-5.64,-7.64
2024-01-30,short,14:00,14:30,424.9300,425.2400,-7.30,-9.30
2024-01-31,short,10:00,12:30,420.1500,419.8550,7.02,5.02
2024-01-31,short,15:30,16:00,418.4100,416.9700,34.42,32.42
2024-02-01,long,10:30,11:00,420.3200,418.0350,-54.36,-56.36
2024-02-01,long,13:00,16:00,420.7000,421.8800,28.05,26.05
2024-02-02,long,10:00,16:00,425.8000,429.1700,79.15,77.15
2024-02-05,short,10:30,12:00,426.7400,427.5500,-18.98,-20.98
2024-02-06,short,10:00,11:00,427.4900,427.0700,9.82,7.82
2024-02-06,short,12:00,14:00,425.8400,426.9000,-24.89,-26.89
2024-02-06,short,14:30,15:00,426.0200,427.0200,-23.47,-25.47
2024-02-07,long,10:30,11:00,432.6100,431.8300,-18.03,-20.03
2024-02-07,long,12:00,12:30,432.0921,431.4700,-14.40,-16.40
2024-02-07,long,14:00,14:30,432.2800,432.0100,-6.25,-8.25
2024-02-09,long,10:00,16:00,434.7250,437.0500,53.48,51.48
2024-02-12,long,11:30,12:30,438.4900,438.0900,-9.12,-11.12
2024-02-12,short,15:00,15:30,435.0100,435.5700,-12.87,-14.87
2024-02-15,short,10:00,10:30,432.1800,432.2700,-2.08,-4.08
2024-02-16,short,10:00,11:00,431.1800,432.0400,-19.95,-21.95
2024-02-16,short,15:00,16:00,431.6500,430.5700,25.02,23.02
2024-02-20,short,10:00,11:00,426.1400,426.4500,-7.27,-9.27
2024-02-20,short,12:00,15:00,424.7700,426.3400,-36.96,-38.96
2024-02-21,short,14:30,15:30,422.5400,422.7800,-5.68,-7.68
2024-02-22,long,12:30,16:00,436.7400,438.0700,30.45,28.45
2024-03-01,long,10:30,16:00,441.9200,445.6100,83.50,81.50
2024-03-05,short,10:00,16:00,438.7400,436.0500,61.31,59.31
2024-03-07,long,11:00,16:00,444.0550,445.4500,31.42,29.42
2024-03-08,long,10:00,11:30,447.4700,442.8600,-103.02,-105.02
2024-03-08,short,11:30,16:00,442.8600,439.0200,86.71,84.71
2024-03-11,short,10:00,10:30,435.6900,436.4000,-16.30,-18.30
2024-03-12,long,11:00,13:00,442.3600,440.8200,-34.81,-36.81
2024-03-12,long,14:30,16:00,442.9100,443.6600,16.93,14.93
2024-03-13,short,10:00,13:00,440.5200,440.7600,-5.45,-7.45
2024-03-13,short,15:30,16:00,439.8300,440.2500,-9.55,-11.55
2024-03-14,short,10:00,10:30,438.2400,440.0300,-40.85,-42.85
2024-03-14,short,15:30,16:00,437.1400,439.1800,-46.67,-48.67
2024-03-15,short,12:00,14:00,434.1000,434.5300,-9.91,-11.91
2024-03-15,short,14:30,15:00,433.9200,434.5600,-14.75,-16.75
2024-03-18,long,10:30,11:30,440.8300,439.6100,-27.68,-29.68
2024-03-20,long,15:30,16:00,443.8300,443.7700,-1.35,-3.35
2024-04-01,long,10:00,10:30,447.0300,445.8300,-26.84,-28.84
2024-04-02,short,11:00,11:30,438.3900,439.6100,-27.83,-29.83
2024-04-03,long,10:30,15:00,443.0100,442.7100,-6.77,-8.77
2024-04-04,short,15:00,16:00,438.8400,435.3400,79.76,77.76
2024-04-05,long,10:00,14:30,438.4700,440.2300,40.14,38.14
2024-04-05,long,15:30,16:00,440.3400,440.4900,3.41,1.41
2024-04-09,short,11:00,12:00,438.7800,439.8300,-23.93,-25.93
2024-04-11,long,13:30,16:00,443.7500,445.3700,36.51,34.51
2024-04-12,short,11:00,11:30,438.7900,440.3800,-36.24,-38.24
2024-04-12,short,12:30,16:00,438.8600,438.2700,13.44,11.44
2024-04-15,short,13:30,16:00,432.8100,431.0600,40.43,38.43
2024-04-17,short,11:30,16:00,428.5200,425.8400,62.54,60.54
2024-04-19,short,10:30,16:00,419.3600,414.6500,112.31,110.31
2024-04-23,long,10:00,16:00,422.5400,425.3550,66.62,64.62
2024-04-26,long,10:00,14:30,429.8200,431.3200,34.90,32.90
2024-04-26,long,15:30,16:00,432.2100,431.0000,-28.00,-30.00
2024-04-30,short,13:00,13:30,427.9900,427.8000,4.44,2.44
2024-05-01,long,15:00,15:30,429.1600,428.3500,-18.87,-20.87
2024-05-10,long,10:00,10:30,443.8000,441.5500,-50.70,-52.70
2024-05-14,long,10:30,11:00,444.8200,444.2100,-13.71,-15.71
2024-05-14,long,11:30,12:00,444.6950,443.7650,-20.91,-22.91
2024-05-14,long,14:30,16:00,445.1400,445.9300,17.75,15.75
2024-05-15,long,11:00,16:00,449.9100,452.9000,66.46,64.46
2024-05-16,long,11:00,11:30,454.4095,454.3300,-1.75,-3.75
2024-05-17,short,14:30,15:00,450.1500,451.2950,-25.44,-27.44
2024-05-20,long,10:00,16:00,454.5200,454.9100,8.58,6.58
2024-05-22,short,14:30,15:00,453.2500,454.1600,-20.08,-22.08
2024-05-23,short,14:00,16:00,454.1000,453.6900,9.03,7.03
2024-05-24,long,10:30,16:00,457.0379,457.9500,19.96,17.96
2024-05-30,short,11:00,13:30,452.9200,454.3400,-31.35,-33.35
2024-05-30,short,15:00,16:00,453.2100,451.5500,36.63,34.63
2024-05-31,short,10:00,15:30,450.3500,447.1000,72.17,70.17
2024-06-03,short,12:30,13:30,449.5200,450.1900,-14.90,-16.90
2024-06-05,long,11:30,16:00,460.7700,463.5300,59.90,57.90
2024-06-12,long,10:00,12:30,474.1400,474.3500,4.43,2.43
2024-06-12,long,13:00,14:30,474.5700,475.0600,10.33,8.33
2024-06-14,long,10:00,10:30,478.0200,477.7200,-6.28,-8.28
2024-06-17,long,12:30,16:00,482.4500,485.0600,54.10,52.10
2024-06-20,short,12:30,16:00,482.0750,481.4700,12.55,10.55
2024-06-21,short,10:00,11:00,479.6200,481.0100,-28.98,-30.98
2024-06-24,short,13:30,15:00,475.7100,475.7650,-1.16,-3.16
2024-06-25,long,10:30,11:00,477.2600,476.9300,-6.91,-8.91
2024-06-25,long,11:30,13:00,478.5000,477.1000,-29.26,-31.26
2024-06-25,long,14:30,16:00,479.2600,479.3800,2.50,0.50
2024-06-27,long,10:00,11:00,481.7500,481.0600,-14.32,-16.32
2024-06-28,long,10:00,11:00,484.2400,484.0700,-3.51,-5.51
2024-07-01,short,10:00,10:30,478.1200,479.2400,-23.43,-25.43
2024-07-02,long,11:00,12:30,483.4700,483.3400,-2.69,-4.69
2024-07-02,long,13:00,16:00,483.8757,486.9800,64.15,62.15
2024-07-03,long,11:00,13:01,488.5700,491.0400,50.56,48.56
2024-07-05,long,10:00,16:00,493.6600,496.1600,50.64,48.64
2024-07-10,long,13:00,16:00,501.8300,502.9600,22.52,20.52
2024-07-11,short,10:30,16:00,498.1750,491.9300,125.36,123.36
2024-07-12,long,10:00,16:00,494.9100,494.8200,-1.82,-3.82
2024-07-15,long,10:30,12:00,498.3200,498.7200,8.03,6.03
2024-07-16,short,12:30,13:00,493.6790,495.0800,-28.38,-30.38
2024-07-17,short,10:30,16:00,485.1400,481.7700,69.46,67.46
2024-07-18,short,11:30,13:00,477.7400,479.9500,-46.26,-48.26
2024-07-18,short,14:30,16:00,478.4200,479.4900,-22.37,-24.37
2024-07-19,short,11:30,12:00,476.2400,477.8300,-33.39,-35.39
2024-07-19,short,13:00,14:00,475.7600,475.5700,3.99,1.99
2024-07-19,short,14:30,15:30,474.9700,476.6700,-35.79,-37.79
2024-07-24,short,10:00,16:00,470.8100,463.3800,157.81,155.81
2024-07-25,short,10:00,10:30,459.1900,460.3700,-25.70,-27.70
2024-07-29,long,10:00,10:30,467.4500,465.9400,-32.30,-34.30
2024-07-30,short,11:00,16:00,461.4200,457.5300,84.30,82.30
2024-07-31,long,15:00,15:30,472.3900,469.5600,-59.91,-61.91
2024-08-01,long,10:00,10:30,474.6200,469.9200,-99.03,-101.03
2024-08-01,short,11:00,16:00,467.3600,459.6600,164.76,162.76
2024-08-02,short,10:00,12:00,449.0900,449.5600,-10.47,-12.47
2024-08-02,short,13:30,14:30,446.8700,448.5400,-37.37,-39.37
2024-08-06,long,11:00,11:30,442.7000,439.9200,-62.80,-64.80
2024-08-06,long,12:00,16:00,443.6900,439.5300,-93.76,-95.76
2024-08-08,long,10:30,13:00,444.7900,445.4200,14.16,12.16
2024-08-08,long,13:30,16:00,447.5700,448.0700,11.17,9.17
2024-08-13,long,13:00,16:00,461.8800,462.5800,15.16,13.16
2024-08-15,long,10:00,11:00,471.3700,471.8300,9.76,7.76
2024-08-15,long,12:00,13:00,472.9500,473.2300,5.92,3.92
2024-08-15,long,15:30,16:00,474.2800,474.4200,2.95,0.95
2024-08-22,short,12:00,12:30,477.9500,480.4500,-52.31,-54.31
2024-08-22,short,13:00,13:30,477.8650,477.8900,-0.52,-2.52
2024-08-22,short,14:00,16:00,475.4500,474.8500,12.62,10.62
2024-08-23,long,10:30,11:00,482.2600,478.3500,-81.08,-83.08
2024-08-26,short,10:30,13:00,475.9100,475.9700,-1.26,-3.26
2024-08-26,short,13:30,15:00,475.4000,475.8900,-10.31,-12.31
2024-08-26,short,15:30,16:00,475.1700,475.3400,-3.58,-5.58
2024-08-28,short,10:00,10:30,474.6600,475.1600,-10.53,-12.53
2024-08-28,short,11:00,15:00,472.1499,471.5300,13.13,11.13
2024-08-29,long,10:00,13:30,476.8200,476.1400,-14.26,-16.26
2024-09-03,short,10:00,16:00,470.6000,461.8100,186.78,184.78
2024-09-05,long,10:00,11:00,463.0400,461.3620,-36.24,-38.24
2024-09-06,short,10:00,16:00,455.8800,448.6900,157.72,155.72
2024-09-11,short,10:30,12:00,453.8900,457.1500,-71.82,-73.82
2024-09-11,long,14:30,16:00,465.1499,468.4600,71.16,69.16
2024-09-12,long,14:00,16:00,473.6400,473.2200,-8.87,-10.87
2024-09-20,short,11:30,12:00,479.4200,481.0500,-34.00,-36.00
2024-09-25,long,10:00,10:30,486.8900,486.7100,-3.70,-5.70
2024-09-27,short,12:00,13:00,487.0600,487.7101,-13.35,-15.35
2024-09-27,short,13:30,14:00,487.0200,488.1300,-22.79,-24.79
2024-09-27,short,14:30,16:00,486.2600,486.7500,-10.08,-12.08
2024-10-01,short,10:00,14:00,482.7400,481.6300,22.99,20.99
2024-10-07,short,15:00,16:00,481.3600,482.1000,-15.37,-17.37
2024-10-08,long,11:00,16:00,487.8700,489.3000,29.31,27.31
2024-10-09,long,12:00,16:00,492.8400,493.1500,6.29,4.29
2024-10-14,long,10:00,10:30,498.6300,497.9650,-13.34,-15.34
2024-10-15,short,10:30,16:00,494.9400,490.8100,83.44,81.44
2024-10-16,short,10:00,10:30,487.9700,490.6000,-53.90,-55.90
2024-10-23,short,11:30,12:00,490.5500,491.7200,-23.85,-25.85
2024-10-23,short,12:30,16:00,489.3599,488.3600,20.43,18.43
2024-10-25,long,10:00,12:00,498.9300,498.2600,-13.43,-15.43
2024-10-25,long,12:30,13:30,499.2210,496.9400,-45.69,-47.69
2024-10-29,long,11:00,11:30,497.8500,497.7900,-1.21,-3.21
2024-10-29,long,12:00,16:00,498.3800,500.1600,35.72,33.72
2024-10-31,short,10:00,16:00,487.6000,483.8700,76.50,74.50
2024-11-01,long,10:00,14:00,487.8900,487.6500,-4.92,-6.92
2024-11-05,long,10:00,16:00,490.8800,492.2100,27.09,25.09
2024-11-06,long,10:30,11:00,503.2000,501.4300,-35.17,-37.17
2024-11-06,long,12:00,16:00,503.1800,505.5800,47.70,45.70
2024-11-07,long,10:00,16:00,510.8800,513.5400,52.07,50.07
2024-11-12,short,13:00,13:30,510.0800,511.3800,-25.49,-27.49
2024-11-14,short,15:30,16:00,509.0550,508.6900,7.17,5.17
2024-11-15,short,10:00,16:00,501.3400,496.5700,95.15,93.15
2024-11-18,long,10:30,12:00,500.4100,500.7151,6.10,4.10
2024-11-19,long,14:00,14:30,503.7700,502.8699,-17.87,-19.87
2024-11-20,short,10:00,11:00,499.9000,500.1300,-4.60,-6.60
2024-11-20,short,11:30,12:00,498.6900,501.6200,-58.75,-60.75
2024-11-20,short,13:00,13:30,499.6900,500.1200,-8.61,-10.61
2024-11-20,short,14:00,15:30,499.2220,500.8600,-32.81,-34.81
2024-11-21,short,10:00,11:00,501.3100,502.2200,-18.15,-20.15
2024-11-27,short,10:00,14:00,506.3800,505.1900,23.50,21.50
2024-11-29,long,10:00,13:01,507.9500,509.7400,35.24,33.24
2024-12-02,long,10:00,16:00,513.6800,515.2900,31.34,29.34
2024-12-06,long,10:00,13:00,525.2800,525.5400,4.95,2.95
2024-12-06,long,13:30,16:00,526.5000,526.4800,-0.38,-2.38
2024-12-09,short,11:00,11:30,522.9300,522.9100,0.38,-1.62
2024-12-09,short,12:30,13:30,522.7700,523.2400,-8.99,-10.99
2024-12-09,short,14:30,16:00,522.4724,522.3800,1.77,-0.23
2024-12-11,long,10:00,10:30,527.5600,527.4550,-1.99,-3.99
2024-12-11,long,11:00,16:00,527.6200,529.9200,43.59,41.59
2024-12-13,long,10:00,10:30,532.5200,530.6300,-35.49,-37.49
2024-12-16,long,10:00,16:00,534.8500,538.1700,62.07,60.07
2024-12-17,short,10:30,11:00,534.2100,535.6100,-26.21,-28.21
2024-12-18,short,14:30,16:00,530.4010,516.4700,262.65,260.65
2024-12-20,long,10:30,16:00,516.4600,518.6600,42.60,40.60
2024-12-23,long,14:00,14:30,522.4800,522.8600,7.27,5.27
2024-12-24,long,10:00,13:01,526.6700,529.9600,62.47,60.47
2024-12-27,short,10:00,11:30,522.6300,521.3450,24.59,22.59
2024-12-27,short,12:00,14:00,519.1100,521.7800,-51.43,-53.43
2024-12-30,short,10:00,11:00,512.6200,514.6900,-40.38,-42.38
2024-12-31,short,13:30,15:00,511.1700,512.3300,-22.69,-24.69
2025-01-02,short,13:30,14:30,507.6200,508.6600,-20.49,-22.49
2025-01-03,long,10:00,10:30,515.4000,514.2900,-21.54,-23.54
2025-01-03,long,11:30,12:30,516.4400,517.0200,11.23,9.23
2025-01-03,long,13:00,16:00,517.4800,518.5800,21.26,19.26
2025-01-06,long,10:00,12:00,526.0800,526.9000,15.59,13.59
2025-01-07,short,10:30,16:00,520.4101,515.1800,100.50,98.50
2025-01-10,short,10:00,10:30,508.2600,507.6400,12.20,10.20
2025-01-10,short,11:00,13:00,506.6900,507.7100,-20.13,-22.13
2025-01-15,long,10:00,11:00,514.8700,514.7200,-2.91,-4.91
2025-01-15,long,14:30,16:00,516.9900,516.4800,-9.86,-11.86
2025-01-22,long,10:00,10:30,531.9200,531.8700,-0.94,-2.94
2025-01-22,long,11:30,13:00,532.8000,532.9500,2.82,0.82
2025-01-24,short,14:00,16:00,528.7200,529.6300,-17.21,-19.21
2025-01-28,long,10:30,16:00,519.2200,521.8700,51.04,49.04
2025-01-29,short,14:30,15:00,517.6600,520.9900,-64.33,-66.33
2025-01-31,long,10:00,13:30,529.1500,527.9199,-23.25,-25.25
2025-02-04,long,10:00,12:30,521.9700,522.0000,0.57,-1.43
2025-02-04,long,13:00,16:00,523.4000,524.4700,20.44,18.44
2025-02-07,short,10:30,16:00,526.7700,522.9100,73.28,71.28
2025-02-13,long,11:00,12:00,534.0775,532.2600,-34.03,-36.03
2025-02-13,long,15:00,16:00,534.5300,535.9000,25.63,23.63
2025-02-20,short,10:00,10:30,533.8500,535.7500,-35.59,-37.59
2025-02-20,short,11:00,12:30,533.4599,535.5700,-39.55,-41.55
2025-02-20,short,13:00,14:00,534.6200,535.2900,-12.53,-14.53
2025-02-21,short,10:30,16:00,534.0200,526.1200,147.93,145.93
2025-02-24,short,10:00,11:30,523.3400,524.0500,-13.57,-15.57
2025-02-25,short,10:00,12:00,516.0000,513.7750,43.12,41.12
2025-02-25,short,14:30,15:00,512.9000,514.5600,-32.36,-34.36
2025-02-26,long,11:30,12:00,518.6400,518.2700,-7.13,-9.13
2025-02-26,long,12:30,13:00,518.9950,515.8300,-60.98,-62.98
2025-02-27,short,10:00,10:30,510.0300,512.9300,-56.86,-58.86
2025-02-27,short,11:00,13:30,510.3600,512.2650,-37.33,-39.33
2025-02-27,short,14:30,16:00,507.4100,500.2700,140.71,138.71
2025-02-28,long,10:30,11:30,504.1900,501.2700,-57.91,-59.91
2025-03-03,short,13:30,16:00,502.5000,497.3000,103.48,101.48
2025-03-04,short,10:00,11:00,491.5500,490.6900,17.50,15.50
2025-03-04,short,11:30,12:00,489.3800,493.1580,-77.20,-79.20
2025-03-05,long,13:00,13:30,499.8500,498.2650,-31.71,-33.71
2025-03-05,long,14:00,16:00,500.3700,502.0100,32.78,30.78
2025-03-06,short,12:30,15:30,489.9800,488.7000,26.12,24.12
2025-03-07,short,11:30,13:00,483.1800,485.0000,-37.67,-39.67
2025-03-10,short,10:30,16:00,478.3100,472.7300,116.66,114.66
2025-03-11,short,13:30,14:00,467.1600,470.0100,-61.01,-63.01
2025-03-13,short,10:00,10:30,471.1300,473.8700,-58.16,-60.16
2025-03-13,short,11:30,15:00,470.9300,471.1000,-3.61,-5.61
2025-03-13,short,15:30,16:00,468.6200,468.3400,5.97,3.97
2025-03-14,long,11:30,14:00,478.1500,477.8000,-7.32,-9.32
2025-03-18,short,10:00,12:30,474.0200,475.8100,-37.76,-39.76
2025-03-18,short,13:30,14:00,474.7000,474.9550,-5.37,-7.37
2025-03-26,short,10:00,16:00,489.3800,484.3800,102.17,100.17
2025-03-28,short,10:30,16:00,473.2300,468.9400,90.65,88.65
2025-04-01,long,12:00,12:30,472.4000,471.6000,-16.93,-18.93
2025-04-02,long,12:30,14:00,476.6500,476.0400,-12.80,-14.80
2025-04-03,short,11:00,11:30,452.6400,453.9900,-29.83,-31.83
2025-04-03,short,15:30,16:00,451.7000,450.7100,21.92,19.92
2025-04-04,short,10:30,16:00,432.3700,422.6700,224.34,222.34
2025-04-07,long,14:00,14:30,429.2600,424.9000,-101.57,-103.57
2025-04-08,long,10:00,10:30,440.5300,441.3900,19.52,17.52
2025-04-08,short,15:30,16:00,416.9500,416.0600,21.35,19.35
2025-04-09,long,10:00,11:00,421.3100,415.8600,-129.36,-131.36
2025-04-09,long,11:30,12:00,420.0600,418.1800,-44.76,-46.76
2025-04-09,long,12:30,16:00,421.4550,466.0000,1056.93,1054.93
2025-04-10,short,10:00,10:30,450.5100,450.1600,7.77,5.77
2025-04-10,short,11:00,14:00,448.7000,445.6800,67.31,65.31
2025-04-11,long,13:00,13:30,452.4400,450.2500,-48.40,-50.40
2025-04-21,short,10:00,14:30,434.9600,429.1950,132.54,130.54
2025-04-21,short,15:00,15:30,428.1200,429.7700,-38.54,-40.54
2025-04-22,long,11:00,13:30,443.4164,441.4400,-44.57,-46.57
2025-04-24,long,10:00,14:00,460.7700,465.8800,110.90,108.90
2025-04-24,long,15:00,15:30,466.5200,465.2700,-26.79,-28.79
2025-04-28,short,11:30,12:00,467.4540,468.0900,-13.61,-15.61
2025-04-30,short,10:00,10:30,462.6700,467.3800,-101.80,-103.80
2025-05-08,long,13:00,13:30,492.5400,491.8100,-14.82,-16.82
2025-05-13,long,10:00,16:00,512.1200,515.5900,67.76,65.76
2025-05-21,short,15:30,16:00,511.8300,513.0600,-24.03,-26.03
2025-05-22,long,10:00,10:30,516.5200,515.2100,-25.36,-27.36
2025-05-22,long,14:00,16:00,516.6300,514.0000,-50.91,-52.91
2025-05-27,long,10:30,11:00,518.8600,518.4900,-7.13,-9.13
2025-05-27,long,11:30,16:00,519.3200,521.2200,36.59,34.59
2025-05-30,short,10:00,10:30,516.4600,519.4900,-58.67,-60.67
2025-05-30,short,12:30,14:30,514.4300,516.9800,-49.57,-51.57
2025-06-02,long,14:30,16:00,522.5900,523.2100,11.86,9.86
2025-06-03,long,11:00,12:00,526.3500,526.9200,10.83,8.83
2025-06-03,long,12:30,16:00,527.5200,527.3000,-4.17,-6.17
2025-06-05,long,11:30,12:00,532.7800,532.7800,0.00,-2.00
2025-06-05,short,15:30,16:00,524.4300,524.7900,-6.86,-8.86
2025-06-16,long,10:00,16:00,533.7400,534.2700,9.93,7.93
2025-06-17,short,14:30,15:00,528.5500,529.5600,-19.11,-21.11
2025-06-18,long,10:30,11:30,531.9850,531.4200,-10.62,-12.62
2025-06-20,short,11:00,12:30,526.1100,527.2100,-20.91,-22.91
2025-06-20,short,13:30,14:00,525.6000,526.6200,-19.41,-21.41
2025-06-20,short,15:00,16:00,526.0750,526.6700,-11.31,-13.31
2025-06-23,long,10:00,12:00,528.1700,528.4630,5.55,3.55
2025-06-23,long,13:30,16:00,530.3600,531.7200,25.64,23.64
2025-06-24,long,11:30,12:00,538.9700,538.6900,-5.20,-7.20
2025-06-24,long,12:30,16:00,539.3800,539.7400,6.67,4.67
2025-06-26,long,14:30,15:00,546.2300,546.0550,-3.20,-5.20
2025-06-27,long,10:00,11:00,548.6000,548.4600,-2.55,-4.55
2025-06-27,long,11:30,13:30,549.2600,548.7600,-9.10,-11.10
2025-07-01,short,11:00,13:30,546.9100,547.8100,-16.46,-18.46
2025-07-02,long,10:30,16:00,549.4500,550.8000,24.57,22.57
2025-07-03,long,10:00,13:01,554.7400,556.2200,26.68,24.68
2025-07-07,short,14:30,15:00,549.7100,551.8700,-39.29,-41.29
2025-07-09,long,10:00,10:30,557.0300,556.1400,-15.98,-17.98
2025-07-10,short,10:00,11:30,554.1600,555.0600,-16.24,-18.24
2025-07-14,long,13:00,16:00,556.1700,556.2100,0.72,-1.28
2025-07-16,short,10:00,10:30,554.7800,555.6600,-15.86,-17.86
2025-07-16,short,11:30,12:00,555.0400,555.2700,-4.14,-6.14
2025-07-17,long,11:00,16:00,560.2700,561.8000,27.31,25.31
2025-07-21,long,10:00,15:30,564.9300,564.7450,-3.27,-5.27
2025-07-22,short,10:00,11:00,559.3400,561.3600,-36.11,-38.11
2025-07-22,short,12:30,13:30,560.1000,561.8200,-30.71,-32.71
2025-07-25,long,12:30,15:30,567.4000,566.8050,-10.49,-12.49
2025-07-31,short,14:00,14:30,565.8900,566.5800,-12.19,-14.19
2025-07-31,short,15:30,16:00,565.6100,565.0100,10.61,8.61
2025-08-01,short,10:00,10:30,553.7300,556.3800,-47.86,-49.86
2025-08-01,short,11:00,12:00,555.0300,556.9200,-34.05,-36.05
2025-08-01,short,13:00,16:00,553.8300,553.8800,-0.90,-2.90
2025-08-04,long,10:00,16:00,562.7700,564.1000,23.63,21.63
2025-08-05,short,11:00,12:30,561.3500,561.7300,-6.77,-8.77
2025-08-05,short,13:00,13:30,561.3100,562.0600,-13.36,-15.36
2025-08-05,short,14:30,16:00,561.3000,560.2700,18.35,16.35
2025-08-06,long,11:00,16:00,563.8400,567.3200,61.72,59.72
2025-08-08,long,10:00,13:30,572.8500,573.2750,7.42,5.42
2025-08-08,long,14:00,16:00,574.2300,574.5500,5.57,3.57
2025-08-12,long,11:30,16:00,577.5600,580.0500,43.11,41.11
2025-08-15,short,10:00,10:30,577.2000,578.4900,-22.35,-24.35
2025-08-15,short,11:00,13:00,577.1300,577.5800,-7.80,-9.80
2025-08-19,short,10:00,16:00,574.3300,569.2800,87.93,85.93
2025-08-20,short,10:00,11:30,562.1800,563.4350,-22.32,-24.32
2025-08-20,short,12:00,12:30,562.1300,565.2000,-54.61,-56.61
2025-08-22,long,10:30,16:00,571.7100,571.9700,4.55,2.55
2025-08-28,long,12:30,13:00,576.8100,576.2600,-9.54,-11.54
2025-08-28,long,14:00,16:00,577.1000,577.0800,-0.35,-2.35
2025-08-29,short,10:00,16:00,571.4600,570.4000,18.55,16.55
2025-09-04,long,15:00,16:00,574.1058,575.2300,19.58,17.58
2025-09-15,long,10:00,11:00,590.4400,590.4700,0.51,-1.49
2025-09-15,long,11:30,13:30,590.2700,590.3000,0.51,-1.49
2025-09-15,long,14:00,14:30,591.0900,590.5300,-9.47,-11.47
2025-09-17,short,10:30,14:00,589.0900,589.4880,-6.76,-8.76
2025-09-17,short,15:00,15:30,587.9400,591.2700,-56.64,-58.64
2025-09-18,long,10:30,11:00,597.4400,596.2100,-20.59,-22.59
2025-09-18,long,11:30,12:00,597.3400,596.2800,-17.75,-19.75
2025-09-18,long,12:30,13:30,597.0800,596.8800,-3.35,-5.35
2025-09-22,long,12:30,16:00,601.5780,602.2000,10.34,8.34
2025-09-23,short,10:00,10:30,600.8900,601.2100,-5.33,-7.33
2025-09-23,short,13:30,16:00,599.1200,598.1710,15.84,13.84
2025-09-24,short,12:00,15:00,594.6000,596.0500,-24.39,-26.39
2025-09-24,short,15:30,16:00,595.6600,596.1000,-7.39,-9.39
2025-09-25,short,10:00,10:30,589.2300,593.2500,-68.22,-70.22
2025-09-29,long,10:00,11:30,601.2600,599.4800,-29.60,-31.60
2025-10-01,long,13:30,16:00,602.5500,603.2500,11.62,9.62
2025-10-03,short,14:00,14:30,602.6100,604.1400,-25.39,-27.39
2025-10-03,short,15:30,16:00,603.3400,603.1800,2.65,0.65
2025-10-07,short,11:30,16:00,605.1800,604.5000,11.24,9.24
2025-10-08,long,10:00,16:00,607.5900,611.4400,63.37,61.37
2025-10-09,short,10:30,11:00,609.6600,609.6400,0.33,-1.67
2025-10-09,short,11:30,12:00,609.0500,609.9300,-14.45,-16.45
2025-10-09,short,13:00,14:00,608.5000,608.7980,-4.90,-6.90
2025-10-09,short,14:30,15:00,608.7300,609.2600,-8.71,-10.71
2025-10-10,short,11:00,16:00,608.4700,589.3350,314.48,312.48
2025-10-13,long,10:00,10:30,601.1400,599.6500,-24.79,-26.79
2025-10-15,long,10:30,11:30,606.4000,605.2200,-19.46,-21.46
2025-10-16,short,14:30,15:00,596.8000,599.2200,-40.55,-42.55
2025-10-16,short,15:30,16:00,597.7000,599.9900,-38.31,-40.31
2025-10-17,long,10:30,11:00,602.0700,598.5500,-58.46,-60.46
2025-10-17,long,14:30,16:00,604.6100,603.9110,-11.56,-13.56
2025-10-20,long,10:00,16:00,609.6500,611.5600,31.33,29.33
2025-10-21,short,10:00,10:30,610.0400,609.7200,5.25,3.25
2025-10-22,short,10:30,16:00,607.4300,605.4900,31.94,29.94
2025-10-23,long,10:00,13:30,608.3800,609.4700,17.92,15.92
2025-10-23,long,14:00,16:00,611.2100,610.5800,-10.31,-12.31
2025-10-30,short,10:30,11:30,629.6200,630.5700,-15.09,-17.09
2025-10-30,short,12:00,12:30,628.9800,631.1900,-35.14,-37.14
2025-11-05,long,10:00,16:00,621.9400,623.3500,22.67,20.67
2025-11-06,short,10:00,14:30,617.8900,615.9500,31.40,29.40
2025-11-06,short,15:30,16:00,614.0600,611.6700,38.92,36.92
2025-11-07,short,10:30,13:30,604.9300,603.8000,18.68,16.68
2025-11-10,long,10:00,11:00,621.2800,618.5900,-43.30,-45.30
2025-11-10,long,15:00,16:00,622.9000,623.2300,5.30,3.30
2025-11-13,short,11:00,16:00,612.3000,608.4000,63.69,61.69
2025-11-14,long,11:30,13:00,612.1200,611.1500,-15.85,-17.85
2025-11-17,short,15:00,16:00,600.4400,603.6600,-53.63,-55.63
2025-11-18,short,10:00,11:30,594.8300,597.8700,-51.11,-53.11
2025-11-18,short,12:30,13:00,595.0800,600.4150,-89.65,-91.65
2025-11-19,long,10:00,11:00,603.8900,600.9050,-49.43,-51.43
2025-11-20,short,12:30,16:00,593.2000,585.6700,126.94,124.94
2025-11-21,long,14:00,15:30,594.0800,591.9300,-36.19,-38.19
2025-11-24,long,10:00,16:00,599.1900,605.1600,99.63,97.63
2025-12-05,long,10:30,11:00,628.1800,625.9300,-35.82,-37.82
2025-12-11,short,10:00,10:30,618.3100,622.7700,-72.13,-74.13
2025-12-11,short,11:00,12:00,621.1344,620.4200,11.50,9.50
2025-12-12,short,10:30,13:30,616.2600,616.7200,-7.46,-9.46
2025-12-12,short,14:00,16:00,615.2450,613.6200,26.41,24.41
2025-12-15,short,10:30,11:00,610.1400,612.1600,-33.11,-35.11
2025-12-17,short,11:00,16:00,604.4800,600.4100,67.33,65.33
2025-12-19,long,10:00,11:00,616.6500,614.8000,-30.00,-32.00
2025-12-19,long,11:30,12:00,616.2100,615.3600,-13.79,-15.79
2025-12-19,long,12:30,16:00,616.9700,617.0500,1.30,-0.70
2025-12-31,short,15:30,16:00,614.8800,614.3100,9.27,7.27
2026-01-02,short,14:00,14:30,610.8377,613.5900,-45.06,-47.06
2026-01-06,long,10:00,11:00,621.9600,620.4300,-24.60,-26.60
2026-01-06,long,14:00,16:00,623.2200,623.6250,6.50,4.50
2026-01-07,long,12:00,13:30,627.3100,626.3800,-14.83,-16.83
2026-01-07,long,14:00,14:30,626.9900,625.6500,-21.37,-23.37
2026-01-08,short,10:00,10:30,618.6000,620.8600,-36.53,-38.53
2026-01-08,short,11:30,12:00,619.0800,620.1900,-17.93,-19.93
2026-01-08,short,12:30,13:00,619.3600,620.4200,-17.11,-19.11
2026-01-08,short,14:00,15:30,619.2300,620.2900,-17.12,-19.12
2026-01-09,long,10:30,16:00,624.7500,626.6950,31.13,29.13
2026-01-13,short,10:30,11:00,624.6200,625.9200,-20.81,-22.81
2026-01-14,short,10:00,15:30,618.5400,617.9400,9.70,7.70
2026-01-21,long,10:00,12:00,612.6000,610.3100,-37.38,-39.38
2026-01-21,long,14:30,16:00,615.0800,616.2800,19.51,17.51
2026-01-23,long,11:00,13:00,624.9500,621.7800,-50.72,-52.72
2026-01-26,long,11:30,15:00,626.9200,626.3300,-9.41,-11.41
2026-01-29,short,10:00,12:30,626.2000,625.6000,9.58,7.58
2026-01-29,short,13:00,13:30,623.7200,625.8000,-33.35,-35.35
2026-01-30,short,13:00,14:00,621.9600,623.4500,-23.96,-25.96
2026-01-30,short,15:30,16:00,619.9100,621.8700,-31.62,-33.62
2026-02-02,long,10:30,15:00,626.5100,626.0300,-7.66,-9.66
2026-02-02,long,15:30,16:00,626.4700,626.1400,-5.27,-7.27
2026-02-03,short,10:00,16:00,620.9800,616.5200,71.82,69.82
2026-02-04,short,10:00,10:30,610.3300,611.7300,-22.94,-24.94
2026-02-04,short,11:00,15:00,609.4100,608.3100,18.05,16.05
2026-02-04,short,15:30,16:00,607.1800,605.7500,23.55,21.55
2026-02-05,short,10:30,11:00,595.5800,596.9600,-23.17,-25.17
2026-02-06,long,11:30,16:00,606.1200,609.6500,58.24,56.24
2026-02-09,long,11:30,15:30,614.7000,614.9200,3.58,1.58
2026-02-12,short,11:00,16:00,606.6300,600.6400,98.74,96.74
2026-02-17,short,10:00,10:30,594.1600,595.1700,-17.00,-19.00
2026-02-18,long,10:00,13:30,605.2500,608.2300,49.24,47.24
2026-02-20,long,11:00,11:30,609.8600,606.4700,-55.59,-57.59
2026-02-20,long,12:00,12:30,609.3600,605.2600,-67.28,-69.28
2026-02-23,short,11:00,11:30,600.8600,601.6600,-13.31,-15.31
2026-02-23,short,12:00,12:30,600.6600,600.8400,-3.00,-5.00
2026-02-23,short,14:30,16:00,600.1700,601.4100,-20.66,-22.66
2026-02-24,long,10:30,11:00,607.3600,606.5100,-13.99,-15.99
2026-02-24,long,12:30,13:00,608.5300,608.1800,-5.75,-7.75
2026-02-25,long,10:00,11:00,615.4700,614.3400,-18.36,-20.36
2026-02-25,long,15:00,15:30,616.1300,616.1100,-0.32,-2.32
2026-02-26,short,10:00,15:00,611.9800,608.7800,52.29,50.29
2026-02-26,short,15:30,16:00,607.9650,609.2400,-20.97,-22.97
2026-03-04,long,10:30,16:00,610.9800,610.7500,-3.76,-5.76
2026-03-09,long,15:30,16:00,606.7400,607.7600,16.81,14.81
2026-03-10,long,13:30,14:00,613.1600,612.1500,-16.47,-18.47
2026-03-12,short,10:00,11:00,599.9100,598.9700,15.67,13.67
2026-03-18,short,15:00,16:00,597.0400,594.9000,35.84,33.84
2026-03-20,short,10:00,16:00,586.3000,582.0600,72.32,70.32
2026-03-23,long,10:00,11:00,592.9800,593.2400,4.38,2.38
2026-03-26,short,12:30,16:00,579.0700,573.7900,91.18,89.18
2026-03-27,short,10:00,11:30,566.7100,568.4600,-30.88,-32.88
2026-03-27,short,12:30,16:00,566.6700,562.5800,72.18,70.18
2026-03-30,short,13:30,14:00,559.7700,560.0950,-5.81,-7.81
2026-03-30,short,14:30,16:00,558.7500,558.3500,7.16,5.16
2026-03-31,long,10:00,11:00,568.7400,564.9800,-66.11,-68.11
2026-03-31,long,11:30,12:00,566.9400,565.8300,-19.58,-21.58
2026-03-31,long,12:30,16:00,568.3400,577.1800,155.54,153.54
2026-04-01,long,11:00,14:30,585.5700,583.0300,-43.38,-45.38
2026-04-06,long,10:00,10:30,589.5600,588.5100,-17.81,-19.81
2026-04-07,short,10:00,12:00,582.6800,582.4550,3.86,1.86
2026-04-14,long,10:30,16:00,623.7700,628.5670,76.90,74.90
2026-04-15,long,11:00,13:00,632.5000,631.9696,-8.39,-10.39
2026-04-15,long,14:30,16:00,634.4900,637.4000,45.86,43.86
2026-04-20,short,11:00,11:30,644.1600,645.6700,-23.44,-25.44
2026-04-22,long,10:30,11:00,652.7500,652.3400,-6.28,-8.28
2026-04-22,long,14:00,14:30,653.7900,653.0550,-11.24,-13.24
2026-04-22,long,15:30,16:00,654.1400,655.1100,14.83,12.83
2026-04-23,short,14:00,14:30,650.2800,651.6800,-21.53,-23.53
2026-04-24,long,11:30,16:00,661.2300,663.9800,41.59,39.59
2026-04-28,short,11:30,12:00,654.5300,654.8800,-5.35,-7.35
2026-04-29,long,11:00,11:30,660.9200,660.2499,-10.14,-12.14
2026-04-30,short,10:00,11:00,659.6000,662.3200,-41.24,-43.24
2026-05-01,long,10:00,15:00,674.9800,673.7708,-17.91,-19.91
2026-05-01,long,15:30,16:00,675.5600,674.1800,-20.43,-22.43
2026-05-04,short,13:00,13:30,671.0900,673.2300,-31.89,-33.89
2026-05-05,long,10:00,16:00,680.2300,681.6100,20.29,18.29
2026-05-06,long,10:00,10:30,689.6300,688.4400,-17.26,-19.26
2026-05-06,long,11:00,16:00,691.2800,695.6000,62.49,60.49
2026-05-07,long,10:30,11:30,699.5400,699.1000,-6.29,-8.29
2026-05-08,long,10:00,16:00,705.3200,711.2300,83.79,81.79
2026-05-12,short,10:00,14:30,706.0675,702.7500,46.99,44.99
2026-05-12,short,15:00,15:30,701.8900,704.0800,-31.20,-33.20
2026-05-13,long,12:30,16:00,713.5900,714.7100,15.70,13.70
2026-05-14,long,10:30,13:30,718.1700,718.8100,8.91,6.91
2026-05-14,long,14:00,16:00,720.7900,719.7900,-13.87,-15.87
2026-05-15,short,10:00,10:30,706.9000,710.4600,-50.36,-52.36
2026-05-18,short,11:00,16:00,705.3700,705.7199,-4.96,-6.96
2026-05-19,short,10:30,11:00,696.4400,698.6500,-31.73,-33.73
2026-05-20,long,10:30,12:30,708.6000,709.3200,10.16,8.16
2026-05-20,long,13:30,16:00,710.6900,713.1500,34.61,32.61
2026-05-26,long,10:00,11:30,728.4500,728.3500,-1.37,-3.37
2026-05-27,short,10:30,11:30,726.3200,727.1900,-11.98,-13.98
2026-05-28,long,11:30,16:00,734.6900,735.6000,12.39,10.39
2026-05-29,long,10:00,10:30,741.1700,738.4900,-36.16,-38.16
2026-06-01,long,13:00,16:00,742.9400,742.7400,-2.69,-4.69
2026-06-03,short,10:00,10:30,742.6700,746.5500,-52.24,-54.24
2026-06-05,short,10:00,16:00,723.7400,705.0600,258.10,256.10
2026-06-08,long,11:00,11:30,721.4400,720.2800,-16.08,-18.08
2026-06-09,short,11:00,14:30,710.9900,704.4900,91.42,89.42
2026-06-10,short,15:00,16:00,695.6501,693.6900,28.18,26.18
2026-06-11,long,10:00,11:00,702.8300,696.7500,-86.51,-88.51
2026-06-11,long,13:30,16:00,707.2600,717.1200,139.41,137.41
2026-06-12,long,11:00,12:00,721.0799,716.2600,-66.84,-68.84
2026-06-15,long,11:30,13:00,743.1600,743.6800,7.00,5.00
2026-06-16,short,10:30,16:00,739.1100,729.8600,125.15,123.15
2026-06-24,long,11:00,11:30,719.5700,717.4100,-30.02,-32.02
2026-06-24,short,14:00,14:30,707.4700,711.1400,-51.87,-53.87
2026-06-24,short,15:00,15:30,706.4300,707.3400,-12.88,-14.88
2026-06-25,short,10:00,10:30,705.8400,712.2900,-91.38,-93.38
2026-06-29,long,12:30,16:00,719.6400,724.0800,61.70,59.70
2026-06-30,long,10:00,16:00,731.8900,736.4000,61.62,59.62
2026-07-02,long,10:00,10:30,729.9400,722.1800,-106.31,-108.31
2026-07-02,short,11:00,16:00,719.8450,712.6044,100.59,98.59
2026-07-06,long,10:30,12:30,724.1500,724.6400,6.77,4.77
2026-07-07,short,10:30,12:00,707.2100,709.2100,-28.28,-30.28
2026-07-09,long,14:00,14:30,723.7700,723.4000,-5.11,-7.11
2026-07-13,short,14:30,15:00,711.9900,712.4600,-6.60,-8.60
2026-07-13,short,15:30,16:00,710.6600,711.7200,-14.92,-16.92
2026-07-15,short,11:00,11:30,716.0000,716.1700,-2.37,-4.37
2026-07-15,short,12:00,13:30,714.7100,715.2800,-7.98,-9.98
2026-07-16,short,15:00,16:00,705.7800,705.8900,-1.56,-3.56
2026-07-23,short,11:00,12:00,691.8000,691.5900,3.04,1.04
2026-07-24,short,10:00,11:00,685.1700,688.3000,-45.68,-47.68
2026-07-24,short,14:30,16:00,685.5175,684.2500,18.49,16.49
2026-07-27,short,10:30,12:30,679.4500,681.1100,-24.43,-26.43
2026-07-27,short,13:00,15:00,678.6000,681.9300,-49.07,-51.07
2026-07-28,short,10:00,11:00,669.3300,672.7100,-50.50,-52.50
2026-07-29,short,10:00,13:30,671.1900,669.1100,30.99,28.99
2026-07-29,short,15:30,16:00,670.7700,661.7300,134.77,132.77
2026-07-30,long,10:00,11:30,681.4900,678.1600,-48.86,-50.86
2026-07-30,long,12:00,16:00,679.7700,683.5500,55.61,53.61
2026-08-03,long,10:00,16:00,693.2900,700.0700,97.79,95.79
2026-08-04,long,10:00,16:00,713.6400,723.8500,143.07,141.07
2026-08-13,long,10:00,12:00,731.5600,730.1500,-19.27,-21.27
2026-08-13,long,12:30,16:00,731.8400,732.0700,3.14,1.14
2026-08-24,short,10:00,11:00,704.4650,705.9300,-20.80,-22.80
2026-08-27,long,12:30,14:00,718.8863,719.1100,3.11,1.11
2026-08-28,long,11:00,12:00,723.7700,717.9300,-80.69,-82.69
2026-08-28,short,12:30,14:00,716.3200,717.0000,-9.49,-11.49
2026-08-28,short,14:30,16:00,716.2050,716.4300,-3.14,-5.14
2026-09-03,long,10:00,16:00,712.8400,717.6700,67.76,65.76
2026-09-04,long,10:00,10:30,721.8200,719.6000,-30.76,-32.76
2026-09-15,short,10:30,16:00,706.5500,704.5400,28.45,26.45
2026-09-16,long,10:00,10:30,710.2200,709.5650,-9.22,-11.22
2026-09-16,long,11:00,13:00,710.6800,709.9800,-9.85,-11.85
2026-09-16,short,15:30,16:00,701.8700,704.7200,-40.61,-42.61
2026-09-21,long,10:00,16:00,732.5600,741.3200,119.58,117.58
2026-09-22,long,10:00,12:00,745.0300,744.5674,-6.21,-8.21
2026-09-22,long,13:00,16:00,745.2900,747.4600,29.12,27.12
2026-09-23,short,10:00,11:00,743.1100,742.5350,7.74,5.74
2026-09-23,short,11:30,14:00,741.3310,741.2700,0.82,-1.18
2026-09-23,short,14:30,15:00,740.9350,741.0450,-1.48,-3.48
2026-09-23,short,15:30,16:00,740.8100,741.2100,-5.40,-7.40
