session,side,entry_time,entry_price,exit_time,exit_price,gross,net,exit_reason,hold_sessions,symbol
2022-10-05,long,2022-10-05T09:30:00,134.72,2022-11-02T09:30:00,157.7,0.07007567873019074,0.06894234539685741,time,20,FANG
2022-10-10,long,2022-10-10T09:30:00,227.86,2022-10-13T09:30:00,219.58,-0.009762239880307416,-0.010262239880307417,trend,3,ADP
2022-10-12,long,2022-10-12T09:30:00,244.36,2022-11-09T09:30:00,290.0,0.05104365739357652,0.05052699072690985,time,20,AMGN
2022-10-12,long,2022-10-12T09:30:00,37.94,2022-11-03T09:30:00,36.66,-0.0035756407901337177,-0.004008974123467051,trend,16,KDP
2022-10-18,long,2022-10-18T09:30:00,22.73,2022-10-21T09:30:00,21.62,-0.010377074391274322,-0.010627074391274322,trend,3,MNST
2022-10-19,long,2022-10-19T09:30:00,136.03,2022-11-16T09:30:00,145.31,0.008644146205337627,0.00792747953867096,time,20,TMUS
2022-10-24,long,2022-10-24T09:30:00,235.3,2022-11-21T09:30:00,257.9,0.04872224856592133,0.04755558189925466,time,20,ADP
2022-11-11,long,2022-11-11T09:30:00,38.04,2022-11-15T09:30:00,37.01,-0.009085113553615853,-0.009418446886949186,trend,2,KDP
2022-12-09,long,2022-12-09T09:30:00,163.32,2022-12-29T09:30:00,159.59,0.010622772037661614,0.009572772037661614,trend,13,CDNS
2022-12-14,long,2022-12-14T09:30:00,137.5,2022-12-20T09:30:00,133.2,-0.01433072516155487,-0.01483072516155487,trend,4,FANG
2022-12-16,long,2022-12-16T09:30:00,94.92,2022-12-19T09:30:00,94.1,-0.002879617923865744,-0.0032129512571990775,trend,1,AEP
2022-12-19,long,2022-12-19T09:30:00,142.81,2023-01-19T09:30:00,145.18,0.012000407647832001,0.011400407647832001,time,20,TMUS
2022-12-20,long,2022-12-20T09:30:00,320.65,2022-12-29T09:30:00,319.16,-0.0002854303817112825,-0.0005854303817112824,trend,6,SNPS
2022-12-20,long,2022-12-20T09:30:00,291.8,2023-01-20T09:30:00,306.31,0.0039400783227574575,0.003381744989424124,time,20,VRTX
2022-12-22,long,2022-12-22T09:30:00,137.4,2022-12-23T09:30:00,135.1,-0.003347889374090274,-0.003547889374090274,trend,1,FANG
2022-12-28,long,2022-12-28T09:30:00,96.49,2023-01-03T09:30:00,94.9,-0.004740827614661044,-0.005074160947994377,trend,3,AEP
2023-01-03,long,2023-01-03T09:30:00,240.79,2023-01-26T09:30:00,226.81,-0.009183751974535487,-0.009592085307868821,trend,16,ADP
2023-01-03,long,2023-01-03T09:30:00,134.97,2023-01-04T09:30:00,129.11,-0.010854263910498596,-0.011104263910498596,trend,1,FANG
2023-01-09,long,2023-01-09T09:30:00,140.84,2023-02-07T09:30:00,138.22,-0.007261996003861569,-0.007636996003861569,time,20,FANG
2023-01-10,long,2023-01-10T09:30:00,164.59,2023-02-08T09:30:00,187.78,0.026839099154391654,0.026487908678201177,time,20,CDNS
2023-01-10,long,2023-01-10T09:30:00,676.37,2023-02-08T09:30:00,766.34,0.022950111706113867,0.02259892122992339,time,20,REGN
2023-01-10,long,2023-01-10T09:30:00,324.56,2023-02-08T09:30:00,365.12,0.026391709130332848,0.02604051865414237,time,20,SNPS
2023-01-17,long,2023-01-17T09:30:00,176.15,2023-01-19T09:30:00,171.28,-0.0034704540151998114,-0.0035954540151998116,trend,2,PEP
2023-02-08,long,2023-02-08T09:30:00,84.75,2023-03-09T09:30:00,78.04,-0.01735920338297124,-0.017742536716304574,time,20,CEG
2023-02-08,long,2023-02-08T09:30:00,144.88,2023-02-21T09:30:00,135.31,-0.011027166668758349,-0.011360500002091682,trend,8,FANG
2023-02-08,long,2023-02-08T09:30:00,142.06,2023-03-09T09:30:00,143.8,0.0025481952130851897,0.0021648618797518566,time,20,TMUS
2023-02-13,long,2023-02-13T09:30:00,176.26,2023-03-02T09:30:00,170.51,-0.006346108791470734,-0.006646108791470734,trend,12,PEP
2023-02-14,long,2023-02-14T09:30:00,297.47,2023-03-09T09:30:00,288.3,-0.0056955674761246,-0.0059455674761246,trend,16,VRTX
2023-02-24,long,2023-02-24T09:30:00,140.18,2023-03-13T09:30:00,131.31,-0.021847363962927833,-0.022255697296261166,trend,11,FANG
2023-03-02,long,2023-03-02T09:30:00,171.13,2023-03-30T09:30:00,182.0,0.007578678203351032,0.007197267946940776,time,20,TXN
2023-03-02,long,2023-03-02T09:30:00,46.61333333333334,2023-03-09T09:30:00,46.27666666666667,-0.0005879260242395356,-0.0007545926909062023,trend,5,WMT
2023-03-03,long,2023-03-03T09:30:00,109.2075,2023-03-31T09:30:00,115.8425,0.0029945682957154677,0.0026293918055389776,time,20,CTAS
2023-03-06,long,2023-03-06T09:30:00,208.0,2023-03-10T09:30:00,201.11,-0.006958329670477131,-0.007208329670477132,trend,4,ADSK
2023-03-13,long,2023-03-13T09:30:00,36.291000000000004,2023-04-11T09:30:00,38.424,0.0142300783748743,0.013866092360888286,time,20,KLAC
2023-03-14,long,2023-03-14T09:30:00,29.597,2023-04-12T09:30:00,34.081,0.015881392231755727,0.015641648642012135,time,20,NFLX
2023-03-14,long,2023-03-14T09:30:00,104.57,2023-04-12T09:30:00,105.56,-0.0011710799312193028,-0.0014108235209628927,time,20,ROST
2023-03-16,long,2023-03-16T09:30:00,176.61,2023-04-14T09:30:00,183.335,0.003514800795029396,0.0032893429195715203,time,20,PEP
2023-03-16,long,2023-03-16T09:30:00,142.95,2023-04-14T09:30:00,149.79,0.004399675405052461,0.004174217529594585,time,20,TMUS
2023-03-17,long,2023-03-17T09:30:00,300.17,2023-04-17T09:30:00,335.0,0.011364787285254996,0.011100043695511406,time,20,VRTX
2023-03-20,long,2023-03-20T09:30:00,77.71,2023-04-18T09:30:00,83.74,0.008455597523484945,0.008165853933741356,time,20,GILD
2023-03-20,long,2023-03-20T09:30:00,238.12,2023-04-18T09:30:00,270.0,0.01411818619993705,0.01382844261019346,time,20,ISRG
2023-03-21,long,2023-03-21T09:30:00,80.7,2023-04-13T09:30:00,68.03,-0.015325695960017413,-0.015473772883094336,trend,16,PDD
2023-03-21,long,2023-03-21T09:30:00,47.129999999999995,2023-04-19T09:30:00,50.28,0.008047779483575955,0.0076913692271656986,time,20,WMT
2023-03-22,long,2023-03-22T09:30:00,206.44,2023-03-23T09:30:00,200.92,-0.00205684646684453,-0.0021337695437676067,trend,1,ADSK
2023-04-03,long,2023-04-03T09:30:00,205.09,2023-04-06T09:30:00,196.89,-0.00343192548397291,-0.003522834574882001,trend,3,ADSK
2023-04-05,long,2023-04-05T09:30:00,142.33,2023-04-27T09:30:00,136.9,-0.01662971316840346,-0.017213046501736794,trend,15,FANG
2023-04-18,long,2023-04-18T09:30:00,37.521,2023-04-26T09:30:00,35.8,-0.008778909048736572,-0.009278909048736572,trend,6,KLAC
2023-04-21,long,2023-04-21T09:30:00,106.26,2023-05-19T09:30:00,100.91,-0.00467018258568673,-0.005342404807908953,time,20,ROST
2023-04-25,long,2023-04-25T09:30:00,47.37,2023-05-04T09:30:00,45.77,-0.005464706051936661,-0.005988515575746185,trend,7,CSCO
2023-04-28,long,2023-04-28T09:30:00,158.805,2023-05-26T09:30:00,155.24,-0.0019166355917575994,-0.0023626673377893453,time,20,ODFL
2023-05-01,long,2023-05-01T09:30:00,82.47,2023-05-30T09:30:00,76.52,-0.010438914952371115,-0.010751613365069527,time,20,GILD
2023-05-01,long,2023-05-01T09:30:00,197.6941937709525,2023-05-12T09:30:00,192.6925306685474,-0.0033587665784724904,-0.0036159094356153477,trend,9,HON
2023-05-02,long,2023-05-02T09:30:00,139.38,2023-05-03T09:30:00,131.63,-0.007943340917942718,-0.008086198060799861,trend,1,FANG
2023-05-02,long,2023-05-02T09:30:00,76.3,2023-05-31T09:30:00,76.29,-0.0025765766435311135,-0.0028321321990866693,time,20,MCHP
2023-05-05,long,2023-05-05T09:30:00,38.160000000000004,2023-06-05T09:30:00,45.638,0.021739668486809145,0.021517446264586924,time,20,KLAC
2023-05-08,long,2023-05-08T09:30:00,211.34,2023-05-17T09:30:00,191.28,-0.011852544790813099,-0.011991433679701987,trend,7,ALNY
2023-05-08,long,2023-05-08T09:30:00,761.93,2023-06-06T09:30:00,751.84,-0.003785250006475068,-0.003965805562030624,time,20,REGN
2023-05-11,long,2023-05-11T09:30:00,197.84,2023-06-09T09:30:00,195.54,-0.003385369910764249,-0.003557531082925421,time,20,AXON
2023-05-24,long,2023-05-24T09:30:00,84.04,2023-06-23T09:30:00,89.64,0.005136716559004104,0.00498287040515795,time,20,CEG
2023-05-26,long,2023-05-26T09:30:00,49.11,2023-06-27T09:30:00,50.31,0.0023852449673264172,0.002274418293999744,time,20,CSCO
2023-05-26,long,2023-05-26T09:30:00,114.32,2023-06-27T09:30:00,124.62,0.007448943753422424,0.00733811708009575,time,20,DXCM
2023-05-26,long,2023-05-26T09:30:00,71.45,2023-06-27T09:30:00,79.45,0.00789320698762618,0.007782380314299507,time,20,PCAR
2023-05-26,long,2023-05-26T09:30:00,98.4,2023-06-27T09:30:00,106.63,0.008311817979098718,0.008200991305772044,time,20,TER
2023-05-26,long,2023-05-26T09:30:00,48.56666666666666,2023-06-27T09:30:00,51.38333333333333,0.004324733751962165,0.004213907078635492,time,20,WMT
2023-05-30,long,2023-05-30T09:30:00,178.12,2023-06-28T09:30:00,190.02,0.006256177178533906,0.006113243723100451,time,20,ADI
2023-05-30,long,2023-05-30T09:30:00,177.83,2023-06-26T09:30:00,168.49,-0.0032310998433765204,-0.0033295888543655315,trend,18,TXN
2023-05-31,long,2023-05-31T09:30:00,157.82,2023-06-29T09:30:00,185.745,0.01677178305827504,0.01659710357109555,time,20,ODFL
2023-06-01,long,2023-06-01T09:30:00,464.61,2023-06-30T09:30:00,500.0,0.008337642886909713,0.008145564132330958,time,20,IDXX
2023-06-02,long,2023-06-02T09:30:00,77.14,2023-07-03T09:30:00,90.705,0.020043939989665173,0.01982402240724759,time,20,MCHP
2023-06-05,long,2023-06-05T09:30:00,30.0,2023-07-05T09:30:00,31.76,0.008013409669373774,0.007793492086956192,time,20,BKR
2023-06-07,long,2023-06-07T09:30:00,180.71,2023-07-07T09:30:00,185.82,0.0029539130154255496,0.0026894899385024726,time,20,PEP
2023-06-13,long,2023-06-13T09:30:00,196.85,2023-07-13T09:30:00,196.51,0.0010395914669738297,0.0007806628955452583,time,20,AXON
2023-06-14,long,2023-06-14T09:30:00,768.08,2023-06-28T09:30:00,708.21,-0.009366148673937133,-0.009481426451714911,trend,9,REGN
2023-06-16,long,2023-06-16T09:30:00,202.6365486152263,2023-07-18T09:30:00,204.3169492622794,0.0017735725352704575,0.0015235725352704575,time,20,HON
2023-07-03,long,2023-07-03T09:30:00,111.15,2023-08-01T09:30:00,114.47,0.006427244032723879,0.006093910699390546,time,20,ROST
2023-07-07,long,2023-07-07T09:30:00,1166.53,2023-08-04T09:30:00,1321.32,0.03025080852700661,0.029917475193673274,time,20,MELI
2023-07-07,long,2023-07-07T09:30:00,174.11,2023-08-04T09:30:00,169.6,-0.00884226959048751,-0.009175602923820842,trend,20,TXN
2023-07-13,long,2023-07-13T09:30:00,13.23,2023-07-17T09:30:00,12.36,-0.011533348971772632,-0.011733348971772632,trend,2,WBD
2023-07-14,long,2023-07-14T09:30:00,79.89,2023-08-11T09:30:00,81.7,-0.039884344362852056,-0.04093434436285206,time,20,PDD
2023-07-17,long,2023-07-17T09:30:00,42.0,2023-07-19T09:30:00,41.36,-0.002844733148471453,-0.003044733148471453,trend,2,EXC
2023-07-31,long,2023-07-31T09:30:00,41.5,2023-08-04T09:30:00,40.73,-0.00500594777790731,-0.00525594777790731,trend,4,EXC
2023-08-08,long,2023-08-08T09:30:00,31.5,2023-08-10T09:30:00,31.24,-0.0028765369938071068,-0.0032098703271404403,trend,2,CSX
2023-08-08,long,2023-08-08T09:30:00,80.69,2023-08-17T09:30:00,77.99,-0.006515903139215264,-0.006899236472548598,trend,7,GILD
2023-08-09,long,2023-08-09T09:30:00,186.41,2023-09-07T09:30:00,179.94,-0.007408938986370935,-0.007692272319704268,time,20,ADI
2023-08-09,long,2023-08-09T09:30:00,130.29,2023-09-07T09:30:00,127.11,-0.0030996306977787856,-0.003382964031112119,time,20,TRI
2023-08-10,long,2023-08-10T09:30:00,203.81,2023-09-08T09:30:00,215.34,0.002368388877421369,0.0020772124068331337,time,20,AXON
2023-08-15,long,2023-08-15T09:30:00,82.35,2023-09-13T09:30:00,78.64,-0.00423063727952288,-0.004438480416777782,time,20,MCHP
2023-08-15,long,2023-08-15T09:30:00,103.85,2023-09-13T09:30:00,97.04,-0.0038490088317612494,-0.004056851969016151,time,20,TER
2023-08-21,long,2023-08-21T09:30:00,63.68,2023-09-19T09:30:00,70.62,0.008229279609335468,0.00806047978171211,time,20,MU
2023-08-21,long,2023-08-21T09:30:00,118.25,2023-09-19T09:30:00,119.155,0.0016555381427703698,0.0014867383151470127,time,20,PANW
2023-08-22,long,2023-08-22T09:30:00,287.73,2023-09-20T09:30:00,303.17,0.004514441074786109,0.004391179042700547,time,20,ISRG
2023-08-22,long,2023-08-22T09:30:00,1248.85,2023-09-20T09:30:00,1357.0,0.005456524602771354,0.005333262570685792,time,20,MELI
2023-08-22,long,2023-08-22T09:30:00,509.31,2023-09-20T09:30:00,461.98,-0.004950582389275669,-0.005073844421361231,time,20,MPWR
2023-08-22,long,2023-08-22T09:30:00,54.7,2023-09-20T09:30:00,58.62,0.0052713288689968385,0.005148066836911277,time,20,SHOP
2023-08-24,long,2023-08-24T09:30:00,678.01,2023-09-13T09:30:00,614.37,-0.006114528224759845,-0.006193799933443318,trend,13,ASML
2023-08-24,long,2023-08-24T09:30:00,505.96,2023-09-18T09:30:00,451.14,-0.007583011582324338,-0.007674888333024618,trend,16,IDXX
2023-08-24,long,2023-08-24T09:30:00,71.56,2023-09-22T09:30:00,70.71,-0.0014812810160943224,-0.001626729195366031,time,20,MDLZ
2023-08-28,long,2023-08-28T09:30:00,103.47,2023-09-26T09:30:00,96.5,-0.00761049719564168,-0.0077470168034848175,time,20,AMD
2023-08-28,long,2023-08-28T09:30:00,81.5,2023-09-26T09:30:00,96.02,0.00972428191340131,0.009587762305558174,time,20,PDD
2023-09-06,long,2023-09-06T09:30:00,28.0,2023-09-28T09:30:00,26.62,-0.005463552453947976,-0.00560750670231399,trend,16,MNST
2023-09-08,long,2023-09-08T09:30:00,27.715,2023-10-06T09:30:00,27.395,-0.0011271767047912145,-0.0012669642864905609,time,20,FAST
2023-09-08,long,2023-09-08T09:30:00,63.62,2023-10-06T09:30:00,65.76,0.00264034290529846,0.0025005553235991134,time,20,STX
2023-09-12,long,2023-09-12T09:30:00,61.74,2023-10-06T09:30:00,57.9,-0.0034551106648089344,-0.0035912217759200456,trend,18,CCEP
2023-09-19,long,2023-09-19T09:30:00,207.23,2023-10-17T09:30:00,218.53,-0.0009865555596756206,-0.0011416884099171665,time,20,AXON
2023-09-22,long,2023-09-22T09:30:00,174.67,2023-10-20T09:30:00,175.31,-0.0004572198367407253,-0.0005984637980933823,time,20,AAPL
2023-09-22,long,2023-09-22T09:30:00,32.475,2023-10-20T09:30:00,35.364999999999995,0.0051856217831087615,0.005044377821756104,time,20,MSTR
2023-09-25,long,2023-09-25T09:30:00,87.84,2023-10-23T09:30:00,84.85,-0.0011389054190565965,-0.0012719622459063295,time,20,DDOG
2023-09-26,long,2023-09-26T09:30:00,38.288,2023-10-16T09:30:00,35.620999999999995,-0.0033988525267458014,-0.0035239728456590265,trend,14,NFLX
2023-09-27,long,2023-09-27T09:30:00,1272.0,2023-10-25T09:30:00,1209.79,-0.0013491312057969543,-0.0014693675198261746,time,20,MELI
2023-09-27,long,2023-09-27T09:30:00,52.11,2023-10-25T09:30:00,48.84,-0.0022750141017569316,-0.002395250415786152,time,20,MRVL
2023-09-27,long,2023-09-27T09:30:00,312.3,2023-10-25T09:30:00,345.02,0.0070798638974602516,0.006959627583431031,time,20,MSFT
2023-09-27,long,2023-09-27T09:30:00,109.65,2023-10-25T09:30:00,115.61,0.003592385251343601,0.0034721489373143806,time,20,ROST
2023-09-28,long,2023-09-28T09:30:00,120.2975,2023-10-26T09:30:00,125.2575,0.0022012218404268346,0.0020522919977040855,time,20,CTAS
2023-09-28,long,2023-09-28T09:30:00,61.056666666666665,2023-10-24T09:30:00,58.641333333333336,-0.0025362659949426584,-0.002640751393220963,trend,18,ORLY
2023-09-29,long,2023-09-29T09:30:00,297.87,2023-10-13T09:30:00,266.83,-0.0048637334567639984,-0.00493610187781663,trend,10,ISRG
2023-09-29,long,2023-09-29T09:30:00,66.36,2023-10-27T09:30:00,64.92,-0.002891896277773743,-0.0030318975490679204,time,20,MU
2023-10-03,long,2023-10-03T09:30:00,368.6,2023-10-31T09:30:00,378.21,0.0027820562554878646,0.0026457314547819223,time,20,LIN
2023-10-04,long,2023-10-04T09:30:00,128.75,2023-10-23T09:30:00,116.48,-0.004984228736539694,-0.005061730007833872,trend,13,ABNB
2023-10-05,long,2023-10-05T09:30:00,103.4,2023-11-02T09:30:00,107.96,0.0011955474366276767,0.0010654145863861308,time,20,AMD
2023-10-09,long,2023-10-09T09:30:00,73.64,2023-11-06T09:30:00,92.49,0.012262497101258565,0.012144864251017018,time,20,DASH
2023-10-09,long,2023-10-09T09:30:00,28.0,2023-11-06T09:30:00,29.66,0.0032114379634903176,0.0030938051132487717,time,20,FAST
2023-10-09,long,2023-10-09T09:30:00,212.41,2023-11-06T09:30:00,218.4,0.0007961419338763055,0.0006785090836347596,time,20,WDAY
2023-10-09,long,2023-10-09T09:30:00,51.693333333333335,2023-11-06T09:30:00,54.833333333333336,0.0034033975014392467,0.003285764651197701,time,20,WMT
2023-10-11,long,2023-10-11T09:30:00,31.93,2023-10-13T09:30:00,31.1,-0.0011717071691823287,-0.0012193262168013763,trend,2,CSX
2023-10-12,long,2023-10-12T09:30:00,81.36,2023-10-16T09:30:00,77.79,-0.0020751423229373534,-0.002122761370556401,trend,2,MCHP
2023-10-12,long,2023-10-12T09:30:00,504.57,2023-10-20T09:30:00,432.36,-0.007602975706815571,-0.007655607285762939,trend,6,MPWR
2023-10-17,long,2023-10-17T09:30:00,31.41,2023-10-19T09:30:00,30.9,-0.0008575930595502843,-0.0009102246384976527,trend,2,CSX
2023-10-19,long,2023-10-19T09:30:00,193.81,2023-10-24T09:30:00,182.92,-0.0031384008684856254,-0.003205067535152292,trend,3,NXPI
2023-10-20,long,2023-10-20T09:30:00,206.25,2023-10-23T09:30:00,201.62,-0.001247138047138046,-0.0013026936026936016,trend,1,ADSK
2023-10-20,long,2023-10-20T09:30:00,134.52,2023-11-17T09:30:00,142.04,0.002835399304463679,0.002719742738807113,time,20,AMAT
2023-10-26,long,2023-10-26T09:30:00,184.64,2023-11-24T09:30:00,202.47,0.00572697843727851,0.005622432982733056,time,20,ODFL
2023-10-26,long,2023-10-26T09:30:00,137.59,2023-11-24T09:30:00,156.4,0.004120200519694934,0.0040156550651494795,time,20,TTWO
2023-10-27,long,2023-10-27T09:30:00,43.3,2023-11-27T09:30:00,50.76,0.007266207159123476,0.00716852791956437,time,20,CPRT
2023-10-27,long,2023-10-27T09:30:00,479.64,2023-11-27T09:30:00,561.91,0.007975307643208801,0.007877628403649695,time,20,INTU
2023-10-30,long,2023-10-30T09:30:00,61.66,2023-11-28T09:30:00,65.80533333333334,0.0033180138397135815,0.003226678830636637,time,20,ORLY
2023-10-31,long,2023-10-31T09:30:00,126.27,2023-11-29T09:30:00,138.985,0.004224992858510607,0.004145562611338424,time,20,GOOG
2023-10-31,long,2023-10-31T09:30:00,125.06,2023-11-29T09:30:00,137.57,0.004178137512625802,0.004098707265453619,time,20,GOOGL
2023-10-31,long,2023-10-31T09:30:00,66.08,2023-11-29T09:30:00,77.45,0.008007510804353616,0.007928080557181433,time,20,MU
2023-11-01,long,2023-11-01T09:30:00,204.95,2023-11-30T09:30:00,226.41,0.004561782701769539,0.004493939756184657,time,20,AXON
2023-11-01,long,2023-11-01T09:30:00,52.04,2023-11-17T09:30:00,48.05,-0.0023925404812928,-0.0024526414913938104,trend,12,CSCO
2023-11-01,long,2023-11-01T09:30:00,189.88,2023-11-30T09:30:00,202.49,0.002478886012300538,0.002411043066715657,time,20,MAR
2023-11-01,long,2023-11-01T09:30:00,40.884,2023-11-30T09:30:00,48.024,0.008307997992826683,0.008240155047241801,time,20,NVDA
2023-11-02,long,2023-11-02T09:30:00,1349.79,2023-12-01T09:30:00,1609.33,0.006655208183137601,0.00658746624765373,time,20,MELI
2023-11-02,long,2023-11-02T09:30:00,791.87,2023-12-01T09:30:00,824.94,0.002287636728994918,0.002219894793511047,time,20,REGN
2023-11-02,long,2023-11-02T09:30:00,31.655328798185945,2023-12-01T09:30:00,36.167800453514744,0.005555998263188758,0.005488256327704887,time,20,WDC
2023-11-03,long,2023-11-03T09:30:00,40.168697282099345,2023-12-04T09:30:00,39.59700093720713,-0.0006655842598757467,-0.0007333261953596177,time,20,CMCSA
2023-11-03,long,2023-11-03T09:30:00,59.86,2023-12-04T09:30:00,73.0,0.0075103738071766405,0.00744263187169277,time,20,SHOP
2023-11-06,long,2023-11-06T09:30:00,115.5424,2023-12-05T09:30:00,124.1792,0.0032475000132597457,0.003174202522220319,time,20,BKNG
2023-11-06,long,2023-11-06T09:30:00,492.92,2023-12-05T09:30:00,553.16,0.004663732797009447,0.00459043530597002,time,20,MPWR
2023-11-07,long,2023-11-07T09:30:00,179.18,2023-12-06T09:30:00,194.45,0.0037808699953840175,0.0037108262696188164,time,20,AAPL
2023-11-07,long,2023-11-07T09:30:00,28.06,2023-12-06T09:30:00,27.13,-0.0015993965102373848,-0.0016694402360025856,trend,20,MNST
2023-11-07,long,2023-11-07T09:30:00,220.47,2023-12-06T09:30:00,267.4,0.0075866982641561035,0.007516654538390902,time,20,WDAY
2023-11-10,long,2023-11-10T09:30:00,132.0,2023-12-11T09:30:00,141.53,0.0027683991450801744,0.0026828000667391606,time,20,TRI
2023-11-13,long,2023-11-13T09:30:00,54.0,2023-12-12T09:30:00,53.81,0.0008303517411959837,0.000740924824027131,time,20,MRVL
2023-11-15,long,2023-11-15T09:30:00,196.43,2023-12-14T09:30:00,223.81,0.007907898178016706,0.007821434223810816,time,20,NXPI
2023-11-15,long,2023-11-15T09:30:00,239.29,2023-12-14T09:30:00,241.22,0.0006488625839302037,0.000562398629724314,time,20,TSLA
2023-11-16,long,2023-11-16T09:30:00,127.12,2023-12-15T09:30:00,147.26,0.009693963745743796,0.009608822542860659,time,20,ABNB
2023-11-17,long,2023-11-17T09:30:00,33.68,2023-12-07T09:30:00,32.17,-0.0028279660200203507,-0.0029028508126470788,trend,13,BKR
2023-11-17,long,2023-11-17T09:30:00,306.34,2023-12-18T09:30:00,325.73,0.004066234640931204,0.0039810934380480655,time,20,ISRG
2023-11-20,long,2023-11-20T09:30:00,31.5,2023-12-19T09:30:00,34.31,0.004759275456036329,0.004676515205534143,time,20,CSX
2023-11-20,long,2023-11-20T09:30:00,349.76,2023-12-19T09:30:00,399.7,0.010302615585920251,0.010219855335418065,time,20,VRTX
2023-11-22,long,2023-11-22T09:30:00,182.16,2023-12-21T09:30:00,195.12,0.004907889936993181,0.004812218941322185,time,20,ADI
2023-11-27,long,2023-11-27T09:30:00,72.0,2023-12-21T09:30:00,69.62,-0.0021509289623263287,-0.0022465999579973244,trend,18,MDLZ
2023-11-28,long,2023-11-28T09:30:00,477.27,2023-11-29T09:30:00,475.47,-0.0001346946472347169,-0.0001704089329490026,trend,1,IDXX
2023-11-29,long,2023-11-29T09:30:00,52.92333333333334,2023-12-08T09:30:00,50.666666666666664,-0.0022798228505996384,-0.0023512514220282096,trend,7,WMT
2023-12-01,long,2023-12-01T09:30:00,194.025,2024-01-02T09:30:00,201.655,0.0039024181496589397,0.003772656244897035,time,20,ODFL
2023-12-05,long,2023-12-05T09:30:00,40.234301780693535,2024-01-04T09:30:00,40.55295220243674,0.0005639581521080243,0.00042510533825521047,time,20,CMCSA
2023-12-07,long,2023-12-07T09:30:00,63.43,2024-01-08T09:30:00,65.0,0.00263751573479304,0.002503424825702131,time,20,CCEP
2023-12-07,long,2023-12-07T09:30:00,147.93,2024-01-08T09:30:00,152.8,0.0033878719289370677,0.0032537810198461584,time,20,FANG
2023-12-12,long,2023-12-12T09:30:00,235.0,2023-12-22T09:30:00,228.99,-0.002760476306596889,-0.002885476306596889,trend,8,ADP
2023-12-14,long,2023-12-14T09:30:00,28.34,2023-12-21T09:30:00,27.355,-0.0028709491020512358,-0.0029618581929603265,trend,5,MNST
2023-12-14,long,2023-12-14T09:30:00,58.07,2024-01-16T09:30:00,65.57,0.009080440140415383,0.008930767998831477,time,20,MRVL
2023-12-15,long,2023-12-15T09:30:00,251.21,2024-01-16T09:30:00,215.1,-0.010523100865954264,-0.01067277300753817,trend,19,TSLA
2023-12-18,long,2023-12-18T09:30:00,63.532000000000004,2024-01-18T09:30:00,65.80533333333334,0.0018250174146846494,0.0016609221961776661,time,20,ORLY
2023-12-22,long,2023-12-22T09:30:00,34.39,2024-01-10T09:30:00,31.64,-0.0059790712414432455,-0.006125066912438916,trend,11,BKR
2023-12-26,long,2023-12-26T09:30:00,71.2,2024-01-25T09:30:00,74.29,0.003978806166578206,0.0038488018571621314,time,20,MDLZ
2023-12-26,long,2023-12-26T09:30:00,27.95,2024-01-25T09:30:00,27.7,0.00017088976552837417,4.088545611230003e-05,time,20,MNST
2023-12-26,long,2023-12-26T09:30:00,5.64,2024-01-17T09:30:00,4.9,-0.009736671753491188,-0.009861181557412757,trend,14,RKLB
2024-01-03,long,2024-01-03T09:30:00,184.22,2024-02-01T09:30:00,183.99,0.00025527248472900603,0.00013003008007483665,time,20,AAPL
2024-01-03,long,2024-01-03T09:30:00,53.25666666666667,2024-02-01T09:30:00,55.23333333333333,0.002652430780548398,0.0025271883758942286,time,20,WMT
2024-01-04,long,2024-01-04T09:30:00,132.86,2024-02-02T09:30:00,143.99,0.0066789399854679694,0.006520425297541516,time,20,ABNB
2024-01-04,long,2024-01-04T09:30:00,100.19,2024-02-01T09:30:00,97.13,-0.001689690263337138,-0.001808522411581051,trend,19,TER
2024-01-05,long,2024-01-05T09:30:00,83.44,2024-02-05T09:30:00,85.07,0.0011153690780172352,0.000962348895585288,time,20,MCHP
2024-01-09,long,2024-01-09T09:30:00,235.0,2024-02-07T09:30:00,251.83,0.006243304290233324,0.006100905022834057,time,20,ADP
2024-01-09,long,2024-01-09T09:30:00,40.48734770384255,2024-02-07T09:30:00,41.827553889409565,0.001285769900252631,0.0011433706328533638,time,20,CMCSA
2024-01-09,long,2024-01-09T09:30:00,194.455,2024-02-07T09:30:00,215.5,0.013135951759208172,0.012993552491808905,time,20,ODFL
2024-01-09,long,2024-01-09T09:30:00,118.55,2024-02-07T09:30:00,122.95,0.0032018058499317242,0.003059406582532457,time,20,PAYX
2024-01-09,long,2024-01-09T09:30:00,16.51,2024-02-07T09:30:00,21.6,0.03594102296800329,0.03579862370060402,time,20,PLTR
2024-01-18,long,2024-01-18T09:30:00,210.71,2024-02-15T09:30:00,235.42,0.01924530676916642,0.01892790750176715,time,20,NXPI
2024-01-22,long,2024-01-22T09:30:00,151.28,2024-02-20T09:30:00,179.57,0.04453918151284878,0.04414394341761069,time,20,FANG
2024-01-26,long,2024-01-26T09:30:00,52.42,2024-02-01T09:30:00,50.23,-0.003014897776113303,-0.0030918208530363797,trend,4,CSCO
2024-01-30,long,2024-01-30T09:30:00,27.765,2024-02-01T09:30:00,27.575,-0.0004896140095648125,-0.0005610425809933839,trend,2,MNST
2024-02-02,long,2024-02-02T09:30:00,179.86,2024-03-04T09:30:00,176.15,-0.0025994474622147634,-0.003649447462214763,trend,20,AAPL
2024-02-07,long,2024-02-07T09:30:00,84.1,2024-02-14T09:30:00,81.14,-0.006072307287199042,-0.006322307287199042,trend,5,MCHP
2024-02-12,long,2024-02-12T09:30:00,27.785,2024-02-20T09:30:00,27.65,-0.002974154447961567,-0.0033074877812949003,trend,5,MNST
2024-02-22,long,2024-02-22T09:30:00,153.09,2024-03-21T09:30:00,149.93,-0.009031546673805915,-0.009531546673805916,time,20,TTWO
2024-02-23,long,2024-02-23T09:30:00,83.81,2024-03-22T09:30:00,88.52,0.009172575260472991,0.008839241927139658,time,20,MCHP
2024-02-26,long,2024-02-26T09:30:00,144.26,2024-03-25T09:30:00,142.8,0.00958167948390757,0.00933167948390757,time,20,PANW
2024-02-29,long,2024-02-29T09:30:00,138.35,2024-03-28T09:30:00,152.0,0.009438637452946595,0.00925808189739104,time,20,GOOG
2024-02-29,long,2024-02-29T09:30:00,137.28,2024-03-28T09:30:00,150.85,0.009468238669171807,0.009287683113616252,time,20,GOOGL
2024-03-04,long,2024-03-04T09:30:00,572.85,2024-03-18T09:30:00,495.55,-0.01619587413986074,-0.016338731282717883,trend,10,ADBE
2024-03-04,long,2024-03-04T09:30:00,283.26,2024-04-02T09:30:00,283.34,-0.0006059163084412835,-0.0007765512290762042,time,20,AMGN
2024-03-06,long,2024-03-06T09:30:00,120.12,2024-04-04T09:30:00,121.29,0.0021804706488621913,0.0020098357282272708,time,20,PAYX
2024-03-07,long,2024-03-07T09:30:00,115.79,2024-04-05T09:30:00,117.9,0.003587789888498109,0.0034131867138949344,time,20,PDD
2024-03-18,long,2024-03-18T09:30:00,243.61,2024-04-16T09:30:00,245.01,0.000526747095603712,0.00030452487338148977,time,20,ADP
2024-03-21,long,2024-03-21T09:30:00,33.45,2024-04-16T09:30:00,32.37,-0.0055288858945470466,-0.005751108116769269,trend,17,BKR
2024-03-22,long,2024-03-22T09:30:00,152.67,2024-04-16T09:30:00,145.3,-0.007114242618978288,-0.007336464841200509,trend,16,TTWO
2024-03-26,long,2024-03-26T09:30:00,41.95,2024-04-09T09:30:00,38.05,-0.01454654436822412,-0.014707258653938404,trend,9,INTC
2024-03-28,long,2024-03-28T09:30:00,140.68,2024-04-26T09:30:00,145.07,0.0056050105666274885,0.005295486757103679,time,20,PANW
2024-04-03,long,2024-04-03T09:30:00,1500.2,2024-04-17T09:30:00,1404.4,-0.010946912305570825,-0.011170721829380349,trend,10,MELI
2024-04-05,long,2024-04-05T09:30:00,120.01,2024-04-19T09:30:00,117.79,-0.004538799791318878,-0.0048126093151284015,trend,10,PAYX
2024-04-11,long,2024-04-11T09:30:00,504.18,2024-04-15T09:30:00,506.57,0.0007117027707233467,0.0005688456278662039,trend,2,IDXX
2024-04-16,long,2024-04-16T09:30:00,531.0,2024-05-14T09:30:00,522.0,-0.0002353291457237925,-0.0005134426988373457,time,20,ROP
2024-04-16,long,2024-04-16T09:30:00,259.7,2024-05-10T09:30:00,246.28,-0.005089232002963536,-0.005367345556077089,trend,18,WDAY
2024-04-18,long,2024-04-18T09:30:00,34.75,2024-05-01T09:30:00,33.21,-0.003583481149788759,-0.003726338292645902,trend,9,CSX
2024-04-18,long,2024-04-18T09:30:00,134.02,2024-05-16T09:30:00,133.56,-0.0002565329734506351,-0.0004125705031723753,time,20,ROST
2024-04-18,long,2024-04-18T09:30:00,529.39,2024-05-16T09:30:00,581.0,0.0048138721528611,0.00465783462313936,time,20,SNPS
2024-04-18,long,2024-04-18T09:30:00,394.19,2024-05-16T09:30:00,434.59,0.0073051610698915736,0.007149123540169834,time,20,VRTX
2024-04-22,long,2024-04-22T09:30:00,596.77,2024-05-20T09:30:00,725.46,0.017126991815977058,0.01697770031800135,time,20,MPWR
2024-04-23,long,2024-04-23T09:30:00,219.02,2024-05-21T09:30:00,269.26,0.016411186303888,0.016291819048336532,time,20,NXPI
2024-04-23,long,2024-04-23T09:30:00,125.38,2024-05-21T09:30:00,144.68,0.011394639888120311,0.011275272632568846,time,20,PDD
2024-04-23,long,2024-04-23T09:30:00,71.28,2024-05-09T09:30:00,63.57,-0.0037628188236382733,-0.0038639843248037746,trend,12,SHOP
2024-04-24,long,2024-04-24T09:30:00,282.47,2024-05-22T09:30:00,291.92,0.002135231287855281,0.002013183379623162,time,20,CDNS
2024-04-26,long,2024-04-26T09:30:00,69.73266666666667,2024-05-24T09:30:00,65.14666666666668,-0.004901963947831961,-0.005031587613639837,trend,20,ORLY
2024-04-26,long,2024-04-26T09:30:00,881.72,2024-05-24T09:30:00,984.04,0.007718330445073829,0.007588706779265953,time,20,REGN
2024-04-29,long,2024-04-29T09:30:00,120.28,2024-05-03T09:30:00,119.27,-0.0005184343519260489,-0.0006001193336110306,trend,4,PAYX
2024-04-30,long,2024-04-30T09:30:00,503.37,2024-05-01T09:30:00,473.0,-0.004022223546629052,-0.004088890213295718,trend,1,IDXX
2024-05-03,long,2024-05-03T09:30:00,418.08,2024-06-03T09:30:00,434.14,0.0026928286712735203,0.0025649699072305457,time,20,LIN
2024-05-03,long,2024-05-03T09:30:00,146.85,2024-06-03T09:30:00,148.21,-0.00010248691867685957,-0.00023034568271983416,time,20,PANW
2024-05-06,long,2024-05-06T09:30:00,242.28,2024-06-04T09:30:00,244.52,6.2476318244142e-05,-6.402963194601874e-05,time,20,ADP
2024-05-06,long,2024-05-06T09:30:00,153.1,2024-06-04T09:30:00,162.84,0.0037305648562802485,0.0036040589060900878,time,20,AMD
2024-05-07,long,2024-05-07T09:30:00,120.94,2024-05-30T09:30:00,119.0,-0.002205163187451541,-0.0023064308954916946,trend,16,PAYX
2024-05-08,long,2024-05-08T09:30:00,33.06,2024-06-06T09:30:00,32.02,-0.0028892673544859086,-0.003029030880433645,time,20,FAST
2024-05-09,long,2024-05-09T09:30:00,118.11,2024-06-03T09:30:00,111.0,-0.005860332841902028,-0.005972318590071987,trend,16,DDOG
2024-05-10,long,2024-05-10T09:30:00,34.6,2024-05-22T09:30:00,33.11,-0.0027122116214961184,-0.002796225341694049,trend,8,CSX
2024-05-13,long,2024-05-13T09:30:00,513.49,2024-05-30T09:30:00,500.69,-0.0028717815538588857,-0.0029668573114346435,trend,12,IDXX
2024-05-17,long,2024-05-17T09:30:00,538.8,2024-06-17T09:30:00,549.0,0.0027745508727972817,0.002641877990124399,time,20,ROP
2024-05-23,long,2024-05-23T09:30:00,112.19,2024-06-24T09:30:00,113.13,0.0018986138485333338,0.0017735167234362087,time,20,DASH
2024-05-24,long,2024-05-24T09:30:00,79.84,2024-06-10T09:30:00,75.97,-0.004514434716829817,-0.004639531841926942,trend,10,GEHC
2024-05-24,long,2024-05-24T09:30:00,152.44,2024-06-25T09:30:00,160.0,0.0031345034082850215,0.0030094062831878964,time,20,TTWO
2024-05-29,long,2024-05-29T09:30:00,144.88,2024-06-27T09:30:00,150.46,0.0037869966158906427,0.0036635478424418694,time,20,ABNB
2024-05-31,long,2024-05-31T09:30:00,198.02038919067456,2024-07-01T09:30:00,210.68270230170404,0.0060724133123879346,0.005947611725086347,time,20,HON
2024-06-03,long,2024-06-03T09:30:00,287.31,2024-07-02T09:30:00,314.06,0.00915821819473472,0.009028654702671229,time,20,CDNS
2024-06-03,long,2024-06-03T09:30:00,231.73,2024-07-02T09:30:00,239.81,0.0035785977465590457,0.0034490342544955537,time,20,MAR
2024-06-06,long,2024-06-06T09:30:00,121.86,2024-06-27T09:30:00,117.21,-0.00158003998075498,-0.0016959129966279958,trend,14,PAYX
2024-06-10,long,2024-06-10T09:30:00,149.73,2024-07-10T09:30:00,168.5,0.010446764909078449,0.010305296655110196,time,20,PANW
2024-06-11,long,2024-06-11T09:30:00,1593.5,2024-07-11T09:30:00,1710.57,0.004999265448001889,0.004863413799650241,time,20,MELI
2024-06-12,long,2024-06-12T09:30:00,160.32,2024-07-12T09:30:00,182.015,0.009927454515049996,0.009801859276954757,time,20,AMD
2024-06-12,long,2024-06-12T09:30:00,437.6,2024-07-12T09:30:00,437.59,0.00010528368258092799,-2.0311555514310105e-05,time,20,LIN
2024-06-13,long,2024-06-13T09:30:00,106.35,2024-07-15T09:30:00,103.29,-0.0015178237853328252,-0.0016536754336844736,time,20,PCAR
2024-06-17,long,2024-06-17T09:30:00,240.82,2024-06-27T09:30:00,237.87,-0.0004945679043914964,-0.000576252886076478,trend,7,ADP
2024-06-18,long,2024-06-18T09:30:00,240.51,2024-07-18T09:30:00,249.68,0.0024653612617568906,0.0023286549125505415,time,20,ADSK
2024-06-18,long,2024-06-18T09:30:00,69.60533333333333,2024-07-18T09:30:00,69.44533333333334,0.00046740608259724747,0.00033069973339089825,time,20,ORLY
2024-06-24,long,2024-06-24T09:30:00,630.72,2024-07-23T09:30:00,643.68,0.0030011501595597575,0.002850020733430331,time,20,INTU
2024-06-26,long,2024-06-26T09:30:00,88.96,2024-07-25T09:30:00,84.64,-0.0023591274019878587,-0.0025091713939436153,time,20,MCHP
2024-06-26,long,2024-06-26T09:30:00,68.08,2024-07-25T09:30:00,63.85,-0.004147475052022553,-0.00429751904397831,time,20,MRVL
2024-06-27,long,2024-06-27T09:30:00,123.19,2024-07-26T09:30:00,121.43,-0.0015245815834921653,-0.0016912922421145886,time,20,DDOG
2024-06-28,long,2024-06-28T09:30:00,151.54,2024-07-26T09:30:00,141.9,-0.003795332688392982,-0.003957281442253501,trend,19,ABNB
2024-07-03,long,2024-07-03T09:30:00,239.63,2024-08-01T09:30:00,226.15,-0.0001702060878470029,-0.00032790908746176725,time,20,MAR
2024-07-05,long,2024-07-05T09:30:00,135.76,2024-08-02T09:30:00,125.8,-0.006094997854000755,-0.006247206348121014,time,20,PDD
2024-07-17,long,2024-07-17T09:30:00,246.79,2024-08-14T09:30:00,260.91,0.003460151922099071,0.0033541219731492928,time,20,ADP
2024-07-17,long,2024-07-17T09:30:00,35.16,2024-07-25T09:30:00,33.32,-0.0034617893956483048,-0.0035465556098262835,trend,6,CSX
2024-07-17,long,2024-07-17T09:30:00,34.59,2024-08-14T09:30:00,33.255,-0.0009655046884930246,-0.0010715346374428028,time,20,FAST
2024-07-17,long,2024-07-17T09:30:00,82.59,2024-08-14T09:30:00,84.19,0.0004899452045473739,0.00038391525559759574,time,20,GEHC
2024-07-17,long,2024-07-17T09:30:00,124.58,2024-08-14T09:30:00,125.36,0.0005222385196627337,0.0004162085707129555,time,20,PAYX
2024-07-17,long,2024-07-17T09:30:00,109.0,2024-07-24T09:30:00,96.11,-0.007293328065266021,-0.007373927612777333,trend,5,PCAR
2024-07-17,long,2024-07-17T09:30:00,154.13,2024-07-18T09:30:00,149.87,-0.0017274378771167179,-0.001789937877116718,trend,1,TTWO
2024-07-19,long,2024-07-19T09:30:00,915.23,2024-08-05T09:30:00,775.0,-0.007235299267377383,-0.007333402144892026,trend,11,ASML
2024-07-22,long,2024-07-22T09:30:00,245.48,2024-08-06T09:30:00,230.44,-0.0027620425025448305,-0.002847540338042666,trend,11,ADSK
2024-07-22,long,2024-07-22T09:30:00,69.93333333333334,2024-08-19T09:30:00,74.854,0.005365588678786495,0.005272879304827121,time,20,ORLY
2024-07-22,long,2024-07-22T09:30:00,573.0,2024-07-31T09:30:00,552.99,-0.002709339440637632,-0.0027926727739709654,trend,7,SNPS
2024-07-26,long,2024-07-26T09:30:00,206.99,2024-08-08T09:30:00,185.26,-0.004560185798768089,-0.004633778872361162,trend,9,AMAT
2024-07-26,long,2024-07-26T09:30:00,1629.34,2024-08-23T09:30:00,2006.5,0.008998217998677218,0.008916405322106477,time,20,MELI
2024-07-26,long,2024-07-26T09:30:00,251.59,2024-08-08T09:30:00,236.7,-0.0018456984061291932,-0.0019192914797222667,trend,9,NXPI
2024-07-26,long,2024-07-26T09:30:00,179.01,2024-08-23T09:30:00,171.76,-0.0021135331257287875,-0.0021953458022995285,time,20,QCOM
2024-07-29,long,2024-07-29T09:30:00,149.404,2024-08-05T09:30:00,128.2,-0.006648981186982837,-0.006701145689147339,trend,5,BKNG
2024-07-29,long,2024-07-29T09:30:00,176.05,2024-08-26T09:30:00,195.5,0.004899291601380306,0.004837069260944018,time,20,CEG
2024-07-29,long,2024-07-29T09:30:00,201.1834962910098,2024-08-13T09:30:00,194.98578331629042,-0.0012121220499170722,-0.0012657110535060757,trend,11,HON
2024-07-29,long,2024-07-29T09:30:00,637.45,2024-08-26T09:30:00,623.0,-0.0006645055287080874,-0.0007267278691443747,time,20,INTU
2024-07-29,long,2024-07-29T09:30:00,469.88,2024-08-26T09:30:00,527.6,0.005307304094081821,0.0052450817536455335,time,20,META
2024-07-29,long,2024-07-29T09:30:00,549.08,2024-08-06T09:30:00,520.5,-0.002053603942119603,-0.002105768444284105,trend,6,ROP
2024-07-30,long,2024-07-30T09:30:00,142.22,2024-08-27T09:30:00,153.59,0.002379735018266948,0.002319974799042782,time,20,ROST
2024-07-30,long,2024-07-30T09:30:00,50.28722600151172,2024-08-05T09:30:00,40.8390022675737,-0.009298100126108417,-0.009345719173727465,trend,4,WDC
2024-08-01,long,2024-08-01T09:30:00,35.1,2024-08-06T09:30:00,32.14,-0.00376364551541192,-0.0038091000608664657,trend,3,CSX
2024-08-01,long,2024-08-01T09:30:00,420.79,2024-08-29T09:30:00,414.94,-0.000754834988579046,-0.0008161344093424136,time,20,MSFT
2024-08-02,long,2024-08-02T09:30:00,119.75,2024-08-30T09:30:00,136.84,0.004912488343751684,0.004849764421563815,time,20,TER
2024-08-05,long,2024-08-05T09:30:00,206.03,2024-09-03T09:30:00,228.69,0.003828664644354658,0.0037663785452133076,time,20,ADI
2024-08-05,long,2024-08-05T09:30:00,279.64,2024-09-03T09:30:00,361.35,0.011040196295714545,0.010977910196573196,time,20,AXON
2024-08-05,long,2024-08-05T09:30:00,106.31,2024-09-03T09:30:00,128.04,0.008275206551369636,0.008212920452228286,time,20,DASH
2024-08-05,long,2024-08-05T09:30:00,184.13,2024-09-03T09:30:00,191.425,0.001811094452862152,0.0017488083537208015,time,20,FANG
2024-08-06,long,2024-08-06T09:30:00,141.73,2024-09-04T09:30:00,150.3,0.0018470132741747313,0.0017789197216172318,time,20,AVGO
2024-08-06,long,2024-08-06T09:30:00,132.6,2024-09-04T09:30:00,120.25,-0.004144855138662826,-0.004212948691220326,time,20,MSTR
2024-08-06,long,2024-08-06T09:30:00,103.84,2024-09-04T09:30:00,105.41,-0.0005220063791125436,-0.000590099931670043,time,20,NVDA
2024-08-06,long,2024-08-06T09:30:00,27.05,2024-09-04T09:30:00,30.0,0.0037478337461676744,0.003679740193610175,time,20,PLTR
2024-08-07,long,2024-08-07T09:30:00,72.0,2024-09-05T09:30:00,86.56,0.0061872656710059695,0.006112597266285383,time,20,APP
2024-08-07,long,2024-08-07T09:30:00,74.063,2024-09-05T09:30:00,72.578,-0.0018576791008571357,-0.0019323475055777225,time,20,KLAC
2024-08-07,long,2024-08-07T09:30:00,61.607000000000006,2024-09-05T09:30:00,67.314,0.0026541401324929035,0.0025794717277723167,time,20,NFLX
2024-08-08,long,2024-08-08T09:30:00,134.76,2024-08-27T09:30:00,99.99,-0.007989600287750236,-0.008038778496392392,trend,13,PDD
2024-08-09,long,2024-08-09T09:30:00,159.08,2024-09-09T09:30:00,169.42,0.001367839586735803,0.0012845449198392582,time,20,PANW
2024-08-09,long,2024-08-09T09:30:00,95.21,2024-09-09T09:30:00,99.35,0.0016308158897086274,0.0015475212228120826,time,20,STX
2024-08-09,long,2024-08-09T09:30:00,160.6,2024-09-09T09:30:00,168.2,0.001492473032910256,0.0014091783660137112,time,20,TRI
2024-08-12,long,2024-08-12T09:30:00,240.17,2024-09-10T09:30:00,256.18,0.0032757148575550447,0.003124224377850618,time,20,ADSK
2024-08-12,long,2024-08-12T09:30:00,165.99,2024-09-09T09:30:00,153.63,-0.004218750444266606,-0.004298812352542461,trend,19,GOOG
2024-08-12,long,2024-08-12T09:30:00,164.35,2024-09-09T09:30:00,152.51,-0.004054780095899754,-0.004134842004175609,trend,19,GOOGL
2024-08-15,long,2024-08-15T09:30:00,73.02,2024-09-09T09:30:00,68.48,-0.0037385168215131655,-0.0038172559784662692,trend,16,SHOP
2024-08-16,long,2024-08-16T09:30:00,204.95,2024-09-04T09:30:00,179.99,-0.005153795492329187,-0.005204260839758481,trend,12,AMAT
2024-08-16,long,2024-08-16T09:30:00,68.12,2024-09-16T09:30:00,73.87,0.01284800380464501,0.012678490838168098,time,20,MRVL
2024-08-16,long,2024-08-16T09:30:00,251.99,2024-09-09T09:30:00,230.1,-0.004521109090055875,-0.004595383961294693,trend,15,NXPI
2024-08-16,long,2024-08-16T09:30:00,548.45,2024-09-16T09:30:00,554.99,0.0003758539940912043,0.00020634102761429098,time,20,ROP
2024-08-20,long,2024-08-20T09:30:00,147.686,2024-09-18T09:30:00,162.0,0.007127851001693258,0.006954584194970569,time,20,BKNG
2024-08-21,long,2024-08-21T09:30:00,179.92,2024-09-19T09:30:00,190.04,0.009194500246424427,0.009017418504636804,time,20,AMZN
2024-08-22,long,2024-08-22T09:30:00,577.26,2024-08-27T09:30:00,521.93,-0.0030786088658665183,-0.0031119421991998514,trend,3,SNPS
2024-08-26,long,2024-08-26T09:30:00,201.24280454914108,2024-09-09T09:30:00,197.67442435157537,-0.0016072943837338166,-0.001678722955162388,trend,9,HON
2024-09-04,long,2024-09-04T09:30:00,53.5,2024-09-06T09:30:00,49.7,-0.00424826827927432,-0.0043149349459409864,trend,2,CPRT
2024-09-05,long,2024-09-05T09:30:00,124.02,2024-10-03T09:30:00,129.65,0.007325459882180242,0.007137312430217001,time,20,TER
2024-09-09,long,2024-09-09T09:30:00,104.88,2024-10-07T09:30:00,124.99,0.019539523926965948,0.01934845249839452,time,20,NVDA
2024-09-11,long,2024-09-11T09:30:00,148.39,2024-10-09T09:30:00,179.24,0.017370029413914544,0.017215069096454226,time,20,AVGO
2024-09-11,long,2024-09-11T09:30:00,631.69,2024-10-02T09:30:00,607.4,-0.0006918454212426437,-0.0008333136752108976,trend,15,INTU
2024-09-12,long,2024-09-12T09:30:00,136.32,2024-10-10T09:30:00,146.24,0.005628539330594244,0.00552165593621085,time,20,ARM
2024-09-12,long,2024-09-12T09:30:00,34.715,2024-10-10T09:30:00,35.24,0.001330964157017304,0.0012240807626339096,time,20,FAST
2024-09-12,long,2024-09-12T09:30:00,87.02,2024-10-10T09:30:00,90.3,0.0031059824892833753,0.002999099094899981,time,20,GEHC
2024-09-12,long,2024-09-12T09:30:00,74.687,2024-10-10T09:30:00,79.135,0.004109213903272241,0.004002330508888847,time,20,KLAC
2024-09-12,long,2024-09-12T09:30:00,423.31,2024-10-10T09:30:00,415.225,-0.0003761491000515945,-0.0004830324944349889,time,20,MSFT
2024-09-13,long,2024-09-13T09:30:00,191.45,2024-10-11T09:30:00,256.39,0.02138836315289925,0.021279236168772264,time,20,CEG
2024-09-13,long,2024-09-13T09:30:00,202.11265900173328,2024-10-11T09:30:00,212.69918307816778,0.0028452731287066557,0.0027361461445796716,time,20,HON
2024-09-16,long,2024-09-16T09:30:00,137.02,2024-10-14T09:30:00,224.48,0.0316744016053908,0.031565274621263816,time,20,MSTR
2024-09-17,long,2024-09-17T09:30:00,513.27,2024-09-26T09:30:00,503.96,-0.0010554192275790226,-0.001126847799007594,trend,7,IDXX
2024-09-19,long,2024-09-19T09:30:00,242.97,2024-10-17T09:30:00,264.5,0.005137075839026606,0.005029442785805317,time,20,MAR
2024-09-20,long,2024-09-20T09:30:00,34.66,2024-09-26T09:30:00,33.67,-0.0016710477956593858,-0.0017377144623260525,trend,4,CSX
2024-09-23,long,2024-09-23T09:30:00,164.35,2024-10-21T09:30:00,162.95,-0.0004300224857091073,-0.0005365701047567264,time,20,GOOGL
2024-09-24,long,2024-09-24T09:30:00,170.99,2024-09-26T09:30:00,169.22,-0.0005876859475551281,-0.0006465094769668928,trend,2,PEP
2024-09-25,long,2024-09-25T09:30:00,1048.52,2024-10-22T09:30:00,963.0,-0.005333086618453468,-0.005437451697818547,trend,19,REGN
2024-09-26,long,2024-09-26T09:30:00,167.05,2024-10-23T09:30:00,153.0,-0.005110017167898637,-0.005219876752758222,trend,19,AMD
2024-09-27,long,2024-09-27T09:30:00,211.08,2024-10-17T09:30:00,190.0,-0.004956973246608196,-0.005038864862903837,trend,14,AMAT
2024-09-27,long,2024-09-27T09:30:00,514.76,2024-10-02T09:30:00,495.01,-0.0019137510082453623,-0.0019663825871927307,trend,3,IDXX
2024-09-27,long,2024-09-27T09:30:00,53.257747543461825,2024-10-25T09:30:00,54.860166288737716,0.00474823147711519,0.00464183005689798,time,20,WDC
2024-09-30,long,2024-09-30T09:30:00,34.57,2024-10-08T09:30:00,33.71,-0.0011959353585361404,-0.0012538718664726483,trend,6,CSX
2024-10-01,long,2024-10-01T09:30:00,168.86,2024-10-29T09:30:00,169.38,0.001423624000898447,0.0013055684453428915,time,20,GOOG
2024-10-04,long,2024-10-04T09:30:00,552.05,2024-10-08T09:30:00,537.12,-0.001415004933340017,-0.0014676365122873853,trend,2,ROP
2024-10-07,long,2024-10-07T09:30:00,122.2,2024-11-04T09:30:00,122.51,0.0005383422802832374,0.0004091756136165707,time,20,DDOG
2024-10-07,long,2024-10-07T09:30:00,195.95,2024-10-16T09:30:00,180.22,-0.004710981266852281,-0.004779036822407837,trend,7,FANG
2024-10-09,long,2024-10-09T09:30:00,182.82,2024-11-06T09:30:00,200.01,0.0066938377121784865,0.006562650843491617,time,20,AMZN
2024-10-09,long,2024-10-09T09:30:00,54.51,2024-10-24T09:30:00,51.33,-0.004381338136893042,-0.004465205658260564,trend,11,CPRT
2024-10-09,long,2024-10-09T09:30:00,460.0,2024-11-06T09:30:00,505.35,0.007250013026206517,0.0071188261575196475,time,20,VRTX
2024-10-10,long,2024-10-10T09:30:00,544.72,2024-10-28T09:30:00,543.0,-0.0007396208912480586,-0.000837474426601594,trend,12,ROP
2024-10-11,long,2024-10-11T09:30:00,78.73,2024-11-08T09:30:00,82.6375,0.0070704355977838414,0.006922723179483187,time,20,CRWD
2024-10-11,long,2024-10-11T09:30:00,174.0,2024-10-29T09:30:00,169.2,-0.002642686262922482,-0.002745954236778691,trend,12,PEP
2024-10-11,long,2024-10-11T09:30:00,128.3,2024-10-25T09:30:00,111.19,-0.01096166343732004,-0.011048264744509583,trend,10,TER
2024-10-14,long,2024-10-14T09:30:00,106.55,2024-11-11T09:30:00,115.28,0.008178253207330968,0.008033808762886523,time,20,PCAR
2024-10-14,long,2024-10-14T09:30:00,143.57,2024-10-30T09:30:00,138.32,-0.004271792243208667,-0.004371792243208667,trend,12,ROST
2024-10-23,long,2024-10-23T09:30:00,430.86,2024-11-01T09:30:00,409.01,-0.0034083173728661053,-0.003508317372866105,trend,7,MSFT
2024-10-25,long,2024-10-25T09:30:00,23.56,2024-11-22T09:30:00,23.38,-0.0006057385247719363,-0.0007732598922933038,time,20,SPCX
2024-10-29,long,2024-10-29T09:30:00,161.1,2024-10-31T09:30:00,147.8,-0.007184440669052425,-0.007275349759961516,trend,2,AMD
2024-10-29,long,2024-10-29T09:30:00,202.66620274429195,2024-11-26T09:30:00,228.8112598705004,0.010495445724923778,0.010323029252507306,time,20,HON
2024-10-29,long,2024-10-29T09:30:00,52.804232804232804,2024-11-13T09:30:00,48.1859410430839,-0.005591335373045774,-0.0057266889083993095,trend,11,WDC
2024-10-30,long,2024-10-30T09:30:00,182.41,2024-11-27T09:30:00,170.54,-0.0040879906033502965,-0.004246421061780755,time,20,GOOG
2024-10-30,long,2024-10-30T09:30:00,180.68,2024-11-27T09:30:00,169.13,-0.0038932001596148863,-0.004051630618045345,time,20,GOOGL
2024-10-30,long,2024-10-30T09:30:00,249.47,2024-11-01T09:30:00,234.5,-0.004260068884631202,-0.004336991961554279,trend,2,NXPI
2024-10-31,long,2024-10-31T09:30:00,317.69,2024-11-13T09:30:00,306.0,-0.002773948820160253,-0.0028850599312713644,trend,9,AMGN
2024-10-31,long,2024-10-31T09:30:00,547.23,2024-11-01T09:30:00,536.6,-0.0012950069745201558,-0.0013616736411868225,trend,1,ROP
2024-10-31,long,2024-10-31T09:30:00,99.42,2024-11-29T09:30:00,100.1,0.0010765977338038995,0.0009284236856298513,time,20,STX
2024-11-07,long,2024-11-07T09:30:00,565.82,2024-12-06T09:30:00,559.85,-0.00015529660742157872,-0.0002832686353936067,time,20,ROP
2024-11-07,long,2024-11-07T09:30:00,166.32,2024-11-26T09:30:00,160.42,-0.003480479936119282,-0.00360845196409131,trend,13,TRI
2024-11-08,long,2024-11-08T09:30:00,425.32,2024-11-22T09:30:00,412.94,-0.0023910239717957224,-0.0024974342282059786,trend,10,MSFT
2024-11-08,long,2024-11-08T09:30:00,112.14,2024-11-14T09:30:00,101.29,-0.008090986085773688,-0.008197396342183945,trend,4,MU
2024-11-11,long,2024-11-11T09:30:00,1894.14,2024-12-10T09:30:00,1855.0,0.0005998020315187572,0.000482892040924556,time,20,MELI
2024-11-11,long,2024-11-11T09:30:00,144.0,2024-11-13T09:30:00,140.0,-0.0021343743601966664,-0.0022112974371197433,trend,2,ROST
2024-11-14,long,2024-11-14T09:30:00,83.65,2024-11-18T09:30:00,82.11,-0.0016813569436678584,-0.0017722660345769494,trend,2,GEHC
2024-11-14,long,2024-11-14T09:30:00,455.65,2024-12-10T09:30:00,443.0,-0.0016241224921107506,-0.0017319415736140426,trend,17,LIN
2024-11-18,long,2024-11-18T09:30:00,96.59,2024-12-17T09:30:00,91.6,-0.0025412663996159106,-0.0026592978994198564,time,20,AEP
2024-11-19,long,2024-11-19T09:30:00,464.36,2024-12-18T09:30:00,469.25,0.0009324753286452077,0.0008141764491621177,time,20,VRTX
2024-11-20,long,2024-11-20T09:30:00,75.88,2024-12-19T09:30:00,75.88,-2.425890039993851e-05,-0.0001464039337291824,time,20,CCEP
2024-11-25,long,2024-11-25T09:30:00,146.43,2024-12-24T09:30:00,149.09,0.002249864541163911,0.0021122183423335013,time,20,ROST
2024-11-26,long,2024-11-26T09:30:00,226.36,2024-12-19T09:30:00,210.51,-0.0050490085541340214,-0.005157167573477252,trend,16,ADI
2024-11-26,long,2024-11-26T09:30:00,139.15,2024-12-24T09:30:00,127.2,-0.008847993890659846,-0.008979229833079999,trend,19,ARM
2024-11-26,long,2024-11-26T09:30:00,52.33560090702947,2024-12-16T09:30:00,49.22146636432351,-0.0021928864905265367,-0.0022796779885022453,trend,13,WDC
2024-11-27,long,2024-11-27T09:30:00,641.01,2024-12-27T09:30:00,643.24,-0.000690405430552941,-0.0008363488876806087,time,20,INTU
2024-11-27,long,2024-11-27T09:30:00,425.45,2024-12-27T09:30:00,437.0,0.0008603610400717506,0.0007144175829440829,time,20,MSFT
2024-11-27,long,2024-11-27T09:30:00,23.58,2024-12-27T09:30:00,23.31,-0.0005627149744539442,-0.0007086584315816118,time,20,SPCX
2024-11-29,long,2024-11-29T09:30:00,160.38,2024-12-30T09:30:00,240.56,0.02545881494489318,0.02529263339252742,time,20,AVGO
2024-11-29,long,2024-11-29T09:30:00,199.66,2024-12-18T09:30:00,188.18,-0.003325406407530239,-0.0034130526063606485,trend,13,TXN
2024-12-02,long,2024-12-02T09:30:00,102.21,2024-12-17T09:30:00,95.4,-0.003746180358387268,-0.003821816753296109,trend,11,STX
2024-12-03,long,2024-12-03T09:30:00,173.38,2025-01-02T09:30:00,191.04,0.00506602111089747,0.004893093526785675,time,20,GOOG
2024-12-03,long,2024-12-03T09:30:00,171.62,2025-01-02T09:30:00,190.0,0.005346175013532568,0.005173247429420774,time,20,GOOGL
2024-12-05,long,2024-12-05T09:30:00,167.95,2024-12-30T09:30:00,160.69,-0.003973291936688634,-0.004125438401335098,trend,16,TRI
2024-12-11,long,2024-12-11T09:30:00,1890.0,2024-12-19T09:30:00,1750.0,-0.004933011467045206,-0.005013202517824492,trend,6,MELI
2024-12-12,long,2024-12-12T09:30:00,549.41,2024-12-16T09:30:00,541.01,-0.000844427833662077,-0.0008999833892176325,trend,2,ROP
2024-12-16,long,2024-12-16T09:30:00,246.44,2025-01-16T09:30:00,253.0,0.009921833979353801,0.009628219260739082,time,20,ALNY
2024-12-23,long,2024-12-23T09:30:00,229.5,2025-01-24T09:30:00,347.34,0.059150175515365354,0.05886565170584154,time,20,CEG
2024-12-26,long,2024-12-26T09:30:00,129.45,2025-01-28T09:30:00,122.0,0.005691617031589223,0.005414037666509858,trend,20,TER
2024-12-27,long,2024-12-27T09:30:00,76.4,2025-01-13T09:30:00,73.75,-0.004989236384961078,-0.00522098241670711,trend,9,CCEP
2024-12-30,long,2024-12-30T09:30:00,430.7,2025-01-03T09:30:00,420.58,-0.0035816515393734833,-0.0037661753488972926,trend,3,MSFT
2024-12-31,long,2024-12-31T09:30:00,36.13,2025-01-31T09:30:00,37.46,0.0063847018332970976,0.006109228695323959,time,20,FAST
2025-01-06,long,2025-01-06T09:30:00,38.05,2025-01-08T09:30:00,37.54,-0.0018154080660007417,-0.0019820747326674084,trend,2,EXC
2025-01-07,long,2025-01-07T09:30:00,147.39,2025-02-06T09:30:00,163.0,0.01238619988486983,0.012193205379375325,time,20,ARM
2025-01-07,long,2025-01-07T09:30:00,428.49,2025-01-13T09:30:00,417.0,-0.003229811886469762,-0.0033548118864697623,trend,3,MSFT
2025-01-07,long,2025-01-07T09:30:00,134.91,2025-02-06T09:30:00,152.0,0.014490976616361811,0.014297982110867306,time,20,PAYX
2025-01-14,long,2025-01-14T09:30:00,151.27,2025-02-07T09:30:00,145.99,-0.0034149486021370578,-0.003589628089316545,trend,17,ROST
2025-01-16,long,2025-01-16T09:30:00,38.05,2025-02-14T09:30:00,42.97,0.011877062311372238,0.011695972567782494,time,20,EXC
2025-01-17,long,2025-01-17T09:30:00,97.27,2025-02-18T09:30:00,101.71,0.0032477515634882445,0.0030984078516445327,time,20,AEP
2025-01-17,long,2025-01-17T09:30:00,76.333,2025-01-28T09:30:00,71.3,-0.004150367803592528,-0.004265645581370305,trend,6,KLAC
2025-01-21,long,2025-01-21T09:30:00,227.33,2025-02-19T09:30:00,245.0,0.004724015938846978,0.004608860261191301,time,20,AAPL
2025-01-21,long,2025-01-21T09:30:00,77.7,2025-02-19T09:30:00,86.7,0.007738498831497097,0.007623343153841419,time,20,CCEP
2025-01-21,long,2025-01-21T09:30:00,430.26,2025-01-30T09:30:00,425.85,-0.0004061563129238448,-0.0004975024667699987,trend,7,MSFT
2025-01-21,long,2025-01-21T09:30:00,179.13,2025-02-19T09:30:00,207.34,0.011422036723681282,0.011306881046025605,time,20,PANW
2025-01-22,long,2025-01-22T09:30:00,265.71,2025-02-20T09:30:00,249.21,-0.0040151147540816,-0.004136680688147534,time,20,ALNY
2025-01-22,long,2025-01-22T09:30:00,201.97,2025-02-20T09:30:00,207.26,0.0022922395885370084,0.0021706736544710743,time,20,CTAS
2025-01-23,long,2025-01-23T09:30:00,222.95,2025-01-29T09:30:00,210.51,-0.003909500522023215,-0.003986423598946292,trend,4,ADI
2025-01-29,long,2025-01-29T09:30:00,1900.52,2025-02-27T09:30:00,2197.64,0.013149418040623717,0.013029937521143198,time,20,MELI
2025-01-29,long,2025-01-29T09:30:00,165.84,2025-02-27T09:30:00,179.88,0.007916643844470814,0.007797163324990294,time,20,TRI
2025-01-31,long,2025-01-31T09:30:00,23.42,2025-02-03T09:30:00,23.4,-6.569007422979184e-05,-0.00014261315115286877,trend,1,SPCX
2025-02-04,long,2025-02-04T09:30:00,36.755,2025-03-05T09:30:00,37.13,0.0010357541229005479,0.0009170672542136791,time,20,FAST
2025-02-04,long,2025-02-04T09:30:00,467.98,2025-03-05T09:30:00,485.25,0.002753833067282549,0.0026351461985956804,time,20,VRTX
2025-02-06,long,2025-02-06T09:30:00,450.16,2025-03-07T09:30:00,466.28,0.002662553894504287,0.0025369225813729737,time,20,LIN
2025-02-11,long,2025-02-11T09:30:00,133.04,2025-03-04T09:30:00,114.06,-0.01085793923856684,-0.010964721345348948,trend,14,NVDA
2025-02-11,long,2025-02-11T09:30:00,78.42,2025-02-27T09:30:00,72.14,-0.0064093559431634,-0.006505026938834395,trend,11,PYPL
2025-02-13,long,2025-02-13T09:30:00,86.01,2025-03-05T09:30:00,85.0,-0.0006697387671047744,-0.0007717589691249764,trend,13,GEHC
2025-02-14,long,2025-02-14T09:30:00,102.27,2025-03-05T09:30:00,95.01,-0.004831307882727395,-0.004933328084747597,trend,12,STX
2025-02-18,long,2025-02-18T09:30:00,130.4,2025-02-21T09:30:00,126.88,-0.0023971708590196285,-0.0024880799499287193,trend,3,DDOG
2025-02-20,long,2025-02-20T09:30:00,241.01,2025-03-11T09:30:00,216.97,-0.006879735827592781,-0.0069976290454859995,trend,13,ADI
2025-02-21,long,2025-02-21T09:30:00,203.53,2025-02-28T09:30:00,191.44,-0.004314988510436141,-0.004417008712456343,trend,5,TXN
2025-02-25,long,2025-02-25T09:30:00,286.58,2025-03-07T09:30:00,260.39,-0.005988476067650745,-0.006073198289872967,trend,8,ADSK
2025-02-25,long,2025-02-25T09:30:00,497.0,2025-03-25T09:30:00,574.97,0.011005412538917802,0.01089823736115439,time,20,AXON
2025-02-25,long,2025-02-25T09:30:00,35.0,2025-02-27T09:30:00,33.34,-0.0027229512761868173,-0.002789617942853484,trend,2,KDP
2025-02-25,long,2025-02-25T09:30:00,72.05,2025-03-10T09:30:00,60.5,-0.010517280005473015,-0.010610930799123808,trend,9,LITE
2025-02-26,long,2025-02-26T09:30:00,205.91,2025-03-14T09:30:00,191.0,-0.004674033455126332,-0.004766829547922425,trend,12,CTAS
2025-02-26,long,2025-02-26T09:30:00,176.36,2025-02-28T09:30:00,169.2,-0.002582509304809308,-0.002649175971475975,trend,2,GOOGL
2025-02-26,long,2025-02-26T09:30:00,307.0,2025-03-11T09:30:00,221.04,-0.01917554229472515,-0.019258081977264835,trend,9,TSLA
2025-02-27,long,2025-02-27T09:30:00,270.0,2025-03-27T09:30:00,329.83,0.017439781345116177,0.017341085699516506,time,20,MSTR
2025-02-28,long,2025-02-28T09:30:00,307.46,2025-03-28T09:30:00,304.55,-0.0004024607646847475,-0.0005011564102844179,time,20,AMGN
2025-02-28,long,2025-02-28T09:30:00,17.2,2025-03-28T09:30:00,20.35,0.01453621424966728,0.01443751860406761,time,20,RKLB
2025-03-03,long,2025-03-03T09:30:00,241.62,2025-03-14T09:30:00,210.72,-0.008598472702898173,-0.008680157684583155,trend,9,AAPL
2025-03-03,long,2025-03-03T09:30:00,253.51,2025-03-07T09:30:00,210.05,-0.010858692752243368,-0.010921192752243368,trend,4,CEG
2025-03-03,long,2025-03-03T09:30:00,92.38,2025-03-06T09:30:00,79.11,-0.008799607985869652,-0.008862107985869653,trend,3,MRVL
2025-03-04,long,2025-03-04T09:30:00,188.0,2025-03-28T09:30:00,171.99,-0.0035239593521305098,-0.003611543886619069,trend,18,AVGO
2025-03-05,long,2025-03-05T09:30:00,206.49,2025-03-11T09:30:00,194.35,-0.003928854029026275,-0.004000282600454846,trend,4,AMZN
2025-03-05,long,2025-03-05T09:30:00,185.99,2025-03-31T09:30:00,170.19,-0.003882870943505831,-0.003975468009322711,trend,18,PANW
2025-03-06,long,2025-03-06T09:30:00,37.205,2025-04-03T09:30:00,37.83,0.0012273735772801201,0.0011318525348550529,time,20,FAST
2025-03-07,long,2025-03-07T09:30:00,23.67,2025-04-04T09:30:00,23.85,0.0005912286712338854,0.0004868840993970535,time,20,SPCX
2025-03-10,long,2025-03-10T09:30:00,86.48,2025-03-13T09:30:00,83.78,-0.0020806113190314918,-0.0021575343959545686,trend,3,GEHC
2025-03-10,long,2025-03-10T09:30:00,1981.87,2025-04-03T09:30:00,1868.0,-0.0018288856017192902,-0.0019196447393824527,trend,18,MELI
2025-03-11,long,2025-03-11T09:30:00,89.77199999999999,2025-04-08T09:30:00,90.26666666666667,-0.00019000400400491144,-0.0003307631416680739,time,20,ORLY
2025-03-12,long,2025-03-12T09:30:00,261.36,2025-04-09T09:30:00,239.5,0.008686772545381336,0.00856043648464125,time,20,APP
2025-03-12,long,2025-03-12T09:30:00,608.0,2025-04-03T09:30:00,563.71,-0.0034474138588788733,-0.0035237499196189587,trend,16,META
2025-03-12,long,2025-03-12T09:30:00,86.99,2025-04-09T09:30:00,80.63,-0.0032631514165627545,-0.00338948747730284,time,20,WMT
2025-03-13,long,2025-03-13T09:30:00,296.18,2025-04-09T09:30:00,274.0,-0.005976713809528732,-0.006096105425824373,trend,19,ADP
2025-03-13,long,2025-03-13T09:30:00,98.36,2025-04-04T09:30:00,88.12,-0.006008531236221461,-0.006086746381928867,trend,16,SBUX
2025-03-13,long,2025-03-13T09:30:00,95.49,2025-04-04T09:30:00,82.24,-0.00693697752981583,-0.007015192675523235,trend,16,SHOP
2025-03-14,long,2025-03-14T09:30:00,84.5025,2025-04-07T09:30:00,75.54,-0.006457636237495957,-0.006543694520458265,trend,16,CRWD
2025-03-18,long,2025-03-18T09:30:00,461.59,2025-04-07T09:30:00,421.94,-0.005771523849431586,-0.005854314158537684,trend,14,LIN
2025-03-24,long,2025-03-24T09:30:00,285.99,2025-04-07T09:30:00,220.37,-0.014697485469975638,-0.014774720223526182,trend,10,ALNY
2025-03-24,long,2025-03-24T09:30:00,186.8,2025-04-07T09:30:00,167.2,-0.006552126522029097,-0.00662936127557964,trend,10,BKNG
2025-03-26,long,2025-03-26T09:30:00,206.21,2025-03-31T09:30:00,191.35,-0.003783379287933467,-0.0038383918192617878,trend,3,AMZN
2025-03-27,long,2025-03-27T09:30:00,34.23,2025-04-07T09:30:00,34.37,-0.00010011641146898554,-0.00017233863369120776,trend,7,KDP
2025-03-27,long,2025-03-27T09:30:00,150.4,2025-04-25T09:30:00,143.96,0.0006005479364372563,0.0004495036590771895,time,20,PAYX
2025-03-28,long,2025-03-28T09:30:00,205.02,2025-04-08T09:30:00,190.03,-0.000884782617913079,-0.0009903381734686345,trend,7,CTAS
2025-03-31,long,2025-03-31T09:30:00,520.0,2025-04-29T09:30:00,607.99,0.02128124067767278,0.021127564821365345,time,20,AXON
2025-04-01,long,2025-04-01T09:30:00,942.15,2025-04-30T09:30:00,991.6,0.009666693997577627,0.009518573696825747,time,20,COST
2025-04-01,long,2025-04-01T09:30:00,292.99,2025-04-30T09:30:00,379.34,0.02640233826444512,0.02625421796369324,time,20,MSTR
2025-04-04,long,2025-04-04T09:30:00,56.41,2025-04-07T09:30:00,53.82,-0.0030609230041954705,-0.003127589670862137,trend,1,CPRT
2025-04-07,long,2025-04-07T09:30:00,41.14,2025-04-08T09:30:00,41.56,0.0010209042294603732,0.0009209042294603732,trend,1,FER
2025-04-08,long,2025-04-08T09:30:00,87.799,2025-05-07T09:30:00,114.101,0.020007695135035516,0.019859574834283637,time,20,NFLX
2025-04-08,long,2025-04-08T09:30:00,80.89,2025-05-07T09:30:00,109.9,0.029024559570802404,0.028876439270050524,time,20,PLTR
2025-04-08,long,2025-04-08T09:30:00,247.65,2025-05-07T09:30:00,254.3,0.005560928355936565,0.005412808055184685,time,20,TMUS
2025-04-10,long,2025-04-10T09:30:00,102.25,2025-05-09T09:30:00,104.61,0.0017876211914164266,0.001705474916638573,time,20,AEP
2025-04-10,long,2025-04-10T09:30:00,276.8,2025-05-09T09:30:00,339.0,0.009085056905426893,0.00900291063064904,time,20,APP
2025-04-10,long,2025-04-10T09:30:00,186.5,2025-05-09T09:30:00,183.94,3.295654366325916e-05,-4.918973111459457e-05,time,20,DASH
2025-04-10,long,2025-04-10T09:30:00,100.18,2025-05-09T09:30:00,97.5,-0.001089510577584925,-0.0011716568523627785,time,20,FTNT
2025-04-10,long,2025-04-10T09:30:00,20.16,2025-05-09T09:30:00,22.9,0.006576973248062326,0.006494826973284472,time,20,RKLB
2025-04-10,long,2025-04-10T09:30:00,23.25,2025-04-14T09:30:00,23.9,0.0018637992831541143,0.0017923707117255428,trend,2,SPCX
2025-04-10,long,2025-04-10T09:30:00,68.18,2025-05-09T09:30:00,70.25,0.0018974311582051788,0.0018152848834273251,time,20,XEL
2025-04-11,long,2025-04-11T09:30:00,90.64,2025-05-12T09:30:00,98.5,0.004851006110232713,0.004763520730115755,time,20,WMT
2025-04-14,long,2025-04-14T09:30:00,299.65,2025-05-13T09:30:00,309.9,0.001812011843481847,0.0017385615510841861,time,20,ADP
2025-04-14,long,2025-04-14T09:30:00,208.33,2025-05-13T09:30:00,217.41,0.001971775086093332,0.001898324793695671,time,20,CTAS
2025-04-14,long,2025-04-14T09:30:00,40.435,2025-05-13T09:30:00,40.175,-2.8809651757172952e-05,-0.00010225994415483374,time,20,FAST
2025-04-14,long,2025-04-14T09:30:00,2047.99,2025-05-13T09:30:00,2504.61,0.010673086896147441,0.01059963660374978,time,20,MELI
2025-04-14,long,2025-04-14T09:30:00,174.0,2025-05-13T09:30:00,184.71,0.0030092626050644746,0.0029358123126668138,time,20,TRI
2025-04-17,long,2025-04-17T09:30:00,561.5,2025-04-22T09:30:00,532.0,-0.0026480329538684233,-0.0026980329538684234,trend,2,ROP
2025-04-24,long,2025-04-24T09:30:00,189.2412,2025-05-22T09:30:00,211.8996,0.005984761921515729,0.005916574787012805,time,20,BKNG
2025-04-29,long,2025-04-29T09:30:00,145.01,2025-05-28T09:30:00,159.23,0.004468429462132208,0.004396289758459323,time,20,PAYX
2025-04-30,long,2025-04-30T09:30:00,185.97,2025-05-29T09:30:00,189.98,0.0013543551162177154,0.0012800509103803289,time,20,PANW
2025-04-30,long,2025-04-30T09:30:00,554.9,2025-05-29T09:30:00,572.54,0.001348285789443046,0.0012739815836056594,time,20,ROP
2025-05-01,long,2025-05-01T09:30:00,268.56,2025-05-30T09:30:00,292.45,0.00455421683340768,0.004482544206517662,time,20,ALNY
2025-05-01,long,2025-05-01T09:30:00,198.4,2025-05-30T09:30:00,241.21,0.010283992146864703,0.010212319519974686,time,20,AVGO
2025-05-05,long,2025-05-05T09:30:00,59.19,2025-06-03T09:30:00,63.58,0.0037256594454856593,0.0036543836439924663,time,20,CSCO
2025-05-05,long,2025-05-05T09:30:00,525.92,2025-06-03T09:30:00,552.0,0.0025230871006792764,0.0024518112991860834,time,20,ISRG
2025-05-05,long,2025-05-05T09:30:00,453.0,2025-05-07T09:30:00,449.3,-0.0003292396616020264,-0.0003709063282686931,trend,2,LIN
2025-05-06,long,2025-05-06T09:30:00,211.28566959270546,2025-06-04T09:30:00,224.72887476913024,0.0031900037033899304,0.0031174705919552173,time,20,HON
2025-05-07,long,2025-05-07T09:30:00,98.46,2025-06-05T09:30:00,109.0,0.005247167760382068,0.0051713666750911455,time,20,GILD
2025-05-09,long,2025-05-09T09:30:00,289.6,2025-06-09T09:30:00,297.85,0.0015062162340131477,0.00142673867813399,time,20,ADSK
2025-05-09,long,2025-05-09T09:30:00,257.92,2025-05-27T09:30:00,241.9,-0.002129390272905323,-0.0021869221130458587,trend,11,WDAY
2025-05-12,long,2025-05-12T09:30:00,100.0,2025-06-10T09:30:00,102.0,0.0011536750039842399,0.0010700307814384155,time,20,FTNT
2025-05-13,long,2025-05-13T09:30:00,207.61,2025-06-11T09:30:00,216.92,0.003059676425059753,0.0029760322025139284,time,20,AMZN
2025-05-13,long,2025-05-13T09:30:00,270.49,2025-06-11T09:30:00,268.98,0.0004328639291397011,0.00034921970659387673,time,20,MAR
2025-05-13,long,2025-05-13T09:30:00,104.22,2025-06-11T09:30:00,110.54,0.004140378548131951,0.004056734325586127,time,20,SHOP
2025-05-13,long,2025-05-13T09:30:00,316.53,2025-06-11T09:30:00,333.11,0.0032562858097493525,0.003172641587203528,time,20,TSLA
2025-05-13,long,2025-05-13T09:30:00,67.78,2025-06-11T09:30:00,68.85,0.000878150670163234,0.0007945064476174097,time,20,XEL
2025-05-14,long,2025-05-14T09:30:00,74.52,2025-06-12T09:30:00,82.23,0.005772730730053532,0.005666232972154172,time,20,LITE
2025-05-14,long,2025-05-14T09:30:00,21.88,2025-06-12T09:30:00,27.36,0.011329722418143786,0.011223224660244425,time,20,RKLB
2025-05-15,long,2025-05-15T09:30:00,88.36,2025-06-13T09:30:00,90.39,-0.00047112921525481206,-0.0005954480409752396,time,20,ALAB
2025-05-16,long,2025-05-16T09:30:00,101.71,2025-06-16T09:30:00,102.89,0.0011091372860555341,0.0009869829624996086,time,20,AEP
2025-05-19,long,2025-05-19T09:30:00,242.58,2025-06-17T09:30:00,223.06,-0.00704989804215287,-0.007170076081123815,trend,20,TMUS
2025-05-23,long,2025-05-23T09:30:00,58.77,2025-05-27T09:30:00,54.56,-0.0031145733922217063,-0.0031580516530912714,trend,1,CPRT
2025-05-27,long,2025-05-27T09:30:00,135.0,2025-06-25T09:30:00,148.0,0.005471823502774628,0.005353621748388663,time,20,NVDA
2025-05-29,long,2025-05-29T09:30:00,10.21,2025-06-27T09:30:00,11.16,0.00733327116352806,0.0072150694091420945,time,20,WBD
2025-06-02,long,2025-06-02T09:30:00,191.02,2025-07-01T09:30:00,204.21,0.005306288847397329,0.005187334599031316,time,20,PANW
2025-06-03,long,2025-06-03T09:30:00,291.0,2025-07-02T09:30:00,309.0,0.0025492256220696957,0.0024302713737036825,time,20,CDNS
2025-06-10,long,2025-06-10T09:30:00,177.69,2025-06-23T09:30:00,167.81,-0.004533457543484783,-0.004644568654595894,trend,8,GOOG
2025-06-10,long,2025-06-10T09:30:00,176.07,2025-06-23T09:30:00,166.63,-0.004469178612815868,-0.0045802897239269795,trend,8,GOOGL
2025-06-13,long,2025-06-13T09:30:00,68.51,2025-07-15T09:30:00,68.87,-0.0008915317668591884,-0.0010154352756311183,time,20,XEL
2025-06-16,long,2025-06-16T09:30:00,213.07,2025-07-16T09:30:00,225.7,0.003472511229768734,0.0033609666039439226,time,20,AMZN
2025-06-16,long,2025-06-16T09:30:00,106.12,2025-07-16T09:30:00,114.52,0.005150460192181395,0.005038915566356583,time,20,SHOP
2025-06-16,long,2025-06-16T09:30:00,94.74,2025-07-16T09:30:00,95.32,0.0008288960317482197,0.000717351405923408,time,20,WMT
2025-06-17,long,2025-06-17T09:30:00,94.5,2025-07-17T09:30:00,92.96,-0.0008604338065359861,-0.0009886450990274644,time,20,ALAB
2025-06-18,long,2025-06-18T09:30:00,101.65,2025-07-18T09:30:00,106.15,0.0029105409080816724,0.002801810135070714,time,20,AEP
2025-06-18,long,2025-06-18T09:30:00,88.89,2025-07-18T09:30:00,91.96,0.002016490869050088,0.0019077600960391292,time,20,ORLY
2025-06-18,long,2025-06-18T09:30:00,562.58,2025-06-20T09:30:00,561.4,-0.00014981996211333685,-0.00022124853354190825,trend,1,ROP
2025-06-20,long,2025-06-20T09:30:00,130.1,2025-07-21T09:30:00,145.23,0.007722075381672701,0.007607850103167237,time,20,DDOG
2025-06-23,long,2025-06-23T09:30:00,979.5,2025-07-22T09:30:00,948.53,-0.0020642974160562026,-0.0021737607897997623,time,20,COST
2025-06-23,long,2025-06-23T09:30:00,100.0,2025-07-22T09:30:00,106.58,0.004920540659441697,0.004811077285698137,time,20,FTNT
2025-06-23,long,2025-06-23T09:30:00,562.59,2025-07-11T09:30:00,549.83,-0.0010173647559076704,-0.0010906318697707596,trend,13,ROP
2025-06-24,long,2025-06-24T09:30:00,346.0,2025-07-23T09:30:00,351.8,0.0008562431865381873,0.0007427181881447678,time,20,APP
2025-06-24,long,2025-06-24T09:30:00,353.8,2025-07-08T09:30:00,295.8,-0.009855488937556335,-0.009917988937556335,trend,9,TSLA
2025-06-25,long,2025-06-25T09:30:00,269.01,2025-07-24T09:30:00,272.99,0.0005541877521759124,0.00043308699620673533,time,20,MAR
2025-06-30,long,2025-06-30T09:30:00,303.37,2025-07-29T09:30:00,307.97,0.0017686377069533461,0.0016512134215724043,time,20,ADP
2025-07-01,long,2025-07-01T09:30:00,177.39,2025-07-30T09:30:00,196.19,0.007253355730597406,0.007133704913578167,time,20,GOOG
2025-07-01,long,2025-07-01T09:30:00,543.41,2025-07-14T09:30:00,508.74,-0.0035249893414330937,-0.0035863928502050234,trend,8,ISRG
2025-07-02,long,2025-07-02T09:30:00,176.0,2025-07-31T09:30:00,196.49,0.008086347500426347,0.007960286426996852,time,20,GOOGL
2025-07-03,long,2025-07-03T09:30:00,76.46,2025-07-14T09:30:00,71.02,-0.003999536714646264,-0.004058016246810007,trend,6,PYPL
2025-07-09,long,2025-07-09T09:30:00,95.46,2025-07-15T09:30:00,93.18,-0.0013619469832398153,-0.00142077051265158,trend,4,SBUX
2025-07-14,long,2025-07-14T09:30:00,186.49,2025-07-31T09:30:00,184.25,-0.0015494482878743113,-0.0016696614080874315,trend,13,PANW
2025-07-17,long,2025-07-17T09:30:00,289.45,2025-08-12T09:30:00,285.11,-0.0005225543512256849,-0.0006551051337764675,trend,18,ADSK
2025-07-17,long,2025-07-17T09:30:00,42.9,2025-08-14T09:30:00,45.01,0.004214831285760747,0.004070375741305202,time,20,EXC
2025-07-17,long,2025-07-17T09:30:00,69.19,2025-08-14T09:30:00,72.7,0.0039184720498216365,0.003774016505366092,time,20,XEL
2025-07-18,long,2025-07-18T09:30:00,98.86,2025-08-15T09:30:00,189.7,0.060825005268690675,0.060672973966659376,time,20,ALAB
2025-07-21,long,2025-07-21T09:30:00,333.39,2025-08-04T09:30:00,305.5,-0.007584758034554794,-0.007695147644944405,trend,10,TSLA
2025-07-21,long,2025-07-21T09:30:00,95.73,2025-08-18T09:30:00,100.73,0.004996533886092438,0.0048499970895556415,time,20,WMT
2025-07-24,long,2025-07-24T09:30:00,44.69,2025-08-21T09:30:00,43.1,-0.002570403580860805,-0.0027093646198218437,time,20,BKR
2025-07-24,long,2025-07-24T09:30:00,245.97,2025-08-21T09:30:00,259.14,0.004645765527708026,0.004506804488746987,time,20,TMUS
2025-07-28,long,2025-07-28T09:30:00,149.2959,2025-08-04T09:30:00,139.44,-0.005445632017396548,-0.0055365411083056395,trend,5,PAYX
2025-07-28,long,2025-07-28T09:30:00,561.62,2025-07-31T09:30:00,550.68,-0.0016260021600345814,-0.0017093354933679146,trend,3,ROP
2025-07-31,long,2025-07-31T09:30:00,308.49,2025-08-28T09:30:00,303.11,-0.001488423598002506,-0.0016543687639476719,time,20,ADP
2025-07-31,long,2025-07-31T09:30:00,101.46,2025-08-07T09:30:00,77.8,-0.02386714556232654,-0.023974721319902297,trend,5,FTNT
2025-08-01,long,2025-08-01T09:30:00,80.56,2025-08-05T09:30:00,76.41,-0.004986768509101612,-0.005086768509101613,trend,2,DXCM
2025-08-05,long,2025-08-05T09:30:00,218.42242998783686,2025-08-12T09:30:00,214.49820024148346,-0.0015947922167688993,-0.0016947922167688994,trend,5,HON
2025-08-07,long,2025-08-07T09:30:00,370.0,2025-09-05T09:30:00,500.84,0.030265099169952243,0.030118695573548647,time,20,APP
2025-08-07,long,2025-08-07T09:30:00,90.57,2025-09-05T09:30:00,87.08,-0.0047176952998098445,-0.004864098896213441,time,20,CCEP
2025-08-07,long,2025-08-07T09:30:00,24.91,2025-09-08T09:30:00,24.78,0.0005896207987969892,0.00041821720239339276,time,21,SPCX
2025-08-07,long,2025-08-07T09:30:00,321.63,2025-09-05T09:30:00,340.57,0.006279879336389009,0.006133475739985413,time,20,TSLA
2025-08-11,long,2025-08-11T09:30:00,980.02,2025-08-26T09:30:00,941.81,-0.004371042319071738,-0.004489729187758607,trend,11,COST
2025-08-14,long,2025-08-14T09:30:00,217.829347406524,2025-08-18T09:30:00,214.49820024148346,-0.0013902238796734388,-0.0014811329705825297,trend,2,HON
2025-08-15,long,2025-08-15T09:30:00,106.71,2025-09-15T09:30:00,109.68,0.008854831814800788,0.008623446533415506,time,20,CRWD
2025-08-18,long,2025-08-18T09:30:00,80.93,2025-08-26T09:30:00,75.95,-0.006014872486018303,-0.006133559354705172,trend,6,DXCM
2025-08-18,long,2025-08-18T09:30:00,71.93,2025-09-16T09:30:00,72.8,0.0005630200758369078,0.0003316347944516265,time,20,XEL
2025-08-19,long,2025-08-19T09:30:00,289.65,2025-08-22T09:30:00,286.5,-0.0009365455429564832,-0.0010365455429564832,trend,3,ADSK
2025-08-25,long,2025-08-25T09:30:00,345.0,2025-09-08T09:30:00,328.0,-0.005639251715939547,-0.005786473938161769,trend,9,MSTR
2025-08-26,long,2025-08-26T09:30:00,210.66,2025-09-03T09:30:00,204.37,-0.0031911408646795795,-0.003313363086901802,trend,5,CTAS
2025-08-27,long,2025-08-27T09:30:00,96.1,2025-09-25T09:30:00,102.95,0.008444309109180018,0.008242721807592716,time,20,WMT
2025-08-29,long,2025-08-29T09:30:00,43.77,2025-09-29T09:30:00,44.07,0.0006934995881743536,0.0004851662548410203,time,20,EXC
2025-09-03,long,2025-09-03T09:30:00,190.52,2025-10-01T09:30:00,201.32,0.009644182407965466,0.009412039550822609,time,20,PANW
2025-09-05,long,2025-09-05T09:30:00,81.16,2025-09-10T09:30:00,78.02,-0.006379295960847282,-0.006545962627513949,trend,3,DXCM
2025-09-09,long,2025-09-09T09:30:00,90.03,2025-10-07T09:30:00,87.46,-0.003029240797890271,-0.0032375741312236045,time,20,CCEP
2025-09-15,long,2025-09-15T09:30:00,2337.76,2025-10-07T09:30:00,2151.87,-0.011987554107186958,-0.012195887440520291,trend,16,MELI
2025-09-16,long,2025-09-16T09:30:00,24.01,2025-10-15T09:30:00,25.9,0.011759617903625749,0.01149572901473686,time,21,SPCX
2025-09-22,long,2025-09-22T09:30:00,107.19,2025-10-20T09:30:00,117.55,0.010985877037796351,0.010680321482240795,time,20,AEP
2025-09-22,long,2025-09-22T09:30:00,684.0,2025-10-08T09:30:00,657.58,-0.005698565702872235,-0.005879121258427791,trend,12,INTU
2025-10-01,long,2025-10-01T09:30:00,45.01,2025-10-29T09:30:00,47.44,0.006404566309703881,0.006099010754148326,time,20,EXC
2025-10-02,long,2025-10-02T09:30:00,110.82,2025-10-30T09:30:00,118.44,0.011157669930594742,0.010860447708372519,time,20,GILD
2025-10-02,long,2025-10-02T09:30:00,465.3,2025-10-14T09:30:00,455.17,-0.0040527993820113776,-0.004233354937566933,trend,8,LIN
2025-10-03,long,2025-10-03T09:30:00,116.501,2025-10-31T09:30:00,112.7,-0.01203228195025536,-0.012315615283588693,time,20,NFLX
2025-10-07,long,2025-10-07T09:30:00,355.0,2025-10-08T09:30:00,332.0,-0.008098591549295778,-0.008223591549295778,trend,1,MSTR
2025-10-14,long,2025-10-14T09:30:00,702.54,2025-10-16T09:30:00,647.26,-0.012992104992659717,-0.013158771659326385,trend,2,AXON
2025-10-15,long,2025-10-15T09:30:00,211.67919999999998,2025-10-16T09:30:00,202.3876,-0.007315787285666231,-0.0074824539523328975,trend,1,BKNG
2025-10-20,long,2025-10-20T09:30:00,90.26,2025-11-04T09:30:00,86.5,-0.006995697969725285,-0.007279031303058618,trend,11,CCEP
2025-10-24,long,2025-10-24T09:30:00,722.0,2025-11-05T09:30:00,565.23,-0.053734454203882225,-0.05401778753721556,trend,8,AXON
2025-10-24,long,2025-10-24T09:30:00,98.33,2025-11-04T09:30:00,92.15,-0.011320089842536806,-0.011520089842536807,trend,7,ORLY
2025-10-30,long,2025-10-30T09:30:00,296.0,2025-11-07T09:30:00,293.01,-0.009996329849439638,-0.010496329849439639,trend,6,ADSK
2025-10-30,long,2025-10-30T09:30:00,701.0,2025-11-03T09:30:00,654.7,-0.011196034015688841,-0.011362700682355509,trend,2,META
2025-10-31,long,2025-10-31T09:30:00,2375.0,2025-11-07T09:30:00,2140.0,-0.04063104580400904,-0.04113104580400904,trend,5,MELI
2025-11-03,long,2025-11-03T09:30:00,62.14,2025-11-05T09:30:00,59.53,-0.009611421059033943,-0.009861421059033943,trend,2,MCHP
2025-11-07,long,2025-11-07T09:30:00,320.0,2025-11-19T09:30:00,303.9,0.01202063303412327,0.01100674414523438,trend,8,CDNS
2025-11-10,long,2025-11-10T09:30:00,231.46,2025-12-09T09:30:00,274.6394,0.01978855007189946,0.01952466118301057,time,20,ADI
2025-11-10,long,2025-11-10T09:30:00,91.29,2025-12-09T09:30:00,90.27,0.00020191626446744492,-6.1972624421444e-05,time,20,CCEP
2025-11-10,long,2025-11-10T09:30:00,96.93,2025-12-09T09:30:00,97.92,0.0049629971605210915,0.004699108271632202,time,20,ORLY
2025-11-12,long,2025-11-12T09:30:00,301.49,2025-11-18T09:30:00,289.05,-0.005327653070011088,-0.0054943197366777545,trend,4,ADSK
2025-11-12,long,2025-11-12T09:30:00,241.32,2025-12-11T09:30:00,244.07,0.0010142576490310565,0.0008170354268088343,time,20,TTWO
2025-11-14,long,2025-11-14T09:30:00,141.99,2025-12-15T09:30:00,149.46,0.00858133561513845,0.008380145138947973,time,20,ALAB
2025-11-17,long,2025-11-17T09:30:00,46.6,2025-12-16T09:30:00,53.76,0.009125891874809507,0.008942558541476173,time,20,RKLB
2025-11-17,long,2025-11-17T09:30:00,102.52,2025-12-16T09:30:00,116.62,0.012633260968012094,0.01244992763467876,time,20,WMT
2025-11-19,long,2025-11-19T09:30:00,492.6,2025-12-18T09:30:00,479.0,-0.0025674217313600804,-0.002750755064693414,time,20,MSFT
2025-11-20,long,2025-11-20T09:30:00,227.36,2025-12-19T09:30:00,228.11,0.0007357850056068475,0.0005774516722735142,time,20,AMZN
2025-11-20,long,2025-11-20T09:30:00,119.0,2025-11-21T09:30:00,112.93,-0.005100840336134449,-0.005200840336134449,trend,1,PDD
2025-11-21,long,2025-11-21T09:30:00,156.3,2025-12-22T09:30:00,194.86,0.020564077220404122,0.02040574388707079,time,20,PLTR
2025-11-28,long,2025-11-28T09:30:00,302.14,2025-12-17T09:30:00,295.01,-0.002011965952789199,-0.0021612083770316233,trend,13,ADSK
2025-12-03,long,2025-12-03T09:30:00,118.9,2025-12-12T09:30:00,112.9,-0.004017544172212518,-0.004125119929788276,trend,7,PDD
2025-12-04,long,2025-12-04T09:30:00,335.0,2026-01-05T09:30:00,311.23,-0.0080827202621099,-0.00821797667236631,trend,20,CDNS
2025-12-05,long,2025-12-05T09:30:00,65.05,2026-01-06T09:30:00,69.49,0.0023912261137285715,0.002261464208966667,time,20,MCHP
2025-12-08,long,2025-12-08T09:30:00,199.03,2025-12-12T09:30:00,190.8,-0.003170986682618642,-0.0032618957735277327,trend,4,PANW
2025-12-16,long,2025-12-16T09:30:00,218.77,2026-01-15T09:30:00,206.8008,-0.004765629162698863,-0.004900885572955272,time,20,BKNG
2025-12-16,long,2025-12-16T09:30:00,91.98,2026-01-05T09:30:00,88.16,-0.0032867624543991636,-0.0034117624543991637,trend,12,CCEP
2025-12-17,long,2025-12-17T09:30:00,81.55,2026-01-16T09:30:00,105.71,0.02270494890140488,0.02256969249114847,time,20,NBIS
2025-12-18,long,2025-12-18T09:30:00,348.14,2026-01-20T09:30:00,300.41,-0.008349413516394918,-0.008475542942524344,time,20,CEG
2025-12-18,long,2025-12-18T09:30:00,241.25,2026-01-20T09:30:00,237.96,0.0004991818259331197,0.00037305239980369353,time,20,TTWO
2025-12-19,long,2025-12-19T09:30:00,44.35,2026-01-21T09:30:00,51.5,0.012699107635742992,0.012564608801244158,time,20,BKR
2025-12-19,long,2025-12-19T09:30:00,176.5,2026-01-21T09:30:00,179.68,0.0024940489367013775,0.002359550102202543,time,20,NVDA
2025-12-22,long,2025-12-22T09:30:00,166.66,2026-01-22T09:30:00,180.0,0.006835262743527507,0.006700763909028672,time,20,ALAB
2025-12-22,long,2025-12-22T09:30:00,120.5,2026-01-21T09:30:00,110.88,-0.006004414135015371,-0.006129822060423297,trend,19,CRWD
2025-12-23,long,2025-12-23T09:30:00,404.72,2026-01-23T09:30:00,369.12,-0.004876864339121191,-0.005003787416044268,time,20,ALNY
2025-12-29,long,2025-12-29T09:30:00,74.16,2026-01-28T09:30:00,76.29,0.002278967309564772,0.0021584544890519515,time,20,XEL
2026-01-05,long,2026-01-05T09:30:00,227.0,2026-02-03T09:30:00,244.66,0.005878088303762291,0.0057630699887439765,time,20,AMZN
2026-01-05,long,2026-01-05T09:30:00,221.91,2026-02-03T09:30:00,219.4,8.821603238340922e-05,-2.68022826349058e-05,time,20,NXPI
2026-01-05,long,2026-01-05T09:30:00,174.4,2026-02-03T09:30:00,165.61,-0.0022220435538733777,-0.0023370618688916926,time,20,PLTR
2026-01-07,long,2026-01-07T09:30:00,508.77,2026-01-30T09:30:00,472.8,-0.0047621654023624355,-0.004871689211886245,trend,16,SNPS
2026-01-09,long,2026-01-09T09:30:00,120.55,2026-01-14T09:30:00,110.2,-0.005840325751854077,-0.005906992418520743,trend,3,PDD
2026-01-15,long,2026-01-15T09:30:00,82.08,2026-02-04T09:30:00,75.5,-0.0043332987960540735,-0.00443970905246433,trend,13,MRVL
2026-01-15,long,2026-01-15T09:30:00,165.42,2026-01-20T09:30:00,157.68,-0.003291655285046809,-0.0033630838564753804,trend,2,QCOM
2026-01-21,long,2026-01-21T09:30:00,247.22,2026-02-19T09:30:00,263.61,0.005592010041181399,0.005461357360528719,time,20,AAPL
2026-01-21,long,2026-01-21T09:30:00,565.06,2026-02-04T09:30:00,461.59,-0.01543260953353246,-0.015539019789942717,trend,10,APP
2026-01-22,long,2026-01-22T09:30:00,334.3,2026-02-20T09:30:00,335.34,0.0020271808231566452,0.0019056190515948737,time,20,AVGO
2026-01-22,long,2026-01-22T09:30:00,44.93,2026-01-26T09:30:00,44.05,-0.001573970788095179,-0.0016573041214285123,trend,2,EXC
2026-01-22,long,2026-01-22T09:30:00,185.1,2026-02-20T09:30:00,187.9,0.0021306600951375805,0.002009098323575809,time,20,NVDA
2026-01-23,long,2026-01-23T09:30:00,44.82,2026-02-23T09:30:00,46.12,0.0031323034979709044,0.002996949962617369,time,20,FAST
2026-01-23,long,2026-01-23T09:30:00,98.3,2026-02-05T09:30:00,93.14,-0.005047712394470986,-0.005147712394470986,trend,9,ORLY
2026-01-26,long,2026-01-26T09:30:00,245.29,2026-02-02T09:30:00,221.94,-0.0074847044562956514,-0.007561627533218728,trend,5,TTWO
2026-01-28,long,2026-01-28T09:30:00,173.64,2026-02-13T09:30:00,127.01,-0.0190157202278953,-0.019123295985471057,trend,12,ALAB
2026-01-30,long,2026-01-30T09:30:00,75.8,2026-03-02T09:30:00,83.36,0.009530215394800624,0.0093809729705582,time,20,XEL
2026-02-02,long,2026-02-02T09:30:00,92.05,2026-03-03T09:30:00,107.14,0.013722570851624944,0.013559439538493631,time,20,CCEP
2026-02-03,long,2026-02-03T09:30:00,709.0,2026-02-06T09:30:00,659.71,-0.006447457048434028,-0.006547457048434028,trend,3,META
2026-02-03,long,2026-02-03T09:30:00,90.34,2026-03-04T09:30:00,86.86,-0.0008809959883675205,-0.0010619844443559765,time,20,NBIS
2026-02-05,long,2026-02-05T09:30:00,204.31,2026-03-06T09:30:00,200.1,0.005309056907298473,0.005087592260833826,time,20,AMD
2026-02-05,long,2026-02-05T09:30:00,227.9,2026-03-04T09:30:00,217.06,-0.005929741624402179,-0.0060940634137239685,trend,18,NXPI
2026-02-05,long,2026-02-05T09:30:00,406.42,2026-03-06T09:30:00,405.71,0.0037311161689951664,0.00350965152253052,time,20,TSLA
2026-02-10,long,2026-02-10T09:30:00,82.5,2026-03-11T09:30:00,93.71,0.03125259444407637,0.03093156269804462,time,20,MRVL
2026-02-13,long,2026-02-13T09:30:00,77.62,2026-03-09T09:30:00,73.49,-0.012114150401009733,-0.01238518214704148,trend,15,GEHC
2026-02-26,long,2026-02-26T09:30:00,44.63,2026-03-26T09:30:00,45.31,-0.0014979328629872006,-0.0018288852439395816,time,20,FAST
2026-03-05,long,2026-03-05T09:30:00,96.5,2026-04-02T09:30:00,98.04,0.0275094490697326,0.027207861768145297,time,20,NBIS
2026-03-05,long,2026-03-05T09:30:00,182.01,2026-03-30T09:30:00,167.82,-0.00842760201141786,-0.008701411535227384,trend,17,NVDA
2026-03-10,long,2026-03-10T09:30:00,260.4,2026-04-08T09:30:00,259.11,-0.00318522727273702,-0.0033796717171814647,time,20,AAPL
2026-03-10,long,2026-03-10T09:30:00,345.2,2026-03-30T09:30:00,300.95,-0.01910225259563372,-0.019268919262300385,trend,14,AVGO
2026-03-10,long,2026-03-10T09:30:00,66.49,2026-04-08T09:30:00,68.0,-0.0009626351966035385,-0.0011570796410479828,time,20,FER
2026-03-23,long,2026-03-23T09:30:00,36.725,2026-04-21T09:30:00,38.63,0.0041192271385272735,0.003966449360749496,time,20,MNST
2026-03-23,long,2026-03-23T09:30:00,150.0,2026-04-21T09:30:00,157.0,0.004900115165572573,0.004747337387794795,time,20,PEP
2026-03-25,long,2026-03-25T09:30:00,196.51,2026-03-31T09:30:00,187.7,-0.004358150580062784,-0.004485928357840562,trend,4,TXN
2026-03-25,long,2026-03-25T09:30:00,78.06,2026-04-23T09:30:00,78.56,0.0017048440065874338,0.0015681376573810845,time,20,XEL
2026-03-26,long,2026-03-26T09:30:00,218.76,2026-04-24T09:30:00,327.7,0.03290918507852424,0.032783650890490054,time,20,AMD
2026-03-26,long,2026-03-26T09:30:00,93.29,2026-03-30T09:30:00,92.21,-0.0009656730044129054,-0.0010490063377462386,trend,2,CCEP
2026-03-26,long,2026-03-26T09:30:00,288.79,2026-04-24T09:30:00,338.0,0.014758744578555322,0.014633210390521135,time,20,GOOG
2026-03-31,long,2026-03-31T09:30:00,138.38,2026-04-29T09:30:00,201.74,0.032526582631610235,0.032401048443576046,time,20,ARM
2026-04-01,long,2026-04-01T09:30:00,65.63,2026-04-30T09:30:00,76.9,0.011964403676109674,0.01184357034277634,time,20,RKLB
2026-04-02,long,2026-04-02T09:30:00,292.41,2026-05-01T09:30:00,387.18,0.023847115255738002,0.023709615255738004,time,20,GOOGL
2026-04-06,long,2026-04-06T09:30:00,109.12,2026-05-04T09:30:00,160.3,0.036375554859253464,0.036247145768344376,time,20,NBIS
2026-04-07,long,2026-04-07T09:30:00,66.99,2026-05-05T09:30:00,95.45,0.028375443371980894,0.02824551912955665,time,20,MCHP
2026-04-08,long,2026-04-08T09:30:00,348.67,2026-05-06T09:30:00,432.0,0.01803163947288073,0.017890604119345375,time,20,AVGO
2026-04-08,long,2026-04-08T09:30:00,96.56,2026-04-30T09:30:00,94.0,-0.002122093668716672,-0.0022262603353833386,trend,16,CCEP
2026-04-13,long,2026-04-13T09:30:00,185.8,2026-05-11T09:30:00,214.8,0.013010116779454677,0.012861602793440691,time,20,NVDA
2026-04-14,long,2026-04-14T09:30:00,169.2,2026-05-12T09:30:00,201.9297,0.014070635753825413,0.013927616273305932,time,20,ALAB
2026-04-16,long,2026-04-16T09:30:00,266.6,2026-05-14T09:30:00,298.27,0.01197657089291541,0.011813313317157835,time,20,AAPL
2026-04-20,long,2026-04-20T09:30:00,47.07,2026-05-07T09:30:00,45.12,-0.004265517719770815,-0.004385719739972835,trend,13,EXC
2026-04-24,long,2026-04-24T09:30:00,38.725,2026-05-22T09:30:00,43.23,0.014875183272890814,0.014716092363799905,time,20,MNST
2026-04-24,long,2026-04-24T09:30:00,79.19,2026-05-22T09:30:00,80.29,0.001591397510305835,0.0014323066012149259,time,20,XEL
2026-05-01,long,2026-05-01T09:30:00,342.0,2026-06-01T09:30:00,333.24,-0.0005423212756812466,-0.0007339879423479133,time,20,AMGN
2026-05-01,long,2026-05-01T09:30:00,130.84,2026-06-01T09:30:00,134.25,0.0031815312514952105,0.0029898645848285437,time,20,GILD
2026-05-06,long,2026-05-06T09:30:00,113.92,2026-06-04T09:30:00,116.49,0.004201977708676948,0.0039762201329193725,time,20,PCAR
2026-05-11,long,2026-05-11T09:30:00,94.01,2026-05-13T09:30:00,92.56,-0.001558607304637415,-0.001669718415748526,trend,2,CCEP
2026-05-11,long,2026-05-11T09:30:00,224.1740954378605,2026-06-09T09:30:00,222.42265338227583,0.00011558658130687404,-0.00011017099445070173,trend,20,HON
2026-05-11,long,2026-05-11T09:30:00,426.33,2026-06-08T09:30:00,394.5,-0.006165610651569044,-0.006380257116215508,trend,19,TSLA
2026-05-14,long,2026-05-14T09:30:00,448.7212,2026-05-18T09:30:00,435.26,-0.003732905616021187,-0.003857905616021187,trend,2,VRTX
2026-05-18,long,2026-05-18T09:30:00,66.56,2026-06-16T09:30:00,68.52,0.006498440037230409,0.006240936429726802,time,20,FER
2026-05-26,long,2026-05-26T09:30:00,120.47,2026-06-24T09:30:00,119.0061,-0.0010579386705520935,-0.001316632754246177,time,20,WMT
2026-05-27,long,2026-05-27T09:30:00,46.03,2026-06-02T09:30:00,44.69,-0.0028110999705843486,-0.0029313019907863686,trend,4,EXC
2026-05-27,long,2026-05-27T09:30:00,27.15,2026-06-25T09:30:00,27.2,0.0024566460169239473,0.0022185868538647843,time,20,WBD
2026-05-28,long,2026-05-28T09:30:00,560.52,2026-06-11T09:30:00,496.85,-0.01515431020966401,-0.015304310209664012,trend,10,APP
2026-05-28,long,2026-05-28T09:30:00,94.12,2026-05-29T09:30:00,92.43,-0.001632345554997482,-0.001723254645906573,trend,1,CCEP
2026-05-29,long,2026-05-29T09:30:00,134.5,2026-06-11T09:30:00,131.0,-0.0033092047953992877,-0.0034592047953992877,trend,9,ABNB
2026-06-01,long,2026-06-01T09:30:00,79.5,2026-06-02T09:30:00,76.37,-0.003937106918238987,-0.004037106918238987,trend,1,XEL
2026-06-03,long,2026-06-03T09:30:00,126.83,2026-07-02T09:30:00,135.63,0.009312202818285847,0.009094345675428704,time,20,AEP
2026-06-05,long,2026-06-05T09:30:00,346.06,2026-07-07T09:30:00,369.33,0.008939212272572094,0.008729688463048285,time,20,AMGN
2026-06-05,long,2026-06-05T09:30:00,117.62,2026-07-07T09:30:00,126.1,0.009717112472720503,0.009507588663196695,time,20,PCAR
2026-06-09,long,2026-06-09T09:30:00,974.01,2026-06-22T09:30:00,950.108,-0.0026470412288633212,-0.002801009482831575,trend,8,COST
2026-06-15,long,2026-06-15T09:30:00,241.0,2026-06-26T09:30:00,228.0,-0.007057664495782626,-0.007207664495782626,trend,8,AMZN
2026-06-15,long,2026-06-15T09:30:00,45.51,2026-06-18T09:30:00,45.42,-0.00014906471752847974,-0.00024906471752847973,trend,3,EXC
2026-06-15,long,2026-06-15T09:30:00,78.305,2026-07-15T09:30:00,80.98,0.004556267461372634,0.004377263132368305,time,20,XEL
2026-06-16,long,2026-06-16T09:30:00,449.4,2026-07-16T09:30:00,479.96,0.009420567104021515,0.00923606826952268,time,20,VRTX
2026-06-23,long,2026-06-23T09:30:00,58.65,2026-07-06T09:30:00,52.6,-0.008858366382055855,-0.00898812828681776,trend,8,BKR
2026-06-23,long,2026-06-23T09:30:00,45.69,2026-07-16T09:30:00,45.9,0.0012077357658584298,0.0010482369313595953,trend,16,EXC
2026-06-26,long,2026-06-26T09:30:00,82.5,2026-07-17T09:30:00,65.15,-0.014345625005875304,-0.014519109854360153,trend,14,RKLB
2026-06-29,long,2026-06-29T09:30:00,283.86,2026-07-28T09:30:00,337.12,0.012866189780155378,0.01270952977349537,time,20,AAPL
2026-06-29,long,2026-06-29T09:30:00,368.28,2026-07-28T09:30:00,379.9902,0.002363516105552831,0.0022068560988928246,time,20,AVGO
2026-06-29,long,2026-06-29T09:30:00,339.46,2026-07-28T09:30:00,325.71,-0.003353328856594904,-0.0035099888632549106,time,20,GOOGL
2026-06-29,long,2026-06-29T09:30:00,194.55,2026-07-28T09:30:00,193.8,-0.00045576340841699606,-0.0006124234150770028,time,20,NVDA
2026-06-30,long,2026-06-30T09:30:00,240.46,2026-07-27T09:30:00,236.47,-0.0018805955933711648,-0.002020588933364505,trend,18,AMZN
2026-07-01,long,2026-07-01T09:30:00,214.0,2026-07-30T09:30:00,252.02,0.01290137361695994,0.012738303353889677,time,20,ROST
2026-07-01,long,2026-07-01T09:30:00,420.6,2026-07-06T09:30:00,399.07,-0.003660755490875922,-0.003732184062304493,trend,2,TSLA
2026-07-07,long,2026-07-07T09:30:00,67.64,2026-07-14T09:30:00,63.16,-0.005199649504323835,-0.005290558595232926,trend,5,FER
2026-07-08,long,2026-07-08T09:30:00,181.22,2026-08-05T09:30:00,192.48,0.006026861698260735,0.0058803479780628045,time,20,FANG
2026-07-08,long,2026-07-08T09:30:00,136.88,2026-08-05T09:30:00,134.21,-0.00043847488849642303,-0.0005849886086943538,time,20,GILD
2026-07-08,long,2026-07-08T09:30:00,1294.15,2026-08-05T09:30:00,1357.31,0.0052829769870650755,0.005136463266867145,time,20,MPWR
2026-07-09,long,2026-07-09T09:30:00,707.0,2026-08-06T09:30:00,820.01,0.009337796960314329,0.009189100700433859,time,20,LITE
2026-07-20,long,2026-07-20T09:30:00,46.28,2026-07-21T09:30:00,45.78,-0.0007717002099024546,-0.0008431287813310261,trend,1,EXC
2026-07-20,long,2026-07-20T09:30:00,81.21,2026-07-30T09:30:00,71.6,-0.009761744646492815,-0.009872001056749225,trend,8,MCHP
2026-07-20,long,2026-07-20T09:30:00,326.99,2026-08-17T09:30:00,425.5,0.02118541207593475,0.02106236326801752,time,20,TER
2026-07-20,long,2026-07-20T09:30:00,78.77,2026-08-04T09:30:00,77.68,-0.0011912733546557848,-0.001301529764912195,trend,11,XEL
2026-07-24,long,2026-07-24T09:30:00,246.13,2026-08-20T09:30:00,221.73,-0.005839409372324075,-0.005954366272149396,trend,19,HON
2026-07-24,long,2026-07-24T09:30:00,169.99,2026-07-27T09:30:00,170.0331,1.6902955075777845e-05,-4.9763711590888825e-05,trend,1,QCOM
2026-07-28,long,2026-07-28T09:30:00,60.59,2026-08-25T09:30:00,61.89,0.0008397744293125488,0.0007198049981589071,time,20,BKR
2026-07-29,long,2026-07-29T09:30:00,261.01,2026-08-26T09:30:00,314.11,0.014168355022003882,0.014068538537318976,time,20,LRCX
2026-07-29,long,2026-07-29T09:30:00,195.73,2026-08-26T09:30:00,213.78,0.005609939221973345,0.005510122737288439,time,20,NVDA
2026-07-29,long,2026-07-29T09:30:00,1064.47,2026-08-26T09:30:00,1478.22,0.02421584847233252,0.024116031987647613,time,20,SNDK
2026-07-30,long,2026-07-30T09:30:00,209.94,2026-08-27T09:30:00,261.09,0.01909153331385489,0.01898610022355338,time,20,ARM
2026-07-30,long,2026-07-30T09:30:00,370.0322,2026-08-25T09:30:00,361.5,0.0012421314455975637,0.0011507334430153507,trend,18,AVGO
2026-07-30,long,2026-07-30T09:30:00,974.62,2026-07-31T09:30:00,950.598,-0.0017605396388922301,-0.0018319682103208016,trend,1,COST
2026-07-31,long,2026-07-31T09:30:00,368.88,2026-08-28T09:30:00,370.0,0.00046007648657023204,0.00036724843828552737,time,20,ADI
2026-07-31,long,2026-07-31T09:30:00,185.73,2026-08-28T09:30:00,183.56,0.0005520325175372136,0.000459204469252509,time,20,KLAC
2026-07-31,long,2026-07-31T09:30:00,204.0,2026-08-28T09:30:00,214.97,0.005121854556839526,0.005029026508554821,time,20,NBIS
2026-07-31,long,2026-07-31T09:30:00,723.01,2026-08-28T09:30:00,809.4,0.006069229437302472,0.005976401389017767,time,20,REGN
2026-08-03,long,2026-08-03T09:30:00,359.6,2026-08-31T09:30:00,342.42,-0.0027473923825522685,-0.002858270904615001,time,20,GOOG
2026-08-03,long,2026-08-03T09:30:00,361.0,2026-08-31T09:30:00,345.28,-0.0025016202714934193,-0.0026124987935561518,time,20,GOOGL
2026-08-05,long,2026-08-05T09:30:00,128.82,2026-08-11T09:30:00,123.0,-0.0026436752575185025,-0.0027061752575185025,trend,4,AEP
2026-08-06,long,2026-08-06T09:30:00,494.56,2026-08-18T09:30:00,476.22,-0.002011540538944858,-0.002075452547129312,trend,8,LIN
2026-08-06,long,2026-08-06T09:30:00,362.05,2026-09-03T09:30:00,332.53,-0.008355613304607268,-0.008483017376283786,time,20,MAR
2026-08-07,long,2026-08-07T09:30:00,1364.74,2026-09-04T09:30:00,1221.05,-0.008255474310837842,-0.00837961040865815,time,20,MPWR
2026-08-10,long,2026-08-10T09:30:00,86.0,2026-08-25T09:30:00,75.2,-0.006738426695505381,-0.00680115928455376,trend,11,MCHP
2026-08-12,long,2026-08-12T09:30:00,135.46,2026-09-10T09:30:00,146.0,0.004216909810444874,0.00409862166584094,time,20,GILD
2026-08-13,long,2026-08-13T09:30:00,29.59,2026-09-11T09:30:00,31.51,0.0033629551362299656,0.003240750951525781,time,20,KDP
2026-08-13,long,2026-08-13T09:30:00,27.65,2026-09-11T09:30:00,28.2,-0.00026132783006789495,-0.0003835320147720796,time,20,WBD
2026-08-14,long,2026-08-14T09:30:00,78.95,2026-08-24T09:30:00,76.41,-0.0016155171799608827,-0.0016655171799608826,trend,6,XEL
2026-08-18,long,2026-08-18T09:30:00,212.25,2026-09-10T09:30:00,183.0844,-0.011348123557107308,-0.011459234668218419,trend,16,ODFL
2026-08-25,long,2026-08-25T09:30:00,260.38,2026-09-23T09:30:00,270.0,0.0017384250907178577,0.0016039623312550982,time,20,TXN
2026-08-25,long,2026-08-25T09:30:00,443.86,2026-09-23T09:30:00,464.82,0.003299655329598113,0.0031651925701353537,time,20,WDC
2026-08-27,long,2026-08-27T09:30:00,62.0,2026-09-16T09:30:00,56.5418,-0.005424949624643147,-0.005550483812677335,trend,13,BKR
2026-09-02,long,2026-09-02T09:30:00,122.6,2026-09-21T09:30:00,116.13,-0.003491095740164273,-0.0036102807218492544,trend,12,PCAR
2026-09-03,long,2026-09-03T09:30:00,289.08,2026-10-02T09:30:00,346.5,0.01262617412489915,0.012499898499939315,time,20,LRCX
2026-09-09,long,2026-09-09T09:30:00,101.63,2026-09-22T09:30:00,95.3,-0.004151752525206446,-0.004237604173558094,trend,9,SBUX
2026-09-23,long,2026-09-23T09:30:00,61.08,2026-10-01T09:30:00,57.7,-0.0030599725388766245,-0.0031266392055432912,trend,6,MDLZ
