symbol,side,entry_date,entry_price,exit_date,exit_price,exit_reason,entry_shares,exit_shares,entry_equity,gross_pnl,cost,net_pnl,holding_sessions,formation
XLB,short,2012-03-01,18.595,2013-02-01,19.615,flat,-0.0179259657614,-0.0178481746771,1,-0.0225043428571,8.42210023027e-05,-0.0225885638594,232,-0.0177201798466
XLE,short,2012-03-01,37.615,2012-11-01,35.83,flat,-0.00886171296912,-0.00920266039882,1,0.00905081571123,8.47610856656e-05,0.00896605462557,170,0.0004218815919
XLF,short,2012-03-01,14.8,2012-10-01,15.7,flat,-0.0225225225225,-0.0229300337502,1,-0.0253632482269,8.27798831191e-05,-0.02544602811,149,-0.138461538462
XLP,long,2012-03-01,33.25,2012-07-02,34.63,flat,0.0100250626566,0.010970501793,1,0.014817671094,7.44999283087e-05,0.0147431711657,86,0.104554865424
XLV,long,2012-03-01,36.21,2012-05-01,37.44,flat,0.00920556015834,0.00914526733317,1,0.011333088775,6.77999755442e-05,0.0112652887995,43,0.131603922809
XLY,long,2012-03-01,21.655,2012-08-01,21.915,flat,0.0153929038713,0.0163280925965,1,0.00558892708623,7.59879528966e-05,0.00551293913334,107,0.114016172507
XLK,long,2012-05-01,14.9,2012-09-04,15.23,flat,0.0234107232759,0.0242718350164,1.04645933043,0.0108815648681,8.00042744552e-05,0.0108015605936,88,0.158559938721
XLU,long,2012-07-02,18.555,2012-10-01,18.215,flip,0.0192760370966,0.0191199454748,1.07300060498,-0.00616689198651,7.20390374073e-05,-0.00623893102391,64,0.0698090692124
XLP,long,2012-08-01,35.79,2012-10-01,35.84,flat,0.00998610703034,0.00976996369025,1.07220831185,0.000427978049287,7.15233519281e-05,0.000356454697359,43,0.113352545629
XLV,long,2012-09-04,38.8,2012-11-01,39.99,flat,0.00894153120208,0.00845025600737,1.04079423192,0.0107632409292,7.04626062211e-05,0.0106927783229,41,0.156934306569
XLK,long,2012-10-01,15.475,2012-12-03,14.655,flat,0.0219733959119,0.023084257001,1.02011490521,-0.0178571097898,6.94456682488e-05,-0.0179265554581,43,0.248571428571
XLU,short,2012-10-01,18.215,2013-04-01,19.55,flat,-0.0186680374272,-0.0183013750257,1.02011490521,-0.0255850218338,7.50422417594e-05,-0.0256600640756,123,0.0861300861301
XLY,long,2012-10-01,23.455,2013-06-03,28.135,flat,0.0144974760919,0.0130644186731,1.02011490521,0.0638266557231,7.43903259196e-05,0.0637522653972,167,0.221478307445
XLF,long,2012-11-01,15.92,2013-05-01,18.67,flat,0.0210397342389,0.0190802798739,1.00485770725,0.0558829040431,7.40972623298e-05,0.0558088067808,124,0.273692810458
XLP,short,2012-11-01,35.46,2012-12-03,36.01,flat,-0.00944592693412,-0.00944592693412,1.00485770725,-0.00519525981377,6.75100397982e-05,-0.00526276985357,22,0.195528862196
XLE,short,2012-12-03,35.805,2013-05-01,38.8,flat,-0.0095023178009,-0.00875705695891,1.02069146658,-0.0282532513517,7.08714229074e-05,-0.0283241227746,103,-0.0150602409639
XLV,long,2012-12-03,40.36,2013-12-02,55.23,flat,0.00842989318289,0.00670780113683,1.02069146658,0.112887523164,8.29957368618e-05,0.112804527428,252,0.170125694241
XLP,short,2013-02-01,37.09,2013-03-01,38,flat,-0.00929571570766,-0.00929571570766,1.03433428679,-0.00845910129397,6.98015292488e-05,-0.00852890282322,20,0.0748383122883
XLB,short,2013-03-01,19.12,2013-07-01,19.385,flat,-0.0178514981292,-0.0171902905058,1.02396193269,-0.00539816242469,7.02418763769e-05,-0.00546840430107,85,0.0665230272017
XLK,short,2013-04-01,15.15,2014-02-03,17.37,flat,-0.022921524337,-0.0208766043796,1.04178328112,-0.0501139938176,7.87586401476e-05,-0.0501927524577,214,0.030187369882
XLI,short,2013-05-01,41.2,2013-06-03,43.71,flat,-0.00864407895702,-0.00864407895702,1.06840815909,-0.0216966381821,7.3396874424e-05,-0.0217700350565,23,0.09736632083
XLP,long,2013-05-01,40.89,2013-07-01,39.91,flip,0.00870961244874,0.00865080497309,1.06840815909,-0.00852130640561,7.03750799653e-05,-0.00859168148558,43,0.17015013247
XLE,short,2013-06-03,40.4,2013-07-01,39.395,flat,-0.0085972727641,-0.0085972727641,1.04198945901,0.00864025912792,6.86019380211e-05,0.0085716571899,21,0.0882768361582
XLF,long,2013-06-03,19.92,2014-02-03,21.04,flat,0.0174362359272,0.0170399781852,1.04198945901,0.0207010642069,7.63668982446e-05,0.0206246973087,170,0.191365979381
XLP,short,2013-07-01,39.91,2013-08-01,41.6,flat,-0.00886882677573,-0.00886882677573,1.06186462986,-0.014988317251,7.22898070489e-05,-0.015060607058,23,0.204190026557
XLU,short,2013-07-01,18.81,2014-11-03,22.76,flat,-0.0188173778107,-0.0164842665919,1.06186462986,-0.0735630609546,9.57554213759e-05,-0.0736588163759,340,0.0595304639463
XLY,long,2013-07-01,28.38,2014-05-01,31.96,flat,0.0124719829676,0.0110697667385,1.06186462986,0.0444216134927,7.93558433355e-05,0.0443422576494,211,0.31146025878
XLB,short,2013-08-01,20.375,2013-10-01,21.005,flat,-0.017720441502,-0.0172949116104,1.08316198681,-0.0109553684994,7.33063359707e-05,-0.0110286748354,43,0.126131386861
XLP,short,2013-10-01,39.78,2014-11-03,46.67,flat,-0.00901159503037,-0.0077300859645,1.07544375092,-0.0591208921892,8.67170157734e-05,-0.0592076092049,276,0.104908835905
XLI,long,2013-12-02,50.38,2014-01-02,51.98,flat,0.00726766870267,0.00726766870267,1.09843544772,0.0116282699243,7.43918568405e-05,0.0115538780674,22,0.338381057269
XLV,long,2014-01-02,55.31,2015-12-01,71.48,flat,0.00672233455074,0.0053225296064,1.115436972,0.0940624191403,0.00010594901105,0.0939564701293,483,0.374968897736
XLB,short,2014-02-03,21.985,2014-03-03,23.35,flat,-0.0166904177003,-0.0166904177003,1.10081649942,-0.0227824201609,7.56660086444e-05,-0.0228580861696,20,0.231220031966
XLI,long,2014-02-03,49.91,2014-08-01,51.69,flat,0.00735201028134,0.00638614441879,1.10081649942,0.0139882669034,7.47865933187e-05,0.0139134803101,126,0.37889182058
XLE,short,2014-03-03,43.56,2014-06-02,47.7,flat,-0.00845304877619,-0.00732212017534,1.10464441407,-0.0330903047037,7.69519914085e-05,-0.0331672566951,64,0.0794871794872
XLF,long,2014-05-01,21.96,2014-06-02,22.31,flat,0.0156061855559,0.0156061855559,1.02813550442,0.00546216494455,6.90885834558e-05,0.0053930763611,22,0.23289183223
XLB,long,2014-06-02,24.58,2014-11-03,24.21,flat,0.0141342760363,0.014076564623,1.04226151491,-0.00454423369302,7.32667629522e-05,-0.00461750045598,109,0.205309734513
XLY,short,2014-06-02,32.9,2014-07-01,33.455,flat,-0.0105598937681,-0.0105598937681,1.04226151491,-0.00586074104131,7.00701750984e-05,-0.00593081121641,22,0.169016663615
XLF,short,2014-07-01,22.79,2014-10-01,23.12,flat,-0.0151653416386,-0.0148661065855,1.03685440783,-0.00567400334141,7.21493223214e-05,-0.00574615266373,65,0.105106593951
XLE,long,2014-08-01,48.18,2014-09-02,49.3,flat,0.00729953964019,0.00729953964019,1.05507545959,0.00817548439701,7.11559124126e-05,0.0081043284846,22,0.27009890946
XLK,long,2014-09-02,20.185,2015-03-02,21.62,flat,0.0172560256279,0.0179583278485,1.04493863189,0.0260414130529,7.91464414324e-05,0.0259622666115,125,0.229120705957
XLY,short,2014-10-01,33.27,2015-03-02,38.01,flat,-0.0104717455491,-0.010259706412,1.04518492326,-0.0486927132352,7.85872515305e-05,-0.0487713004867,104,0.185733976568
XLE,short,2014-11-03,43.74,2016-11-01,34.565,flat,-0.00773049533221,-0.0103060814816,1.01439559749,0.0702274914769,0.000126341441932,0.070101150035,504,0.0559607796245
XLF,long,2014-11-03,23.9,2014-12-01,24.27,flat,0.014147776813,0.014147776813,1.01439559749,0.00523467742081,6.81498409082e-05,0.0051665275799,20,0.145209580838
XLI,short,2014-11-03,55.29,2014-12-01,56.72,flat,-0.00611560618251,-0.00611560618251,1.01439559749,-0.00874531684099,6.85009048503e-05,-0.00881381774584,20,0.12069707401
XLB,short,2014-12-01,24.505,2015-06-01,25.365,flat,-0.014286059867,-0.0133462678592,1.05023969113,-0.0149194647214,7.96996944779e-05,-0.0149991644159,125,0.0689186125595
XLU,long,2014-12-01,22.955,2015-04-01,21.95,flip,0.0152507034216,0.0151801266706,1.05023969113,-0.0149301779016,7.02041784015e-05,-0.01500038208,84,0.13527309852
XLI,short,2015-03-02,57.62,2015-04-01,55.55,flat,-0.00595402399782,-0.00595402399782,1.02921258826,0.0123248296755,6.73816895834e-05,0.0122574479859,23,0.0896085833499
XLP,long,2015-03-02,50.05,2015-05-01,48.55,flat,0.0068545626924,0.0071553906403,1.02921258826,-0.010296885436,7.05085316609e-05,-0.0103673939677,44,0.165265433582
XLK,long,2015-04-01,20.73,2015-08-03,21.28,flat,0.0167753007775,0.0174244272063,1.04325595536,0.00969090731387,7.73356968723e-05,0.009613571617,86,0.19477303989
XLU,short,2015-04-01,21.95,2015-05-01,22.115,flat,-0.0158429150396,-0.0158429150396,1.04325595536,-0.00261408098153,6.98118051218e-05,-0.00268389278665,22,0.0966625463535
XLI,short,2015-05-01,55.89,2015-08-03,54.12,flat,-0.00605823609925,-0.00666500297077,1.01578444676,0.0113346663021,7.32754587858e-05,0.0112613908433,65,0.0657366711255
XLY,long,2015-05-01,37.845,2016-05-02,39.71,flat,0.00894688375181,0.00937240310523,1.01578444676,0.0212685344589,9.05823702426e-05,0.0211779520887,253,0.164245982695
XLU,short,2015-06-01,22.31,2015-07-01,20.755,flat,-0.0157823456377,-0.0157823456377,1.05631239353,0.0245415474666,6.79666714886e-05,0.0244735807951,23,0.0370885489105
XLB,short,2015-07-01,24.435,2016-09-01,24.355,flat,-0.0148929470924,-0.0146491939424,1.09172748661,-0.0106389795021,0.000114042609122,-0.0107530221112,297,0.0315810920945
XLF,long,2015-08-03,25.21,2015-09-01,22.93,flat,0.0155644309483,0.0155644309483,1.17713791262,-0.035486902562,7.49271705849e-05,-0.0355618297326,22,0.0817307692308
XLU,short,2015-08-03,22.025,2015-09-01,21,flat,-0.0178151783975,-0.0178151783975,1.17713791262,0.0182605578575,7.66498050554e-05,0.0181839080524,22,-0.0481515289822
XLI,short,2015-09-01,50.21,2015-12-01,54.76,flat,-0.00757354877459,-0.0070355839952,1.14080365192,-0.0355557616558,8.26348529811e-05,-0.0356383965088,64,0.0461122901794
XLP,long,2015-09-01,46.37,2016-01-04,49.83,flat,0.00820073073048,0.00761719214662,1.14080365192,0.0287042606188,7.99648418488e-05,0.0286242957769,86,0.166203059805
XLK,long,2015-12-01,22.07,2016-04-01,22.025,flat,0.0170912258768,0.0180015173504,1.1316100653,1.70824539514e-06,8.20153277416e-05,-8.03070823465e-05,84,0.104297562202
XLU,short,2015-12-01,21.46,2016-03-01,23.27,flat,-0.0175770435741,-0.0169508066016,1.1316100653,-0.0318858024717,8.05549471546e-05,-0.0319663574188,62,-0.0209082733813
XLV,long,2016-01-04,70.77,2016-03-01,66.6,flat,0.00547970286751,0.00580389250575,1.1633957158,-0.0226623309673,7.95740812734e-05,-0.0227419050486,40,0.0413306451613
XLI,short,2016-03-01,52.33,2016-04-01,55.15,flat,-0.00710703895392,-0.00710703895392,1.11573404538,-0.0200418498501,7.63864546768e-05,-0.0201182363047,23,-0.112326768782
XLP,long,2016-03-01,51.21,2016-11-01,52.8,flat,0.00726247507242,0.00686134359181,1.11573404538,0.0116936505606,8.26051963311e-05,0.0116110453642,172,0.0255617398475
XLF,short,2016-04-01,22.39,2016-07-01,22.77,flat,-0.0164508906671,-0.0147975117752,1.10500632611,-0.00712253746322,7.54110741062e-05,-0.00719794853733,65,-0.111292295149
XLU,long,2016-04-01,24.71,2016-11-01,24.645,flat,0.0149063311224,0.0148734777228,1.10500632611,-0.000366860671914,8.00670845707e-05,-0.000446927756485,150,0.0385482416592
XLK,long,2016-05-02,21.11,2016-06-01,22.02,flat,0.0161118892999,0.0161118892999,1.02036594937,0.0146618192629,6.94905785507e-05,0.0145923286844,22,0.0704633204633
XLY,long,2016-06-01,39.435,2016-08-01,40.81,flat,0.00884811278458,0.00931338325744,1.04677598298,0.0129757257016,7.47182615771e-05,0.01290100744,43,0.0516531669101
XLV,short,2016-07-01,71.87,2016-08-01,75.27,flat,-0.00506294537176,-0.00506294537176,1.09162165161,-0.017214014264,7.44961782001e-05,-0.0172885104422,21,-0.0420066889632
XLF,short,2016-08-01,23.67,2017-03-01,25.01,flat,-0.0150700410857,-0.0158151925494,1.07012361749,-0.0408833849493,9.53677464357e-05,-0.0409787526957,147,-0.0771123872026
XLK,long,2016-08-01,23.225,2017-01-03,24.335,flat,0.0153587889127,0.0153736133754,1.07012361749,0.0167977442208,7.77823927076e-05,0.0167199618281,108,0.036231884058
XLV,short,2016-09-01,72.76,2017-05-01,75.63,flat,-0.00471378317362,-0.00473387460559,1.02892459114,-0.0168584616374,8.2246558212e-05,-0.0169407081956,166,-0.014896119169
XLB,long,2016-11-01,23.425,2016-12-01,25.055,flat,0.0158239919295,0.0158239919295,1.11203103284,0.025793106845,7.67147128741e-05,0.0257163921322,22,0.182809016596
XLI,long,2016-11-01,57.26,2016-12-01,62.53,flat,0.00647357685903,0.00647357685903,1.11203103284,0.0341157500471,7.75469771943e-05,0.0340382030699,22,0.172760144636
XLY,short,2016-11-01,39.15,2017-01-03,41.025,flat,-0.009468122885,-0.00891812446232,1.11203103284,-0.0176784806223,7.59032502518e-05,-0.0177543838726,43,0.0699104397808
XLP,long,2016-12-01,50.39,2017-01-03,51.75,flat,0.00723679518286,0.00723679518286,1.09398632779,0.00984204144869,7.39166259977e-05,0.00976812482269,22,0.0585404971933
XLU,long,2016-12-01,23.18,2017-01-03,24.25,flat,0.0157317562237,0.0157317562237,1.09398632779,0.0168329791593,7.46157197688e-05,0.0167583634395,22,0.129828571429
XLB,long,2017-01-03,24.915,2017-06-01,26.525,flat,0.0148560331323,0.0133622837279,1.11041419648,0.0234831201531,7.63759251138e-05,0.023406744228,104,0.0844733984799
XLE,long,2017-01-03,38.055,2017-04-03,35.005,flat,0.00972639772677,0.00984893713715,1.11041419648,-0.0300470032078,7.4037918435e-05,-0.0301210411262,63,0.0856184364061
XLI,long,2017-01-03,62.68,2017-12-01,74.38,flat,0.00590520206593,0.00497610492234,1.11041419648,0.0625370573269,8.32669473523e-05,0.0624537903795,232,0.134727272727
XLRE,short,2017-01-03,30.86,2018-05-01,30.94,flat,-0.0119941045202,-0.0116277853288,1.11041419648,-0.00338958085963,9.31058745869e-05,-0.00348268673422,334,-0.0399872040947
XLP,short,2017-03-01,55.13,2017-06-01,56.71,flat,-0.00643494858843,-0.00644658856651,1.06427614704,-0.0101912903252,7.21019393279e-05,-0.0102633922645,65,0.052864321608
XLK,long,2017-04-03,26.68,2019-02-01,33.155,flat,0.013208006958,0.0105793346659,1.05716887692,0.0835419096313,9.05703168027e-05,0.0834513393145,462,0.246513826519
XLU,short,2017-05-01,25.91,2017-06-01,26.85,flat,-0.0137490731064,-0.0137490731064,1.06871545256,-0.01292412872,7.25401097091e-05,-0.0129966688297,23,0.044192175147
XLE,short,2017-06-01,32.735,2018-06-01,38.14,flat,-0.0108212904395,-0.00958060128315,1.06270482761,-0.0594166830174,9.47419559222e-05,-0.0595114249733,253,0.00222222222222
XLF,short,2017-06-01,23.38,2017-08-01,25.26,flat,-0.015151195147,-0.0137717601554,1.06270482761,-0.0278635011301,7.36333386202e-05,-0.0279371344687,43,0.015873015873
XLY,long,2017-06-01,45.64,2017-08-01,45.815,flat,0.00776150180841,0.00760296772263,1.06270482761,0.00121954549142,7.09689430563e-05,0.00114857654836,43,0.138636363636
XLB,long,2017-08-01,27.435,2017-09-01,27.63,flat,0.0125093186157,0.0125093186157,1.02957946867,0.00243931713006,6.88825629574e-05,0.00237043456711,24,0.17342688007
XLU,short,2017-08-01,26.65,2017-09-01,27.525,flat,-0.0128777919783,-0.0128777919783,1.02957946867,-0.011268067981,6.97654380425e-05,-0.0113378334191,24,0.0132398753894
XLP,short,2017-09-01,54.82,2017-10-02,53.98,flat,-0.0063612972885,-0.0063612972885,1.04617895207,0.00534348972234,6.92109144989e-05,0.00527427880784,21,0.00987564008778
XLY,long,2017-09-01,44.945,2017-10-02,45.095,flat,0.00775895688855,0.00775895688855,1.04617895207,0.00116384353328,6.98616478245e-05,0.00109398188546,21,0.133366447287
XLF,short,2017-10-02,25.81,2017-11-01,26.71,flip,-0.0135277377005,-0.0135277377005,1.04745273015,-0.0121749639305,7.1047678403e-05,-0.0122460116089,23,0.00529747351263
XLU,long,2017-10-02,26.51,2017-11-01,27.605,flat,0.013170536026,0.013170536026,1.04745273015,0.0144217369485,7.12723557049e-05,0.0143504645928,23,0.120946359372
XLF,long,2017-11-01,26.71,2018-02-01,29.68,flat,0.0133671107517,0.0126133120792,1.07110658453,0.0382206163035,7.52291672659e-05,0.0381453871362,63,0.351295336788
XLP,short,2017-11-01,53.24,2018-02-01,57.6,flat,-0.00670615191919,-0.00622138606329,1.07110658453,-0.0285353117894,7.42606368145e-05,-0.0286095724263,63,0.0125916181169
XLB,long,2017-12-01,29.835,2018-03-01,29.8,flat,0.0118577881632,0.0118127463712,1.06133132954,-0.000525860579673,7.17496081421e-05,-0.000597610187816,61,0.262032085561
XLI,long,2018-02-01,79.22,2018-03-01,76.68,flat,0.00466053254016,0.00466053254016,1.10762216349,-0.011837752652,7.2657702301e-05,-0.0119104103543,20,0.211883408072
XLU,short,2018-02-01,25.49,2019-02-01,27.265,flip,-0.0144844012488,-0.0121850010921,1.10762216349,-0.0257137082809,9.14799011693e-05,-0.0258051881821,252,0.0786240786241
XLV,long,2018-03-01,83.99,2018-04-02,81.06,flat,0.00459211310209,0.00459211310209,1.15707473833,-0.0134548913891,7.57928267499e-05,-0.0135306842159,22,0.308817204301
XLY,long,2018-03-01,52.09,2018-07-02,54.255,flat,0.00740433057102,0.0068279264152,1.15707473833,0.0142270520352,7.8780440622e-05,0.0141482715946,86,0.2779214672
XLF,long,2018-04-02,27.57,2018-08-01,28.13,flat,0.0131250155761,0.0131621953623,1.0855700383,0.00731700612449,7.49610768506e-05,0.00724204504764,86,0.176446617767
XLP,short,2018-05-01,50.26,2018-12-03,56.46,flat,-0.00699959568479,-0.00591666058287,1.05539903735,-0.0414452144265,7.90560507902e-05,-0.0415242704773,151,-0.0404740200547
XLRE,short,2018-06-01,31.57,2018-12-03,33.9,flat,-0.0114865749734,-0.0101362802341,1.08789351573,-0.0248225399553,8.06061552275e-05,-0.0249031461105,129,-0.0232339089482
XLE,long,2018-07-02,37.705,2018-11-01,33.65,flat,0.00920533329014,0.009656388962,1.04126127511,-0.0391307295464,6.89005706689e-05,-0.039199630117,87,0.161674816626
XLY,long,2018-08-01,55.69,2019-04-01,57.385,flat,0.00636284071904,0.00582373894432,1.06303979893,0.0133908371643,7.98586294937e-05,0.0133109785348,167,0.225886047555
XLV,long,2018-11-01,89,2019-03-01,92.22,flat,0.00366500559476,0.00355878658607,0.978556493801,0.0148450298386,7.26917486416e-05,0.0147723380899,81,0.156855620155
XLB,short,2018-12-03,27.87,2019-11-01,29.245,flat,-0.0117558576031,-0.0121108838124,0.982907254195,-0.0248435844032,9.38988651283e-05,-0.0249374832683,231,-0.108305084746
XLI,short,2018-12-03,73.91,2019-01-02,63.46,flat,-0.00443290152075,-0.00443290152075,0.982907254195,0.0463238208918,6.08947681905e-05,0.0462629261236,20,-0.0230672445128
XLE,short,2019-01-02,28.22,2021-05-03,24.98,flip,-0.0113797201907,-0.0139017523043,0.963407111348,-0.0770934649637,0.000190673132127,-0.0772841380959,588,-0.0282085364053
XLF,short,2019-02-01,25.98,2019-07-01,27.92,flat,-0.0124352057846,-0.0130374499609,0.969199938849,-0.0287743525524,8.02920387644e-05,-0.0288546445912,104,-0.152614727855
XLU,long,2019-02-01,27.265,2019-06-03,29.22,flat,0.0118491342851,0.0109177010986,0.969199938849,0.0228623568906,6.78560251008e-05,0.0227945008655,84,0.00512820512821
XLRE,long,2019-03-01,34.77,2019-08-01,37.52,flat,0.00930508533366,0.008948305095,0.970613451154,0.0251430253586,7.00690706257e-05,0.025072956288,107,0.0485074626866
XLV,long,2019-04-01,92.31,2019-05-01,89.38,flat,0.00362677359223,0.00362677359223,1.00436241089,-0.0106264466252,6.58948493971e-05,-0.0106923414746,22,0.0718044673138
XLK,long,2019-05-01,39.75,2019-07-01,39.915,flat,0.0080392732366,0.00940507154125,0.958683333465,0.00667358044673,7.44133280691e-05,0.00659916711866,43,0.153546375682
XLY,long,2019-06-03,55.335,2019-07-01,60.355,flat,0.00611877790702,0.00611877790702,1.01574772645,0.0307162650932,7.07881416063e-05,0.0306454769516,21,0.143780135005
XLI,short,2019-07-01,78.05,2019-08-01,77.68,flat,-0.00423625718463,-0.00423625718463,0.99191961978,0.00156741515831,6.59712331362e-05,0.00150144392518,23,-0.0191997851772
XLP,long,2019-07-01,58.37,2019-09-03,60.46,flat,0.00566455153778,0.00570796169629,0.99191961978,0.0118762454503,6.78330482866e-05,0.011808412402,45,0.133413703034
XLU,long,2019-07-01,29.835,2019-12-02,31.375,flat,0.0110822816578,0.0109189349211,0.99191961978,0.0182726928897,7.10369488695e-05,0.0182016559408,108,0.148118811881
XLC,short,2019-08-01,50.92,2019-09-03,49.19,flat,-0.00668096066573,-0.00668096066573,1.0205835513,0.0115580619517,6.68830972247e-05,0.0114911788545,23,0.000604960677556
XLK,long,2019-08-01,40.455,2019-10-01,40.445,flat,0.00840920818438,0.00919553436725,1.0205835513,0.000710097362856,7.43116677604e-05,0.000635785695096,43,0.14071942446
XLF,short,2019-09-03,26.7,2019-11-01,28.92,flat,-0.0135814942986,-0.0125478744654,1.08787769332,-0.0293343576747,7.5458615322e-05,-0.02940981629,44,-0.0121645796064
XLRE,long,2019-09-03,39.15,2020-02-03,39.39,flat,0.00926247503889,0.00869292636624,1.08787769332,0.00201351826082,7.27265313806e-05,0.00194079172944,106,0.134644478064
XLP,long,2019-10-01,61.45,2019-12-02,61.88,flip,0.00574404733461,0.00572856476314,1.05891512614,0.00246049598528,7.08403913409e-05,0.00238965559394,44,0.127805601929
XLI,short,2019-11-01,79.06,2019-12-02,82.03,flat,-0.00443952900376,-0.00443952900376,1.05296748911,-0.0131854011412,7.15163727216e-05,-0.0132569175139,21,-0.0600581615881
XLV,short,2019-11-01,95.26,2020-04-01,85.62,flat,-0.00368453876797,-0.00402413273692,1.05296748911,0.0376835983907,8.03685533316e-05,0.0376032298373,104,-0.0802133444886
XLK,long,2019-12-02,44.1,2021-05-03,70.225,flat,0.00760351046737,0.005102624412,1.00594443483,0.19390034952,0.000121596180971,0.193778753339,357,0.2506722438
XLP,short,2019-12-02,61.88,2020-01-02,63.1,flat,-0.00541879139643,-0.00541879139643,1.00594443483,-0.00661092550364,6.77240548725e-05,-0.00667864955851,22,0.124885215794
XLY,long,2019-12-02,61.27,2020-01-02,63.105,flat,0.00547274051919,0.00547274051919,1.00594443483,0.0100424788527,6.80672102074e-05,0.00997441164251,22,0.185365853659
XLB,short,2020-01-02,30.915,2020-05-01,25.49,flat,-0.0109072816997,-0.0183522529975,1.01159584124,0.0502255514241,9.85823409234e-05,0.0501269690832,84,0.110207100592
XLC,long,2020-01-02,53.97,2020-05-01,49.75,flat,0.00624788982298,0.00927013105424,1.01159584124,-0.0158256616899,9.38203701587e-05,-0.01591948206,84,0.169819719564
XLF,long,2020-02-03,30.17,2020-03-02,26.64,flat,0.0121382909911,0.0121382909911,1.09863671761,-0.0428481671987,6.89576311207e-05,-0.0429171248298,20,0.292191435768
XLU,long,2020-03-02,31.25,2020-05-01,28.295,flat,0.011929461016,0.014962500142,1.11838697025,-0.0301408863747,8.76868769413e-05,-0.0302285732516,44,0.289928598271
XLI,short,2020-04-01,56.38,2020-10-01,77.52,flat,-0.00706193914118,-0.00525602855643,1.19445638634,-0.127212036474,9.41872526554e-05,-0.127306223727,128,-0.00994634210182
XLF,short,2020-05-01,22.25,2021-03-01,32.86,flat,-0.0164400560689,-0.0132512457749,1.0973737426,-0.163379657934,9.92931278079e-05,-0.163478951061,209,-0.209567198178
XLP,long,2020-05-01,57.94,2020-07-01,58.75,flat,0.00631327662294,0.00613844931417,1.0973737426,0.00520291599205,7.36785411058e-05,0.00512923745095,43,-0.0259298998569
XLV,long,2020-05-01,98.59,2020-10-01,105.97,flat,0.0037102266714,0.00377041782128,1.0973737426,0.0273092590568,8.03821685438e-05,0.0272288768882,107,-0.0360213298509
XLC,long,2020-07-01,54.22,2020-09-01,63.38,flat,0.00681795370085,0.00672354729613,1.10900834898,0.0619709832357,8.01309882556e-05,0.0618908522475,44,0.160331280527
XLY,long,2020-09-01,75.115,2021-04-01,84.795,flat,0.00542711275826,0.00428544436334,1.22297272451,0.0492905439618,9.1248603993e-05,0.0491992953578,147,0.150487067518
XLC,long,2020-10-01,59.89,2021-05-03,78.36,flat,0.00706418371693,0.00463015918867,1.26922188842,0.107428335116,9.5357626073e-05,0.10733297749,147,0.277205733899
XLRE,short,2020-10-01,35.4,2021-06-01,43.48,flat,-0.0119512418872,-0.00805977225839,1.26922188842,-0.0774674960425,9.48647076568e-05,-0.0775623607501,167,-0.0754909461872
XLU,short,2021-03-01,29.55,2022-04-01,37.2,flat,-0.0118302918423,-0.0102854298135,1.04875537182,-0.0867837741404,9.80608359606e-05,-0.0868818349763,277,-0.0981451730685
XLB,long,2021-04-01,39.465,2021-08-02,42.21,flat,0.00867956865014,0.00842143875464,1.02761753033,0.0244044438393,7.42359441197e-05,0.0243302078951,85,0.379228810477
XLE,long,2021-05-03,24.98,2021-06-01,26.62,flat,0.0138319630391,0.0138319630391,1.03656731015,0.0226844193842,7.13729292819e-05,0.0226130464549,21,0.688231245699
XLP,short,2021-05-03,69.73,2022-03-01,74.7,flat,-0.00495514752212,-0.00443552972238,1.03656731015,-0.0256534027204,8.05940149141e-05,-0.0257339967353,210,0.254084817331
XLY,long,2021-05-03,89.945,2021-06-01,86.935,flat,0.00384148576038,0.00384148576038,1.03656731015,-0.0115628721387,6.79482001296e-05,-0.0116308203389,21,0.713601141925
XLC,long,2021-06-01,79.08,2021-07-01,80.87,flat,0.00447890518487,0.00447890518487,1.06257546606,0.00801724028092,7.16400884321e-05,0.00794560019249,23,0.566930693069
XLI,long,2021-06-01,106.14,2021-10-01,98.46,flat,0.00333702489184,0.00325050867297,1.06257546606,-0.0251195799811,6.94563709812e-05,-0.025189036352,87,0.566325751794
XLV,short,2021-06-01,123.75,2021-10-01,127.47,flat,-0.00286215613753,-0.00251570923234,1.06257546606,-0.0119384291525,7.20322073192e-05,-0.0120104613598,87,0.214592274678
XLF,long,2021-07-01,36.87,2022-02-01,39.11,flat,0.00947554615504,0.00803551528919,1.04809016021,0.0216928519934,7.52479164035e-05,0.021617604077,149,0.61402027027
XLC,long,2021-08-02,82.75,2021-10-01,80.53,flat,0.00408685277997,0.00396951694636,1.01456120263,-0.00845914676177,6.67914988323e-05,-0.0085259382606,44,0.498334566987
XLB,long,2021-10-01,39.745,2021-11-01,42.63,flat,0.00864072588602,0.00864072588602,1.03027695102,0.0249284941812,7.11779794861e-05,0.0248573162017,22,0.359104619781
XLE,long,2021-10-01,26.235,2023-07-03,40.685,flat,0.0130903621246,0.00870292810854,1.03027695102,0.179921919018,0.000123843363465,0.179798075654,440,0.357643758766
XLY,short,2021-10-01,90.18,2021-11-01,101.315,flat,-0.00380822411111,-0.00380822411111,1.03027695102,-0.0424045754772,7.29255876157e-05,-0.0424775010648,22,0.223599173829
XLC,long,2021-11-01,80.58,2021-12-01,76.45,flat,0.00434319116256,0.00434319116256,1.04992303164,-0.0179373795014,6.82011308257e-05,-0.0180055806322,22,0.348653198653
XLV,short,2021-11-01,133.94,2022-01-03,140.29,flat,-0.00261291879856,-0.00260398075352,1.04992303164,-0.0165031902032,7.16451877962e-05,-0.016574835391,44,0.206863860447
XLK,long,2021-12-01,85.25,2022-03-01,76.745,flat,0.00398157057151,0.0041552154018,1.01828667366,-0.0325336070242,7.31274712594e-05,-0.0326067344955,62,0.424803739966
XLC,short,2022-01-03,77.86,2023-05-01,59.81,flat,-0.00406007155762,-0.00621825038859,0.94835151443,0.0690460376183,0.000119927035229,0.0689261105831,333,0.105555555556
XLRE,long,2022-02-01,47.34,2022-07-01,40.78,flat,0.00711802266602,0.00849757451491,1.01090157903,-0.0511691456794,7.95991060987e-05,-0.0512487447855,105,0.431339977852
XLF,long,2022-03-01,38.15,2022-04-01,38.58,flat,0.00913826064292,0.00913826064292,1.04587393058,0.00392945207646,7.01178739131e-05,0.00385933420254,24,0.293838862559
XLY,short,2022-03-01,88.585,2022-04-01,93.005,flat,-0.00393548166764,-0.00393548166764,1.04587393058,-0.0173948289709,7.14644116026e-05,-0.0174662933826,24,0.0507595852423
XLB,short,2022-04-01,44.33,2022-05-02,42.57,flat,-0.00784658188656,-0.00784658188656,1.04351692509,0.0138099841203,6.81867965942e-05,0.0137417973238,21,0.108817261588
XLI,short,2022-04-01,103.42,2022-09-01,92.32,flat,-0.00336336274445,-0.00375917399068,1.04351692509,0.0354184034026,8.40979835099e-05,0.0353343054191,106,0.0834411384217
XLK,long,2022-04-01,79.545,2022-06-01,70.98,flat,0.00437285781672,0.00507682717297,1.04351692509,-0.0372071379255,7.57913523401e-05,-0.0372829292779,42,0.191933240612
XLP,short,2022-05-02,78.18,2022-06-01,74.57,flip,-0.00458654775169,-0.00458654775169,1.07572890968,0.0165574373836,7.00595169071e-05,0.0164873778667,22,0.113599765774
XLP,long,2022-06-01,74.57,2022-07-01,72.2,flat,0.00505843278419,0.00505843278419,1.13162199815,-0.0119884856985,7.42426179736e-05,-0.0120627283165,22,0.11583788445
XLY,short,2022-06-01,77.685,2023-07-03,85.755,flat,-0.00485560060137,-0.00441064028844,1.13162199815,-0.0550381178921,0.000118712780708,-0.0551568306728,273,-0.089649005142
XLU,long,2022-07-01,35.245,2023-04-03,33.72,flat,0.0107490215893,0.0110132487346,1.13654779774,-0.0119948178458,9.6202545161e-05,-0.012091020391,190,0.147776405188
XLV,long,2022-07-01,128.29,2022-08-01,131.66,flat,0.00295306934222,0.00295306934222,1.13654779774,0.00995184368328,7.6765037551e-05,0.00987507864573,21,0.0876861067698
XLP,long,2022-08-01,74.39,2023-03-01,71.81,flat,0.00480268713637,0.00501451432231,1.07181568822,-0.00915655915296,8.71276274126e-05,-0.00924368678038,147,0.0388880887225
XLF,short,2022-09-01,32.91,2022-10-03,30.66,flat,-0.0113016072365,-0.0113016072365,1.11580768246,0.0254286162821,7.18443172024e-05,0.0253567719649,22,-0.0949904188338
XLK,short,2022-10-03,59.86,2022-12-01,68.045,flat,-0.00624692245095,-0.00616475428257,1.12182233374,-0.0508586727829,7.98740228611e-05,-0.0509385468057,43,-0.148558479164
XLRE,short,2022-12-01,39.63,2023-01-03,37.23,flat,-0.0101493002886,-0.0101493002886,1.20665031131,0.0243583206927,7.80075220183e-05,0.0242803131707,22,-0.23191133417
XLK,short,2023-01-03,62.885,2023-03-01,68.29,flat,-0.00667027846788,-0.00543897269642,1.25838138436,-0.0356095850412,8.74530507947e-05,-0.035697038092,40,-0.194167852063
XLRE,short,2023-03-01,37.97,2024-01-02,39.97,flat,-0.00937735927287,-0.009302976706,1.06817499477,-0.0229768382974,8.70766465563e-05,-0.023063914944,212,-0.124348958333
XLV,long,2023-03-01,126.56,2023-04-03,129.56,flat,0.00281335597022,0.00281335597022,1.06817499477,0.00844006791065,7.20556731092e-05,0.00836801223754,24,0.0417124039517
XLB,long,2023-04-03,40.41,2023-05-01,40.325,flat,0.008855736448,0.008855736448,1.07358092959,-0.00075273759808,7.14967882129e-05,-0.000824234386293,20,0.0239381291431
XLI,long,2023-04-03,100.96,2023-11-01,98.46,flat,0.00354457517694,0.00348754440049,1.07358092959,-0.00753060744414,7.96543353698e-05,-0.00761026177951,148,0.0422764227642
XLF,short,2023-05-01,33.26,2023-07-03,33.71,flat,-0.0104659405529,-0.010459044942,1.04429154837,-0.00469746801747,7.00891833595e-05,-0.00476755720083,44,-0.191321999493
XLP,long,2023-05-01,77.31,2023-06-01,72.65,flat,0.00450261522169,0.00450261522169,1.04429154837,-0.0209821869331,6.75212178644e-05,-0.0210497081509,23,-0.0192435301924
XLK,long,2023-06-01,81.88,2024-11-01,111.24,flat,0.00407989613393,0.00301842010655,1.00218568634,0.113276489684,8.94940529395e-05,0.113186995631,359,0.0227010910077
XLB,short,2023-07-03,41.415,2023-08-01,42.65,flat,-0.00804556614087,-0.00804556614087,0.999621365172,-0.00993627418397,6.76350517632e-05,-0.0100039092357,21,-0.141254578755
XLC,long,2023-07-03,64.87,2023-08-01,68.42,flat,0.00513653648411,0.00513653648411,0.999621365172,0.0182347045186,6.84648947966e-05,0.0181662396238,21,0.0335436731983
XLU,short,2023-07-03,32.65,2024-09-03,38.155,flat,-0.0102054248614,-0.00962349185407,0.999621365172,-0.0628605062695,9.75321267643e-05,-0.0629580383962,295,-0.138516651187
XLP,short,2023-08-01,75.65,2024-03-01,74.25,flat,-0.00445970418453,-0.00493591584342,1.01212986468,0.0045581450357,7.75756739012e-05,0.0044805693618,148,0.0258091517857
XLY,long,2023-08-01,86.435,2023-09-01,85.84,flat,0.00390324083484,0.00390324083484,1.01212986468,-0.00232242829673,6.72430814822e-05,-0.00238967137821,24,0.200802062446
XLC,long,2023-09-01,67.95,2026-04-01,111.66,flat,0.00511056443661,0.00294201451554,1.0417885604,0.186810270157,0.000108223103167,0.186702047053,647,0.19754841002
XLE,long,2023-11-01,42.865,2023-12-01,42.24,flat,0.00815295079078,0.00815295079078,1.04842870694,-0.00509559424424,6.9385687705e-05,-0.00516497993194,22,0.220247933884
XLY,long,2023-12-01,84.03,2024-05-01,87.855,flat,0.00412063302389,0.00384956825757,1.03877037899,0.0179963536477,7.56396800805e-05,0.0179207139676,104,0.0492549668874
XLE,short,2024-01-02,42.215,2024-05-01,46.695,flat,-0.00828974870748,-0.00748407456475,1.04985522506,-0.0391324573009,7.63593248183e-05,-0.0392088166257,84,-0.0596530498041
XLRE,short,2024-03-01,39.01,2024-09-03,43.27,flat,-0.00951389413611,-0.00843153845408,1.11341103075,-0.0407084845039,8.55906433052e-05,-0.0407940751472,128,-0.0480793060719
XLF,long,2024-05-01,40.33,2025-11-03,52.5,flat,0.00858062312712,0.00728125590456,1.03816959215,0.100078447538,0.000102290091847,0.0999761574466,379,0.314402259178
XLP,short,2024-05-01,75.28,2025-01-02,78.5,flat,-0.00459692522206,-0.00423244413122,1.03816959215,-0.0164458590406,7.71876222626e-05,-0.0165230466629,170,0.0250338294993
XLE,short,2024-09-03,44.895,2025-02-03,43.82,flat,-0.0075157117527,-0.00875706530139,1.01225363741,0.00590297268075,8.06692249895e-05,0.00582230345576,105,0.0421499942575
XLY,short,2024-09-03,93.29,2024-11-01,100.255,flat,-0.00361687082364,-0.00339283985909,1.01225363741,-0.0251623812613,6.99998139536e-05,-0.0252323810752,44,0.0647377306864
XLU,long,2024-11-01,39.95,2024-12-02,41.75,flat,0.00860817576411,0.00860817576411,1.03168986533,0.0154947163754,7.03287959928e-05,0.0154243875794,21,0.449902117815
XLV,short,2024-11-01,147.44,2025-12-01,156.86,flat,-0.00233245131427,-0.00266805798328,1.03168986533,-0.0327964630691,0.000101073908614,-0.0328975369777,270,0.189327940261
XLK,long,2024-12-02,116.49,2025-01-02,117.245,flat,0.00305343467068,0.00305343467068,1.06708381436,0.00230534317636,7.13694552751e-05,0.00223397372109,22,0.409947804728
XLB,short,2025-01-02,42.18,2025-03-03,44.505,flat,-0.00892211667442,-0.00852978186305,1.12900464398,-0.0205556005586,7.73225363213e-05,-0.0206329230949,40,0.161519607843
XLI,long,2025-01-02,132.03,2025-02-03,136.66,flat,0.00285037401596,0.00285037401596,1.12900464398,0.0131972316939,7.65866994348e-05,0.0131206449945,21,0.360846161111
XLRE,short,2025-02-03,41.31,2025-04-01,41.85,flat,-0.0090903811794,-0.00841318466724,1.12657093956,-0.00580947719804,7.5685677024e-05,-0.00588516287506,41,-0.0037037037037
XLY,long,2025-02-03,114.01,2025-04-01,98.995,flat,0.00329377814684,0.00337167677323,1.12657093956,-0.0501376918557,7.17695976187e-05,-0.0502094614533,41,0.254835482437
XLE,short,2025-03-03,45.355,2025-05-01,39.995,flat,-0.00800973021567,-0.00738167727565,1.08984394179,0.0387744434931,6.8778818437e-05,0.0387056646746,43,0.0658753709199
XLB,short,2025-04-01,42.99,2025-10-01,44.68,flat,-0.00800411458955,-0.00804134751211,1.03229065861,-0.0167193247883,7.81415647444e-05,-0.016797466353,127,0.0262033937435
XLU,long,2025-04-01,39.45,2025-07-01,40.925,flat,0.0087223545299,0.009150858989,1.03229065861,0.0136875127465,7.45730409444e-05,0.0136129397055,63,0.280982388108
XLK,short,2025-05-01,107.06,2025-06-02,114.65,flat,-0.00341680729951,-0.00341680729951,1.09741016846,-0.0259335674033,7.57540346375e-05,-0.0260093214379,22,-0.0178229206593
XLE,short,2025-06-02,41.12,2025-10-01,44.695,flat,-0.00908632228893,-0.0082005204862,1.12088871756,-0.0322347676441,7.79493912685e-05,-0.0323127170353,85,-0.160920200543
XLY,long,2025-07-01,108.03,2025-08-01,108.53,flat,0.00352406095363,0.00352406095363,1.14211291446,0.00176203047682,7.63170640119e-05,0.00168571341281,23,0.224621168964
XLI,long,2025-08-01,150.85,2025-09-02,151.01,flat,0.002520577668,0.002520577668,1.14068742365,0.00040329242688,7.60861574863e-05,0.000327206269394,22,0.216959448366
XLK,long,2025-09-02,130.505,2025-10-01,139.565,flat,0.00284116726396,0.00284116726396,1.11235960135,0.0257409754115,7.67314042979e-05,0.0256642440072,22,0.219812372283
XLP,short,2025-10-01,78.37,2025-11-03,76.42,flat,-0.00497061619107,-0.00497061619107,1.16864157268,0.00969270157259,7.69401680216e-05,0.00961576140457,24,-0.0222706366497
XLRE,short,2025-10-01,42.15,2026-08-03,45.23,flat,-0.00924192623711,-0.00843469883847,1.16864157268,-0.0270193823389,9.52624771542e-05,-0.0271146448161,210,-0.0248561565017
XLY,long,2025-10-01,119.35,2026-02-02,120.33,flip,0.00326390608206,0.00308358509515,1.16864157268,0.0027289933893,7.92233426051e-05,0.00264977004669,85,0.247848537005
XLB,short,2025-11-03,42.84,2026-02-02,48.89,flat,-0.00901248064334,-0.00816808032854,1.15828401228,-0.0508601536812,8.38685385937e-05,-0.0509440222198,62,-0.0703465449263
XLK,long,2025-11-03,151.27,2026-10-01,198.35,sample_end,0.00255235453666,0.00194773767444,1.15828401228,0.108757050191,5.68622194007e-05,0.108700187971,229,0.2694897236
XLP,short,2025-12-01,79.42,2026-04-01,82.1,flat,-0.00450041000013,-0.00375173729527,1.07226768663,-0.0175872271126,7.75473785971e-05,-0.0176647744912,84,-0.0556377991611
XLI,long,2026-02-02,163.99,2026-09-01,174.51,flat,0.00210591178082,0.0019801364058,1.03604541881,0.026581750662,8.31312577451e-05,0.0264986194042,147,0.165052882467
XLY,short,2026-02-02,120.33,2026-03-02,114.73,flat,-0.00287001140976,-0.00287001140976,1.03604541881,0.0160720638947,6.74624881978e-05,0.0160046014065,20,0.0306118080233
XLF,short,2026-03-02,50.88,2026-06-01,51.15,flat,-0.00664960041839,-0.00686164323162,1.01499500786,-0.00235127296906,7.06752109214e-05,-0.00242194817998,64,0.0309398715703
XLE,long,2026-04-01,59.8,2026-10-01,62.68,sample_end,0.00572506704855,0.00628353790758,1.02707702851,0.0221493898914,5.19266008203e-05,0.0220974632906,127,0.273072201763
XLV,short,2026-04-01,146.88,2026-05-01,146.15,flat,-0.00233087560936,-0.00233087560936,1.02707702851,0.00170153919484,6.83016479812e-05,0.00163323754685,22,0.0762798286763
XLP,short,2026-05-01,84.46,2026-09-01,85.06,flat,-0.00423186118796,-0.00422976159016,1.07226898781,-0.003054513429,7.76915278881e-05,-0.00313220495689,85,0.0186964641434
XLV,short,2026-06-01,149.77,2026-07-01,158.393,flat,-0.00253659272988,-0.00253659272988,1.13971647946,-0.0218730391097,7.81684025418e-05,-0.0219512075123,22,0.0291465262247
XLF,short,2026-07-01,53.53,2026-09-01,57.71,flat,-0.00690784974927,-0.00629866671578,1.10933159124,-0.0284666593195,7.68021053477e-05,-0.0285434614249,44,0.00508806262231
XLC,short,2026-08-03,109.26,2026-10-01,109.94,sample_end,-0.00328826605773,-0.00345033806352,1.0778278484,-0.0019939915691,3.77336175135e-05,-0.00203172518661,43,0.00995116557634
XLU,short,2026-09-01,42.37,2026-10-01,39.6762,sample_end,-0.00870622121766,-0.009728836386,1.10664777898,0.0233135385302,4.09316796748e-05,0.0232726068505,22,0.0424982390232
XLV,long,2026-09-01,171.12,2026-10-01,166.0721,sample_end,0.00215569537747,0.00228431229633,1.10664777898,-0.0111811420213,3.90541682129e-05,-0.0112201961896,22,0.213483146067
XLY,short,2026-09-01,116.23,2026-10-01,108.81,sample_end,-0.00317372961363,-0.00353889779855,1.10664777898,0.0235089052328,4.08576374693e-05,0.0234680475953,22,0.0415358422939
