symbol,side,entry_date,entry_px,exit_date,exit_px,exit_reason,gross_dollars,net_dollars,entry_equity,hold_sessions
TLT,long,2012-02-01,119.73,2013-02-01,117.76,flip,-0.00709873538644,-0.00720329410875,1,251
TLT,short,2013-02-01,117.76,2013-04-01,117.52,flip,0.000957645060648,0.000858345608613,0.993952165412,39
TLT,long,2013-04-01,117.52,2013-06-03,113.78,flip,-0.0152062932202,-0.0153046644514,0.998918605693,44
IEF,long,2012-02-01,106.04,2013-06-03,104.98,flip,-0.00561515172503,-0.00572185182644,1,334
TLT,short,2013-06-03,113.78,2014-07-01,112.5,flip,0.00167945821812,0.0015569731045,0.972725807977,272
IEF,short,2013-06-03,104.98,2014-07-01,103.14,flip,0.00709814750124,0.00698096237783,0.972725807977,272
TLT,long,2014-07-01,112.5,2015-12-01,121.26,flip,0.0393092273421,0.0392001604693,0.981263762568,358
IEF,long,2014-07-01,103.14,2016-01-04,106.09,flip,0.0138084196048,0.0136994135447,0.981263762568,380
TLT,short,2015-12-01,121.26,2016-03-01,130.82,flip,-0.0392605066765,-0.039367922732,1.03490004814,61
IEF,short,2016-01-04,106.09,2016-03-01,110.54,flip,-0.0211477858589,-0.021253021327,1.03120689599,39
TLT,long,2016-03-01,130.82,2016-04-01,130.98,flip,0.000595350687509,0.000497936431265,0.973547211748,22
TLT,short,2016-04-01,130.98,2016-05-02,128.66,flip,0.00861150595513,0.00851513132555,0.972357801727,21
TLT,long,2016-05-02,128.66,2016-12-01,118.51,flip,-0.0375788209839,-0.0376753039904,0.978577308289,149
IEF,long,2016-03-01,110.54,2016-12-01,104.62,flip,-0.0268514123026,-0.0269504468415,0.973547211748,192
TLT,short,2016-12-01,118.51,2017-12-01,125.87,flip,-0.0279669626538,-0.0280675556782,0.917924210188,252
IEF,short,2016-12-01,104.62,2017-12-01,105.7,flip,-0.00505687608256,-0.00515375532275,0.917924210188,252
IEF,long,2017-12-01,105.7,2018-02-01,103.1,flip,-0.0109151733948,-0.0110028608393,0.884700478947,41
TLT,long,2017-12-01,125.87,2018-03-01,118.43,flip,-0.0261065657738,-0.0261928462148,0.884700478947,60
TLT,short,2018-03-01,118.43,2018-04-02,121.35,flip,-0.0104953129935,-0.0105814967658,0.851342409467,21
TLT,long,2018-04-02,121.35,2018-05-01,118.77,flip,-0.00890310168066,-0.00898596264095,0.837512704611,21
IEF,short,2018-02-01,103.1,2019-02-01,104.47,flip,-0.0061971460156,-0.0062921915483,0.861748120837,251
TLT,short,2018-05-01,118.77,2019-03-01,119.33,flip,-0.00446579720395,-0.00456206643471,0.834380964247,209
TLT,long,2019-03-01,119.33,2021-03-01,140.66,flip,0.0736901585758,0.0735928727121,0.814163291131,503
IEF,long,2019-02-01,104.47,2021-03-01,115.47,flip,0.0438746372353,0.043774796433,0.809907054113,522
IEF,short,2021-03-01,115.47,2024-01-02,95.935,flip,0.0822950961326,0.0821012163701,0.934454796878,715
IEF,long,2024-01-02,95.935,2024-02-01,96.6,flip,0.00406779523763,0.00395002186077,1.1736659733,21
IEF,short,2024-02-01,96.6,2024-08-01,96,flip,0.00158384246646,0.00145023066187,1.18244228731,125
TLT,short,2021-03-01,140.66,2024-09-03,97.56,flip,0.157154758992,0.156904178457,0.934454796878,883
TLT,long,2024-09-03,97.56,2025-01-02,87.8,flip,-0.0594761047215,-0.0595904911276,1.18691566097,84
IEF,long,2024-08-01,96,2025-01-02,92.65,flip,-0.0202440150389,-0.02036212256,1.19408518172,106
IEF,short,2025-01-02,92.65,2025-03-03,95.04,flip,-0.0141879102003,-0.0142993288954,1.09892427742,39
TLT,short,2025-01-02,87.8,2025-05-01,89.2,flip,-0.00989068901957,-0.0100030959161,1.09892427742,81
TLT,long,2025-05-01,89.2,2025-06-02,85.25,flip,-0.0238787767599,-0.0239842363195,1.07847437315,21
IEF,long,2025-03-03,95.04,2025-08-01,94.54,flip,-0.00271430002923,-0.00282108336977,1.06004703549,105
IEF,short,2025-08-01,94.54,2025-11-03,96.95,flip,-0.0130427263247,-0.0131480370557,1.04006458439,65
TLT,short,2025-06-02,85.25,2026-01-02,87.24,flip,-0.0135203057979,-0.0136315630677,1.0443519702,148
TLT,long,2026-01-02,87.24,2026-02-02,87.25,flip,5.83182080592e-05,-4.34412331832e-05,1.01753609422,20
IEF,long,2025-11-03,96.95,2026-05-01,94.87,flip,-0.0106268063561,-0.0107316919967,1.00489527869,123
TLT,short,2026-02-02,87.25,2026-06-01,85.4,flip,0.00993292228224,0.0098256264344,1.01390072586,82
IEF,short,2026-05-01,94.87,2026-06-01,94.13,flip,0.00397699115198,0.00387541664823,1.01972202862,20
TLT,long,2026-06-01,85.4,2026-07-01,85.79,flip,0.00233806938328,0.00223544012745,1.02395448888,21
IEF,long,2026-06-01,94.13,2026-07-01,94.14,flip,5.43904434762e-05,-4.80104444564e-05,1.02395448888,21
TLT,short,2026-07-01,85.79,2026-10-01,77.7,end_of_sample,0.0501424131894,0.0500816233729,1.02614301455,65
IEF,short,2026-07-01,94.14,2026-10-01,89.3129,end_of_sample,0.0272656570669,0.0272075169123,1.02614301455,65
