market,micro,cls,side,entry_date,entry_price,entry_contracts,max_contracts,exit_date,exit_price,exit_reason,gross,costs,net,net_bp
CL=F,MCL,commodities,short,2022-10-03,81.02,1.0,1.0,2022-11-01,86.43,flat,-389.0,8.0,-397.0,-490.0025
ES=F,MES,equity,short,2022-10-03,3593.25,1.0,1.0,2022-11-01,3884.0,flat,-1506.25,4.5,-1510.75,-840.8822
GC=F,MGC,commodities,short,2022-10-03,1670.5,2.0,2.0,2022-12-01,1783.1,flip,-1710.0,16.0,-1726.0,-516.6118
HG=F,MHG,commodities,short,2022-10-03,3.4,2.0,2.0,2022-11-01,3.49,flip,-950.0,9.0,-959.0,-564.1176
NQ=F,MNQ,equity,short,2022-10-03,11030.0,1.0,1.0,2022-11-01,11455.0,flat,-1345.0,3.0,-1348.0,-611.0607
RTY=F,M2K,equity,short,2022-10-03,1667.2,1.0,1.0,2022-11-01,1852.9,flat,-786.5,3.0,-789.5,-947.0969
YM=F,MYM,equity,short,2022-10-03,28767.0,1.0,1.0,2022-11-01,32769.0,flat,-1804.0,3.0,-1807.0,-1256.3006
ZB=F,30Y,rates,short,2022-10-03,126.16,3.0,3.0,2023-02-01,130.19,flip,-664.773068,60.0,-724.773068,-277.8297
ZF=F,5YY,rates,short,2022-10-03,107.26,3.0,3.0,2023-02-01,109.34,flip,-807.340251,44.0,-851.340251,-119.1876
ZN=F,10Y,rates,short,2022-10-03,111.83,3.0,3.0,2023-02-01,114.64,flip,-685.057308,56.0,-741.057308,-155.622
ZT=F,2YY,rates,short,2022-10-03,102.56,3.0,3.0,2023-01-03,102.61,flip,16.727801,40.0,-23.272199,-1.4739
HG=F,MHG,commodities,long,2022-11-01,3.49,2.0,2.0,2023-05-01,3.87,flip,1200.0,36.0,1164.0,667.0487
GC=F,MGC,commodities,long,2022-12-01,1783.1,1.0,1.0,2023-03-01,1834.0,flip,-46.0,8.0,-54.0,-30.2843
CL=F,MCL,commodities,short,2023-01-03,80.57,1.0,2.0,2023-08-01,81.73,flat,1240.0,40.0,1200.0,1489.3881
ZT=F,2YY,rates,long,2023-01-03,102.61,1.0,1.0,2023-03-01,101.62,flip,-574.765814,12.0,-586.765814,-111.4855
ZB=F,30Y,rates,long,2023-02-01,130.19,1.0,1.0,2023-03-01,124.06,flip,-463.590307,8.0,-471.590307,-542.3289
ZF=F,5YY,rates,long,2023-02-01,109.34,1.0,1.0,2023-03-01,106.61,flip,-557.576165,8.0,-565.576165,-237.542
ZN=F,10Y,rates,long,2023-02-01,114.64,1.0,1.0,2023-03-01,111.09,flip,-480.808664,8.0,-488.808664,-307.9495
ES=F,MES,equity,short,2023-03-01,3968.5,1.0,1.0,2023-04-03,4127.0,flat,-421.5,9.0,-430.5,-216.9585
GC=F,MGC,commodities,short,2023-03-01,1834.0,2.0,2.0,2023-04-03,1990.0,flat,-1600.0,16.0,-1616.0,-440.5671
YM=F,MYM,equity,short,2023-03-01,32652.0,1.0,1.0,2023-05-01,34216.0,flat,-471.65,6.0,-477.65,-292.5701
ZB=F,30Y,rates,short,2023-03-01,124.06,3.0,3.0,2024-01-02,124.47,flip,2290.154215,112.0,2178.154215,834.9591
ZF=F,5YY,rates,short,2023-03-01,106.61,2.0,3.0,2024-01-02,108.66,flip,194.77172,88.0,106.77172,22.4221
ZN=F,10Y,rates,short,2023-03-01,111.09,3.0,3.0,2024-01-02,112.69,flip,670.616198,100.0,570.616198,119.8294
ZT=F,2YY,rates,short,2023-03-01,101.62,3.0,3.0,2024-01-02,102.93,flip,-248.556678,100.0,-348.556678,-22.0753
HG=F,MHG,commodities,short,2023-05-01,3.87,1.0,1.0,2023-07-03,3.75,flip,75.0,9.0,66.0,68.2171
RTY=F,M2K,equity,short,2023-05-01,1776.6,1.0,2.0,2023-07-03,1903.2,flip,-1439.0,12.0,-1451.0,-1633.4572
YM=F,MYM,equity,short,2023-06-01,32910.0,1.0,1.0,2023-07-03,34619.0,flip,-833.595,6.0,-839.595,-510.237
ES=F,MES,equity,long,2023-07-03,4485.5,1.0,1.0,2023-09-01,4516.75,flat,75.0,4.5,70.5,31.4346
GC=F,MGC,commodities,short,2023-07-03,1927.8,2.0,2.0,2023-08-01,2004.2,flip,-1018.0,16.0,-1034.0,-268.1813
HG=F,MHG,commodities,long,2023-07-03,3.75,1.0,2.0,2023-09-01,3.79,flip,-1150.0,18.0,-1168.0,-1245.8667
RTY=F,M2K,equity,long,2023-07-03,1903.2,1.0,1.0,2023-09-01,1902.8,flip,40.0,3.0,37.0,38.8819
YM=F,MYM,equity,long,2023-07-03,34619.0,1.0,1.0,2023-09-01,34807.0,flat,107.0,3.0,104.0,60.0826
GC=F,MGC,commodities,long,2023-08-01,2004.2,1.0,1.0,2023-10-02,1864.4,flip,-1161.0,4.0,-1165.0,-581.2793
HG=F,MHG,commodities,short,2023-09-01,3.79,1.0,1.0,2023-11-01,3.65,flip,150.0,4.5,145.5,153.562
RTY=F,M2K,equity,short,2023-09-01,1902.8,1.0,2.0,2024-01-02,2048.0,flip,-1308.45,12.0,-1320.45,-1387.902
GC=F,MGC,commodities,short,2023-10-02,1864.4,1.0,1.0,2023-11-01,1993.3,flip,-1107.0,4.0,-1111.0,-595.9022
YM=F,MYM,equity,short,2023-10-02,33892.0,1.0,2.0,2023-12-01,35986.0,flip,-2425.5,6.0,-2431.5,-1434.8519
CL=F,MCL,commodities,short,2023-11-01,81.48,2.0,2.0,2024-04-01,83.14,flip,635.0,40.0,595.0,365.1203
GC=F,MGC,commodities,long,2023-11-01,1993.3,2.0,2.0,2024-02-01,2057.9,flip,-951.0,20.0,-971.0,-243.5659
HG=F,MHG,commodities,long,2023-11-01,3.65,1.0,3.0,2024-01-02,3.88,flip,-50.0,18.0,-68.0,-74.5205
ES=F,MES,equity,long,2023-12-01,4571.75,1.0,1.0,2024-05-01,5050.0,flat,1392.2,13.5,1378.7,603.1388
NQ=F,MNQ,equity,long,2023-12-01,15955.0,1.0,1.0,2024-05-01,17462.5,flat,1481.46,9.0,1472.46,461.4416
YM=F,MYM,equity,long,2023-12-01,35986.0,1.0,2.0,2024-05-01,37923.0,flat,-471.595,15.0,-486.595,-270.4357
HG=F,MHG,commodities,short,2024-01-02,3.88,1.0,1.0,2024-02-01,3.9,flip,-50.0,4.5,-54.5,-56.1856
RTY=F,M2K,equity,long,2024-01-02,2048.0,1.0,1.0,2024-02-01,1959.8,flat,-521.5,3.0,-524.5,-512.207
ZB=F,30Y,rates,long,2024-01-02,124.47,1.0,1.0,2024-02-01,123.03,flip,-246.213189,8.0,-254.213189,-292.3452
ZF=F,5YY,rates,long,2024-01-02,108.66,1.0,1.0,2024-02-01,108.55,flip,-119.931059,8.0,-127.931059,-53.731
ZN=F,10Y,rates,long,2024-01-02,112.69,1.0,1.0,2024-02-01,112.58,flip,-123.602873,8.0,-131.602873,-82.9098
ZT=F,2YY,rates,long,2024-01-02,102.93,1.0,1.0,2024-02-01,102.86,flip,-86.353968,8.0,-94.353968,-17.9273
GC=F,MGC,commodities,short,2024-02-01,2057.9,2.0,2.0,2024-04-01,2259.2,flip,-1247.0,12.0,-1259.0,-305.8944
HG=F,MHG,commodities,long,2024-02-01,3.9,1.0,1.0,2024-03-01,3.84,flip,-375.0,9.0,-384.0,-393.8462
ZB=F,30Y,rates,short,2024-02-01,123.03,1.0,3.0,2024-08-01,121.72,flip,-167.545252,60.0,-227.545252,-261.677
ZF=F,5YY,rates,short,2024-02-01,108.55,1.0,3.0,2024-08-01,108.23,flip,1038.397683,60.0,978.397683,410.927
ZN=F,10Y,rates,short,2024-02-01,112.58,1.0,3.0,2024-08-01,112.28,flip,911.144118,60.0,851.144118,536.2208
ZT=F,2YY,rates,short,2024-02-01,102.86,1.0,3.0,2024-08-01,102.83,flip,1369.889279,60.0,1309.889279,248.879
HG=F,MHG,commodities,short,2024-03-01,3.84,3.0,3.0,2024-05-01,4.54,flip,-1200.0,18.0,-1218.0,-422.9167
RTY=F,M2K,equity,long,2024-03-01,2053.6,1.0,1.0,2024-04-01,2150.6,flat,163.25,6.0,157.25,153.1457
CL=F,MCL,commodities,long,2024-04-01,83.14,1.0,1.0,2024-05-01,81.48,flip,-251.0,8.0,-259.0,-311.5227
GC=F,MGC,commodities,long,2024-04-01,2259.2,2.0,2.0,2024-06-03,2348.0,flat,510.0,12.0,498.0,110.216
CL=F,MCL,commodities,short,2024-05-01,81.48,1.0,2.0,2025-01-02,71.85,flip,1824.0,68.0,1756.0,2155.1301
HG=F,MHG,commodities,long,2024-05-01,4.54,1.0,2.0,2024-09-03,4.15,flip,-100.0,18.0,-118.0,-103.9648
ES=F,MES,equity,long,2024-07-01,5534.25,1.0,1.0,2024-11-01,5742.0,flat,1066.2,9.0,1057.2,382.0572
RTY=F,M2K,equity,short,2024-07-01,2068.4,1.0,1.0,2024-08-01,2272.5,flip,-826.5,3.0,-829.5,-802.0692
YM=F,MYM,equity,long,2024-07-01,39498.0,1.0,1.0,2024-11-01,41971.0,flat,1228.045,6.0,1222.045,618.7883
GC=F,MGC,commodities,long,2024-08-01,2493.4,1.0,1.0,2024-09-03,2536.0,flat,-317.0,4.0,-321.0,-128.7399
RTY=F,M2K,equity,long,2024-08-01,2272.5,1.0,1.0,2024-11-01,2206.2,flat,-294.75,6.0,-300.75,-264.6865
ZB=F,30Y,rates,long,2024-08-01,121.72,1.0,1.0,2024-09-03,122.91,flip,34.827932,8.0,26.827932,30.8521
ZF=F,5YY,rates,long,2024-08-01,108.23,1.0,3.0,2024-11-01,107.21,flip,-903.232648,32.0,-935.232648,-392.7977
ZN=F,10Y,rates,long,2024-08-01,112.28,1.0,1.0,2024-09-03,113.0,flip,27.094439,8.0,19.094439,12.0295
ZT=F,2YY,rates,long,2024-08-01,102.83,1.0,3.0,2024-11-01,102.95,flip,-1386.594954,32.0,-1418.594954,-269.533
HG=F,MHG,commodities,short,2024-09-03,4.15,1.0,2.0,2025-03-03,4.54,flip,875.0,22.5,852.5,821.6867
ZB=F,30Y,rates,short,2024-09-03,122.91,1.0,1.0,2024-10-01,124.41,flip,-169.145596,8.0,-177.145596,-203.7174
ZN=F,10Y,rates,short,2024-09-03,113.0,1.0,1.0,2024-10-01,114.39,flip,-99.549353,8.0,-107.549353,-67.7561
GC=F,MGC,commodities,long,2024-10-01,2656.1,1.0,1.0,2024-12-02,2673.8,flat,-318.0,8.0,-326.0,-122.7363
ZB=F,30Y,rates,long,2024-10-01,124.41,3.0,3.0,2024-11-01,118.0,flip,-1270.154687,24.0,-1294.154687,-496.0926
ZN=F,10Y,rates,long,2024-10-01,114.39,3.0,3.0,2024-11-01,110.42,flip,-1148.256952,24.0,-1172.256952,-246.174
ZB=F,30Y,rates,short,2024-11-01,118.0,1.0,3.0,2025-03-03,118.31,flip,-125.36797,36.0,-161.36797,-185.5732
ZF=F,5YY,rates,short,2024-11-01,107.21,1.0,3.0,2025-03-03,107.66,flip,-174.822438,36.0,-210.822438,-88.5454
ZN=F,10Y,rates,short,2024-11-01,110.42,3.0,3.0,2025-03-03,110.98,flip,-316.175329,52.0,-368.175329,-77.3168
ZT=F,2YY,rates,short,2024-11-01,102.95,3.0,3.0,2025-03-03,103.18,flip,-452.859094,60.0,-512.859094,-32.4811
ES=F,MES,equity,long,2024-12-02,6051.5,1.0,1.0,2025-01-02,5949.25,flat,-1466.2,9.0,-1475.2,-487.5485
RTY=F,M2K,equity,long,2024-12-02,2444.4,1.0,1.0,2025-01-02,2258.0,flip,-1377.25,6.0,-1383.25,-1131.7706
YM=F,MYM,equity,long,2024-12-02,45048.0,1.0,1.0,2025-01-02,42935.0,flat,-1699.17,6.0,-1705.17,-757.0458
CL=F,MCL,commodities,long,2025-01-02,71.85,1.0,1.0,2025-02-03,74.14,flip,-168.0,8.0,-176.0,-244.9548
RTY=F,M2K,equity,short,2025-01-02,2258.0,1.0,1.0,2025-02-03,2248.0,flat,-219.5,3.0,-222.5,-197.0771
CL=F,MCL,commodities,short,2025-02-03,74.14,2.0,2.0,2025-08-01,69.35,flat,706.0,48.0,658.0,443.7551
GC=F,MGC,commodities,long,2025-02-03,2846.5,1.0,1.0,2025-05-01,3299.0,flat,1496.0,8.0,1488.0,522.7472
YM=F,MYM,equity,long,2025-02-03,44449.0,1.0,1.0,2025-03-03,43356.0,flat,-307.5,3.0,-310.5,-139.7107
HG=F,MHG,commodities,long,2025-03-03,4.54,2.0,2.0,2025-05-01,4.58,flat,1000.0,13.5,986.5,434.5815
RTY=F,M2K,equity,short,2025-03-03,2169.8,1.0,1.0,2025-05-01,1968.3,flat,555.75,6.0,549.75,506.7287
ZB=F,30Y,rates,long,2025-03-03,118.31,3.0,3.0,2025-04-01,117.84,flip,-134.145738,24.0,-158.145738,-60.6225
ZF=F,5YY,rates,long,2025-03-03,107.66,3.0,3.0,2025-06-02,108.16,flip,-440.644968,48.0,-488.644968,-68.4103
ZN=F,10Y,rates,long,2025-03-03,110.98,3.0,3.0,2025-06-02,110.81,flip,-220.279311,32.0,-252.279311,-52.9787
ZT=F,2YY,rates,long,2025-03-03,103.18,1.0,4.0,2025-06-02,103.45,flip,-425.721031,48.0,-473.721031,-90.007
ES=F,MES,equity,short,2025-04-01,5644.25,1.0,1.0,2025-05-01,5617.5,flat,-636.25,4.5,-640.75,-227.0452
YM=F,MYM,equity,short,2025-04-01,42219.0,1.0,1.0,2025-06-02,42214.0,flat,-360.5,3.0,-363.5,-172.1974
ZB=F,30Y,rates,short,2025-04-01,117.84,1.0,1.0,2025-05-01,116.56,flip,193.555209,8.0,185.555209,213.3885
ZB=F,30Y,rates,long,2025-05-01,116.56,1.0,1.0,2025-06-02,113.38,flip,-247.235096,8.0,-255.235096,-293.5204
ZB=F,30Y,rates,short,2025-06-02,113.38,3.0,3.0,2025-09-02,114.66,flip,-553.934588,48.0,-601.934588,-230.7416
ZF=F,5YY,rates,short,2025-06-02,108.16,1.0,1.0,2025-07-01,108.99,flip,-29.298754,8.0,-37.298754,-15.6655
ZN=F,10Y,rates,short,2025-06-02,110.81,1.0,1.0,2025-07-01,112.09,flip,-165.001693,8.0,-173.001693,-108.9911
ZT=F,2YY,rates,short,2025-06-02,103.45,1.0,1.0,2025-07-01,104.01,flip,-107.183315,8.0,-115.183315,-21.8848
RTY=F,M2K,equity,long,2025-07-01,2188.5,1.0,1.0,2025-08-01,2217.3,flat,162.0,3.0,159.0,145.305
YM=F,MYM,equity,long,2025-07-01,44348.0,1.0,1.0,2025-12-01,47741.0,flat,1027.0,6.0,1021.0,460.4492
ZF=F,5YY,rates,long,2025-07-01,108.99,1.0,1.0,2025-08-01,108.12,flip,-168.331813,8.0,-176.331813,-74.0594
ZN=F,10Y,rates,long,2025-07-01,112.09,3.0,3.0,2025-08-01,110.97,flip,-466.897627,24.0,-490.897627,-103.0885
ZT=F,2YY,rates,long,2025-07-01,104.01,1.0,1.0,2025-08-01,103.48,flip,-243.333353,8.0,-251.333353,-47.7533
HG=F,MHG,commodities,long,2025-08-01,4.39,1.0,1.0,2025-09-02,4.52,flat,25.0,9.0,16.0,14.5786
ZF=F,5YY,rates,short,2025-08-01,108.12,3.0,3.0,2025-09-02,109.29,flip,-825.199519,24.0,-849.199519,-118.8879
ZN=F,10Y,rates,short,2025-08-01,110.97,3.0,3.0,2025-09-02,112.42,flip,-716.319236,24.0,-740.319236,-155.467
ZT=F,2YY,rates,short,2025-08-01,103.48,3.0,3.0,2025-09-02,103.98,flip,-642.02056,24.0,-666.02056,-42.1813
CL=F,MCL,commodities,short,2025-09-02,63.95,1.0,2.0,2026-02-02,64.72,flip,206.0,40.0,166.0,259.5778
GC=F,MGC,commodities,long,2025-09-02,3517.9,1.0,1.0,2025-11-04,4013.7,flat,3988.0,4.0,3984.0,1132.4938
RTY=F,M2K,equity,long,2025-09-02,2373.0,1.0,1.0,2025-11-04,2485.5,flat,369.2,6.0,363.2,306.1104
ZB=F,30Y,rates,long,2025-09-02,114.66,1.0,1.0,2026-01-02,115.25,flip,154.562486,20.0,134.562486,154.7469
ZF=F,5YY,rates,long,2025-09-02,109.29,3.0,4.0,2026-02-02,108.91,flip,-326.625274,64.0,-390.625274,-54.6875
ZN=F,10Y,rates,long,2025-09-02,112.42,1.0,4.0,2026-01-02,112.3,flip,-512.547069,44.0,-556.547069,-350.6247
ZT=F,2YY,rates,long,2025-09-02,103.98,1.0,1.0,2025-11-04,104.13,flip,61.10754,12.0,49.10754,9.3304
ES=F,MES,equity,long,2025-10-01,6725.5,1.0,1.0,2025-11-04,6884.0,flat,36.25,4.5,31.75,9.4417
HG=F,MHG,commodities,long,2025-10-01,4.81,1.0,1.0,2026-02-02,5.74,flat,1775.0,9.0,1766.0,1468.6071
ZT=F,2YY,rates,short,2025-11-04,104.13,1.0,1.0,2025-12-01,104.23,flip,-40.534285,8.0,-48.534285,-9.2215
ZT=F,2YY,rates,long,2025-12-01,104.23,1.0,4.0,2026-02-02,104.23,flip,-534.724904,36.0,-570.724904,-108.4377
YM=F,MYM,equity,long,2026-01-02,48373.0,1.0,1.0,2026-04-01,46492.0,flat,375.5,6.0,369.5,152.7712
ZB=F,30Y,rates,short,2026-01-02,115.25,1.0,1.0,2026-03-02,119.38,flip,-286.252949,12.0,-298.252949,-342.9909
ZN=F,10Y,rates,short,2026-01-02,112.3,1.0,1.0,2026-03-02,114.2,flip,-193.500304,12.0,-205.500304,-129.4652
CL=F,MCL,commodities,long,2026-02-02,64.72,1.0,1.0,2026-05-01,105.14,flat,-260.0,16.0,-276.0,-426.4524
RTY=F,M2K,equity,long,2026-02-02,2615.0,1.0,1.0,2026-04-01,2508.8,flat,216.0,6.0,210.0,160.6119
ZF=F,5YY,rates,short,2026-02-02,108.91,2.0,2.0,2026-03-02,110.17,flip,-523.371432,16.0,-539.371432,-113.268
ZT=F,2YY,rates,short,2026-02-02,104.23,2.0,2.0,2026-03-02,104.54,flip,-131.590427,16.0,-147.590427,-14.0211
HG=F,MHG,commodities,long,2026-03-02,5.97,1.0,1.0,2026-04-01,5.62,flat,-675.0,4.5,-679.5,-455.2764
ZB=F,30Y,rates,long,2026-03-02,119.38,4.0,4.0,2026-04-01,113.56,flip,-860.014525,32.0,-892.014525,-256.4542
ZF=F,5YY,rates,long,2026-03-02,110.17,1.0,1.0,2026-04-01,108.16,flip,-368.815554,8.0,-376.815554,-158.2625
ZN=F,10Y,rates,long,2026-03-02,114.2,1.0,1.0,2026-04-01,111.02,flip,-300.690662,8.0,-308.690662,-194.4751
ZT=F,2YY,rates,long,2026-03-02,104.54,2.0,2.0,2026-04-01,103.73,flip,-625.553251,16.0,-641.553251,-60.9476
ZB=F,30Y,rates,short,2026-04-01,113.56,1.0,1.0,2026-05-01,113.09,flip,-22.689545,8.0,-30.689545,-35.293
ZF=F,5YY,rates,short,2026-04-01,108.16,4.0,4.0,2026-05-01,107.91,flip,-275.224975,32.0,-307.224975,-32.2586
ZN=F,10Y,rates,short,2026-04-01,111.02,1.0,1.0,2026-05-01,110.7,flip,-45.121467,8.0,-53.121467,-33.4665
ZT=F,2YY,rates,short,2026-04-01,103.73,4.0,4.0,2026-09-25,101.97,end,2434.802469,88.0,2346.802469,111.4731
HG=F,MHG,commodities,long,2026-05-01,5.93,1.0,1.0,2026-07-01,6.19,flat,650.0,9.0,641.0,432.3777
RTY=F,M2K,equity,long,2026-05-01,2813.3,1.0,1.0,2026-08-03,2950.0,flat,613.15,6.0,607.15,431.6283
YM=F,MYM,equity,long,2026-05-01,49901.0,1.0,1.0,2026-09-01,53259.0,flat,1428.0,6.0,1422.0,569.9285
ZB=F,30Y,rates,long,2026-05-01,113.09,4.0,4.0,2026-06-01,112.88,flip,-379.387525,32.0,-411.387525,-118.2739
ZF=F,5YY,rates,long,2026-05-01,107.91,1.0,1.0,2026-06-01,107.32,flip,-169.563046,8.0,-177.563046,-74.5765
ZN=F,10Y,rates,long,2026-05-01,110.7,3.0,3.0,2026-06-01,109.97,flip,-393.345744,24.0,-417.345744,-87.6426
CL=F,MCL,commodities,short,2026-06-01,88.5,1.0,1.0,2026-08-03,80.1,flat,1266.0,12.0,1254.0,1416.9492
ZB=F,30Y,rates,short,2026-06-01,112.88,1.0,1.0,2026-07-01,112.78,flip,-84.803603,8.0,-92.803603,-106.7241
ZF=F,5YY,rates,short,2026-06-01,107.32,4.0,4.0,2026-09-25,103.88,end,2734.187182,56.0,2678.187182,281.2097
ZN=F,10Y,rates,short,2026-06-01,109.97,1.0,1.0,2026-07-01,109.63,flip,-60.920691,8.0,-68.920691,-43.42
ZB=F,30Y,rates,long,2026-07-01,112.78,4.0,4.0,2026-08-03,108.88,flip,-778.28139,32.0,-810.28139,-232.9559
ZN=F,10Y,rates,long,2026-07-01,109.63,4.0,4.0,2026-08-03,108.36,flip,-370.809068,32.0,-402.809068,-63.4424
HG=F,MHG,commodities,long,2026-08-03,6.53,1.0,1.0,2026-09-01,6.6,flat,-250.0,9.0,-259.0,-158.6524
ZB=F,30Y,rates,short,2026-08-03,108.88,1.0,1.0,2026-09-01,109.06,flip,-32.160542,8.0,-40.160542,-46.1846
ZN=F,10Y,rates,short,2026-08-03,108.36,1.0,4.0,2026-09-25,104.86,end,1725.200237,12.0,1713.200237,1079.3161
ZB=F,30Y,rates,long,2026-09-01,109.06,1.0,1.0,2026-09-25,104.56,end,-308.919488,2.0,-310.919488,-357.5574
