side,entry_date,exit_date,a_entry,b_entry,a_exit,b_exit,a_shares,b_shares,gross_pnl,net_pnl,a_gross,b_gross,cost,exit_reason
long_ratio,2011-04-25,2011-05-06,147.58000000000001,46.969999999999999,145.19999999999999,33.920000000000002,0.0033879929529746573,-0.010645092612305727,0.13085503536250992,0.13066973355069178,-0.0080634232280797705,0.13891845859058971,0.00018530181181813308,flat
short_ratio,2011-08-10,2012-01-23,172.44999999999999,37.399999999999999,162.37,31.170000000000002,-0.0032782537940002662,0.015115905528752563,-0.06112729320060576,-0.061340705458347133,0.033044798243522647,-0.09417209144412847,0.00021341225774137323,flat
long_ratio,2012-02-29,2012-03-23,173.19,36.009999999999998,160.88,30.850000000000001,0.0030871558060290554,-0.014847667704697922,0.038611077384023543,0.038408673263737918,-0.038002887972217674,0.076613965356241223,0.00020240412028562296,flat
short_ratio,2012-04-25,2012-08-17,159.47999999999999,30,157.06,27.43,-0.0034729674609859612,0.018462295022601369,-0.039043516952499559,-0.039259479224824409,0.0084045812555859668,-0.047448098208085515,0.00021596227232484929,flat
long_ratio,2012-08-23,2012-10-24,161.41,29.690000000000001,165.78,30.859999999999999,0.0033098265972717231,-0.017993907412112792,-0.0065889294420944976,-0.0068061767679109741,0.014463942230077451,-0.02105287167217193,0.00021724732581647648,flat
short_ratio,2012-12-21,2013-01-22,159.81999999999999,28.969999999999999,163.47999999999999,30.879999999999999,-0.0033214617862700122,0.018323645933091933,0.022841613594457355,0.022624563713997691,-0.01215655013774823,0.034998163732205594,0.0002170498804596647,flat
short_ratio,2013-04-02,2013-08-13,153.09,26.649999999999999,128.49000000000001,20.719999999999999,-0.0035413698121279777,0.020343275967680007,-0.033517929109994182,-0.033714013099422985,0.087117697378348236,-0.12063562648834242,0.0001960839894287998,flat
long_ratio,2013-08-16,2013-11-01,132.56,22.440000000000001,126.86,21.09,0.0039626682105383271,-0.02340870311893764,0.0090145404104973736,0.0088098427871028534,-0.022587208800068467,0.031601749210565848,0.00020469762339452084,flat
short_ratio,2013-11-14,2013-12-30,123.92,19.940000000000001,116.37,18.940000000000001,-0.0042745014475670754,0.026564504482573317,0.0057079814465580882,0.0055019866578462535,0.032272485929131414,-0.026564504482573314,0.00020599478871183432,flat
short_ratio,2014-01-29,2014-02-18,122.19,19.140000000000001,127.42,20.879999999999999,-0.0043575350905265178,0.027818558657859729,0.025614383541222183,0.025394285236078794,-0.022789908523453702,0.048404292064675891,0.00022009830514338707,flat
long_ratio,2014-02-19,2014-02-27,127.26000000000001,21.010000000000002,128.44,20.460000000000001,0.0042837054481335438,-0.025946899349332451,0.019325567070930416,0.019108430931019958,0.0050547724287975503,0.014270794642132866,0.00021713613991045642,flat
long_ratio,2014-06-18,2014-08-06,122.22,18.98,125.70999999999999,19.210000000000001,0.0045385253706020697,-0.029225425226290038,0.0091176057413544787,0.0088934701829019407,0.015839453543401202,-0.006721847802046715,0.00022413555845253878,flat
short_ratio,2014-09-22,2014-12-15,116.69,16.93,116.22,16.129999999999999,-0.0047917157073137026,0.033026893436883399,-0.024169408367069302,-0.024390199127310681,0.0022521063824374348,-0.026421514749506748,0.00022079076024137997,flat
short_ratio,2014-12-17,2015-01-14,115.09999999999999,15.140000000000001,119.12,16.23,-0.0047519566144464016,0.036126169506128188,0.02027465917160514,0.020050031050040853,-0.01910286559007458,0.039377524761679723,0.00022462812156428776,flat
long_ratio,2015-01-23,2015-01-30,124.41,17.48,121.34,16.18,0.0044769328980612593,-0.031863571043924552,0.027678458360053906,0.0274611849539502,-0.013744183997048035,0.041422642357101941,0.00021727340610370549,flat
long_ratio,2015-03-23,2015-04-09,113.7,16.120000000000001,114.8,15.5,0.0050194003018889733,-0.035403586496574213,0.027471563959953888,0.027244924522553556,0.0055213403320778466,0.021950223627876048,0.00022663943740033071,flat
long_ratio,2015-05-15,2015-06-05,116.77,16.699999999999999,111.63,15.300000000000001,0.0050040958858101666,-0.034989717160841503,0.0232645511721138,0.023038290527167202,-0.025721052853064252,0.048985604025178056,0.00022626064494659702,flat
short_ratio,2015-07-08,2015-08-11,111.38,14.5,106.48999999999999,14.609999999999999,-0.0053496805696681346,0.04109292564480254,0.03068015980660543,0.030443984809482051,0.02615993798567719,0.0045202218209282538,0.00023617499712337984,flat
short_ratio,2015-08-25,2015-09-18,110.01000000000001,14.130000000000001,109.09999999999999,14.6,-0.0055546715230831547,0.043246243047018955,0.025380485318104589,0.025134530454088228,0.0050547510860057291,0.020325734232098859,0.00024595486401636046,flat
long_ratio,2015-10-08,2015-11-11,109.16,14.9,104.09,13.710000000000001,0.0057130512960921771,-0.041854810703451137,0.020842054665919537,0.020600477233607799,-0.028965170071187301,0.049807224737106831,0.00024157743231173939,flat
short_ratio,2015-12-15,2016-03-18,101.70999999999999,13.109999999999999,119.59,15.09,-0.0062327884976720671,0.048355218771794509,-0.015698925170223459,-0.015973218496613404,-0.11144225833837668,0.095743333168153172,0.00027429332638994339,flat
long_ratio,2016-04-15,2016-08-23,117.33,15.4,128.13999999999999,18.050000000000001,0.0053349553298382268,-0.040646123951293446,-0.050041361355376457,-0.050308279788475074,0.057670867115551153,-0.10771222847092765,0.00026691843309861556,flat
short_ratio,2016-10-07,2016-11-09,120.48999999999999,16.699999999999999,124.3,17.859999999999999,-0.0049862741219659857,0.035975818500340213,0.022734245055704237,0.022487853622735456,-0.018997704404690417,0.041731949460394657,0.0002463914329687811,flat
short_ratio,2017-04-24,2017-08-11,120.77,16.84,122.23999999999999,16.09,-0.005067815647652971,0.036344423739135948,-0.034708006806401799,-0.034950841981828386,-0.0074496890020498644,-0.027258317804351957,0.00024283517542658954,flat
short_ratio,2017-11-30,2018-04-19,121.44,15.470000000000001,127.81,16.27,-0.0048959541730577679,0.038433398498780559,-0.00044050928335361483,-0.00068452854795220922,-0.03118722808237797,0.030746718799024405,0.00024401926459859439,flat
long_ratio,2018-04-20,2018-05-01,126.69,16.149999999999999,123.90000000000001,15.300000000000001,0.0046903655418909082,-0.036793957306635247,0.018188743848764285,0.017955490982920673,-0.013086119861875597,0.031274863710639887,0.00023325286584361212,flat
long_ratio,2018-05-22,2018-07-12,122.7,15.66,118,14.98,0.0049160566910645426,-0.0385185284797969,0.003087132918258512,0.0028507826624424907,-0.023105466448003365,0.026192599366261879,0.00023635025581602125,flat
short_ratio,2018-08-16,2018-12-14,111.45999999999999,13.789999999999999,116.63,13.619999999999999,-0.0054245966923097124,0.043845217354955807,-0.035498851849583728,-0.035742761216308552,-0.028045164899241217,-0.0074536869503424811,0.00024390936672482612,flat
long_ratio,2019-01-04,2019-02-15,121.31999999999999,14.73,124.59,14.699999999999999,0.0048364174638698175,-0.039833955649469531,0.017010103776338485,0.016773940103008075,0.015815085106854355,0.0011950186694841317,0.00023616367333041151,flat
short_ratio,2019-03-29,2019-07-19,122.64,14.24,135.44999999999999,15.4,-0.0048527489951744147,0.041793619155069538,-0.013683116408303537,-0.013932237294295619,-0.062163714628184187,0.048480598219880669,0.00024912088599208257,flat
long_ratio,2019-08-28,2019-10-17,145.38999999999999,17.149999999999999,140.5,16.399999999999999,0.0040454984395147022,-0.034295919423967494,0.0059394521987487809,0.0057087326341940837,-0.019782487369226841,0.025721939567975607,0.00023071956455469674,flat
short_ratio,2019-12-09,2019-12-24,137.80000000000001,15.5,140.44,16.460000000000001,-0.0042890376229182837,0.038130928028267071,0.025282631582632206,0.025041426953833785,-0.011323059324504208,0.036605690907136418,0.00024120462879841987,flat
short_ratio,2020-01-29,2020-05-18,147.69999999999999,16.280000000000001,164.33000000000001,15.949999999999999,-0.0040863242919096585,0.037073101837534185,-0.080189696580844128,-0.080436688764946959,-0.067955572974457742,-0.012234123606386316,0.00024699218410282974,flat
long_ratio,2020-06-02,2020-09-24,163.88999999999999,17.059999999999999,174.36000000000001,20.579999999999998,0.0034372551927059807,-0.033020618612695382,-0.080244515649055978,-0.080485070414407445,0.035988061867631739,-0.11623257751668764,0.00024055476535146523,flat
long_ratio,2020-12-17,2021-03-24,177.15000000000001,24.079999999999998,162.21000000000001,23.469999999999999,0.0029528039420004481,-0.021722974182947649,-0.030863876641888631,-0.031067375738704273,-0.044114890893486663,0.013251014251598033,0.00020349909681564328,flat
short_ratio,2021-07-09,2021-10-20,168.84,24.07,166.21000000000001,22.199999999999999,-0.0030061332057334002,0.021086644389531669,-0.031525894677345401,-0.031724183073993863,0.0079061303310788197,-0.039432025008424229,0.00019828839664846063,flat
short_ratio,2021-12-02,2022-01-19,165.88999999999999,20.739999999999998,170.38999999999999,22.010000000000002,-0.0029639727465129327,0.023707494644119115,0.016770640838723153,0.016569618823599808,-0.013337877359308196,0.030108518198031349,0.0002010220151233461,flat
long_ratio,2022-03-02,2022-04-01,180.13,23.210000000000001,179.55000000000001,22.59,0.0027756522974009342,-0.021541501436054728,0.011745852557861453,0.011547357819451405,-0.0016098783324925018,0.01335573089035395,0.00019849473841004748,flat
short_ratio,2022-04-27,2022-08-01,176.46000000000001,21.760000000000002,164.97999999999999,18.719999999999999,-0.0028660995536697043,0.02324227606804026,-0.037753696370714199,-0.037945641207398122,0.032902822876128258,-0.070656519246842506,0.00019194483668392537,flat
short_ratio,2022-09-01,2022-09-13,158.16999999999999,16.390000000000001,158.47,18.039999999999999,-0.0030775691132127283,0.029699762454963832,0.048081337316726418,0.047881632886193209,-0.00092327073396385531,0.049004608050690283,0.0001997044305332083,flat
long_ratio,2022-10-04,2022-10-17,159.18000000000001,19.300000000000001,154.91999999999999,17.329999999999998,0.003208442788540984,-0.026462172180308489,0.038462512916023123,0.038264804791338577,-0.013667966279184653,0.052130479195207781,0.00019770812468454231,flat
long_ratio,2022-11-07,2023-01-19,156.22,19.219999999999999,178.37,21.649999999999999,0.0033917060906133857,-0.027567758869699435,0.0081366358537169007,0.0079104833291306059,0.075126289907086474,-0.066989654053369624,0.00022615252458629487,flat
short_ratio,2023-02-27,2023-03-30,168.88,19.09,182.75,21.68,-0.0031608690617017307,0.027962680311167536,0.028582088120120894,0.028356938633675645,-0.043841253885803004,0.07242334200592393,0.00022514948644524802,flat
short_ratio,2023-10-03,2023-11-16,169.13999999999999,19.260000000000002,182.84999999999999,21.879999999999999,-0.0032398370371114235,0.028452026815006547,0.030126144476519442,0.02989505381433322,-0.044418165778797661,0.074544310255317076,0.00023109066218622194,flat
long_ratio,2023-12-01,2023-12-07,188.80000000000001,23.09,188.44999999999999,21.890000000000001,0.0029816396364628853,-0.024379972428072445,0.028212393040924835,0.027990249569657802,-0.0010435738727620773,0.029255966913686919,0.00022214347126703221,flat
short_ratio,2024-01-04,2024-02-20,189.08000000000001,20.920000000000002,187.96000000000001,21.170000000000002,-0.0030512412108579527,0.027577853161999125,0.010311853446660701,0.010080734264087659,0.0034173901561609229,0.0068944632904997848,0.0002311191825730426,flat
long_ratio,2024-04-04,2024-07-18,212,24.57,227.71000000000001,27.760000000000002,0.002745137053212574,-0.023686164236103608,-0.032432760807200971,-0.032677416926015314,0.043126103105969565,-0.075558863913170585,0.00024465611881434031,flat
short_ratio,2024-08-06,2024-09-18,221.5,24.530000000000001,238.19,27.949999999999999,-0.0025536358772824293,0.023058717766736979,0.036240631970396682,0.036002231731914053,-0.042620182791843743,0.078860814762240439,0.00023840023848263167,flat
long_ratio,2024-10-21,2024-11-07,252.74000000000001,31.129999999999999,248.28999999999999,28.920000000000002,0.0023092168342328683,-0.018748199893479447,0.03115750685225321,0.030929225220847296,-0.010276014912336304,0.041433521764589525,0.00022828163140591349,flat
short_ratio,2024-12-20,2025-03-12,240.47,26.41,268.89999999999998,30,-0.0024913547440197892,0.022684440563969663,0.010607926252168533,0.010353061186351044,-0.070829215372482532,0.081437141624651127,0.00025486506581748889,flat
short_ratio,2025-04-02,2025-06-04,288,30.739999999999998,309.16000000000003,31.309999999999999,-0.0020981687704431057,0.019657534348978999,-0.033192456603658119,-0.033439725850589311,-0.044397251182576182,0.011204794578918036,0.00024726924693119521,flat
long_ratio,2025-07-14,2026-02-06,310.51999999999998,35.43,447.02999999999997,66.819999999999993,0.0018921574873190766,-0.01658348131420603,-0.26225705985899994,-0.26256996634588953,0.25829841859392699,-0.52055547845292738,0.00031290648688961326,flat
long_ratio,2026-05-12,2026-06-08,432.04000000000002,76.390000000000001,394.89999999999998,60.560000000000002,0.001056077584921245,-0.0059728728863643766,0.055327856287172975,0.055158726513186734,-0.039222721503975086,0.094550577791148074,0.00016912977398623758,flat
short_ratio,2026-06-25,2026-08-21,365.69999999999999,51.75,418.75,62.640000000000001,-0.0013230711595459887,0.0093497028607916529,0.031629339140106412,0.031418599571971233,-0.070188925013914702,0.10181826415402113,0.00021073956813518082,flat
long_ratio,2026-09-23,2026-10-01,396.5,59.090000000000003,382.72000000000003,54.850000000000001,0.0012599153160957216,-0.0084541618350305221,0.018484013124730421,0.018289511283521274,-0.017361633055799009,0.035845646180529427,0.00019450184120914859,flat
