session,rolling_252_sharpe
2022-09-26,-1.742225
2022-09-27,-1.758363
2022-09-28,-1.791384
2022-09-29,-1.752322
2022-09-30,-1.843377
2022-10-03,-1.864488
2022-10-04,-1.836123
2022-10-05,-1.928762
2022-10-06,-1.888331
2022-10-07,-1.904690
2022-10-10,-1.903578
2022-10-11,-1.894445
2022-10-12,-1.886251
2022-10-13,-1.845325
2022-10-14,-1.793434
2022-10-17,-1.790011
2022-10-18,-1.696058
2022-10-19,-1.690412
2022-10-20,-1.781285
2022-10-21,-1.862547
2022-10-24,-1.854811
2022-10-25,-1.831176
2022-10-26,-1.975065
2022-10-27,-1.849863
2022-10-28,-1.881957
2022-10-31,-1.819838
2022-11-01,-1.789409
2022-11-02,-1.798478
2022-11-03,-1.740260
2022-11-04,-1.850467
2022-11-07,-1.867199
2022-11-08,-1.925899
2022-11-09,-1.967841
2022-11-10,-1.858633
2022-11-11,-1.870725
2022-11-14,-1.933835
2022-11-15,-1.906086
2022-11-16,-1.872474
2022-11-17,-1.895966
2022-11-18,-1.873732
2022-11-21,-1.855344
2022-11-22,-1.848268
2022-11-23,-1.842014
2022-11-25,-1.853047
2022-11-28,-1.882988
2022-11-29,-1.827380
2022-11-30,-2.098298
2022-12-01,-1.899318
2022-12-02,-1.885864
2022-12-05,-1.896942
2022-12-06,-1.878633
2022-12-07,-1.881424
2022-12-08,-1.857314
2022-12-09,-1.851205
2022-12-12,-1.933747
2022-12-13,-1.943045
2022-12-14,-1.676407
2022-12-15,-1.406560
2022-12-16,-1.395302
2022-12-19,-1.393175
2022-12-20,-1.391246
2022-12-21,-1.336777
2022-12-22,-1.415975
2022-12-23,-1.398703
2022-12-27,-1.407208
2022-12-28,-1.395328
2022-12-29,-1.351949
2022-12-30,-1.405175
2023-01-03,-1.399851
2023-01-04,-1.345165
2023-01-05,-1.317137
2023-01-06,-1.180100
2023-01-09,-1.316542
2023-01-10,-1.326470
2023-01-11,-1.342432
2023-01-12,-1.302166
2023-01-13,-1.372604
2023-01-17,-1.353281
2023-01-18,-1.350302
2023-01-19,-1.419703
2023-01-20,-1.494346
2023-01-23,-1.341299
2023-01-24,-1.272194
2023-01-25,-1.411683
2023-01-26,-1.396996
2023-01-27,-1.443557
2023-01-30,-1.419484
2023-01-31,-1.499290
2023-02-01,-1.589954
2023-02-02,-1.573521
2023-02-03,-1.605720
2023-02-06,-1.533985
2023-02-07,-1.438929
2023-02-08,-1.447152
2023-02-09,-1.525334
2023-02-10,-1.502245
2023-02-13,-1.442806
2023-02-14,-1.240354
2023-02-15,-1.191227
2023-02-16,-1.350360
2023-02-17,-1.266540
2023-02-21,-1.205194
2023-02-22,-1.231711
2023-02-23,-1.432699
2023-02-24,-1.341162
2023-02-27,-1.111876
2023-02-28,-1.171944
2023-03-01,-1.202583
2023-03-02,-1.348089
2023-03-03,-1.389143
2023-03-06,-1.480556
2023-03-07,-1.502525
2023-03-08,-1.409914
2023-03-09,-1.632436
2023-03-10,-1.641221
2023-03-13,-1.607024
2023-03-14,-1.627011
2023-03-15,-1.604354
2023-03-16,-1.622019
2023-03-17,-1.704373
2023-03-20,-1.728687
2023-03-21,-1.696785
2023-03-22,-1.657460
2023-03-23,-1.784370
2023-03-24,-1.773982
2023-03-27,-1.748892
2023-03-28,-1.772995
2023-03-29,-1.700347
2023-03-30,-1.701549
2023-03-31,-1.759450
2023-04-03,-1.830319
2023-04-04,-1.845130
2023-04-05,-1.832661
2023-04-06,-1.866666
2023-04-10,-1.936118
2023-04-11,-1.956004
2023-04-12,-1.955039
2023-04-13,-2.000691
2023-04-14,-1.921906
2023-04-17,-1.944495
2023-04-18,-1.917337
2023-04-19,-1.912537
2023-04-20,-1.952460
2023-04-21,-1.976533
2023-04-24,-1.941211
2023-04-25,-1.970550
2023-04-26,-2.070216
2023-04-27,-2.109054
2023-04-28,-2.055732
2023-05-01,-1.947630
2023-05-02,-1.832334
2023-05-03,-1.748177
2023-05-04,-1.732876
2023-05-05,-1.681107
2023-05-08,-1.733981
2023-05-09,-1.737631
2023-05-10,-1.775123
2023-05-11,-1.737445
2023-05-12,-1.717025
2023-05-15,-1.666820
2023-05-16,-1.770992
2023-05-17,-1.815302
2023-05-18,-1.907268
2023-05-19,-1.786970
2023-05-22,-1.870417
2023-05-23,-1.923548
2023-05-24,-1.918347
2023-05-25,-1.911565
2023-05-26,-1.925132
2023-05-30,-1.908407
2023-05-31,-1.855890
2023-06-01,-1.895991
2023-06-02,-1.862892
2023-06-05,-1.806804
2023-06-06,-1.833623
2023-06-07,-1.814677
2023-06-08,-1.791902
2023-06-09,-1.771716
2023-06-12,-1.706036
2023-06-13,-1.702720
2023-06-14,-1.664000
2023-06-15,-1.747769
2023-06-16,-1.974995
2023-06-20,-2.008336
2023-06-21,-2.065457
2023-06-22,-2.057064
2023-06-23,-2.098568
2023-06-26,-2.054514
2023-06-27,-2.026422
2023-06-28,-2.023166
2023-06-29,-2.010209
2023-06-30,-2.060528
2023-07-03,-2.113329
2023-07-05,-2.027173
2023-07-06,-1.922605
2023-07-07,-2.010134
2023-07-10,-1.973336
2023-07-11,-1.968371
2023-07-12,-1.950193
2023-07-13,-1.923288
2023-07-14,-1.962632
2023-07-17,-1.939182
2023-07-18,-2.086412
2023-07-19,-1.909926
2023-07-20,-1.994092
2023-07-21,-2.008292
2023-07-24,-2.044303
2023-07-25,-1.958324
2023-07-26,-1.892600
2023-07-27,-2.021066
2023-07-28,-1.993759
2023-07-31,-1.964767
2023-08-01,-1.978662
2023-08-02,-1.956061
2023-08-03,-1.966040
2023-08-04,-2.024185
2023-08-07,-2.018132
2023-08-08,-2.096711
2023-08-09,-2.051701
2023-08-10,-2.050389
2023-08-11,-2.071874
2023-08-14,-2.054875
2023-08-15,-2.035260
2023-08-16,-2.030734
2023-08-17,-2.139193
2023-08-18,-2.120123
2023-08-21,-2.217442
2023-08-22,-2.202477
2023-08-23,-2.196363
2023-08-24,-2.224489
2023-08-25,-2.258543
2023-08-28,-2.241219
2023-08-29,-2.148914
2023-08-30,-2.126572
2023-08-31,-2.131008
2023-09-01,-2.138495
2023-09-05,-1.939877
2023-09-06,-1.737956
2023-09-07,-1.737822
2023-09-08,-1.654630
2023-09-11,-1.763320
2023-09-12,-1.761062
2023-09-13,-1.785091
2023-09-14,-1.686364
2023-09-15,-1.715446
2023-09-18,-1.763765
2023-09-19,-1.742115
2023-09-20,-1.749552
2023-09-21,-1.825181
2023-09-22,-2.034331
2023-09-25,-2.129359
2023-09-26,-2.197945
2023-09-27,-2.171376
2023-09-28,-2.178186
2023-09-29,-2.194280
2023-10-02,-2.172219
2023-10-03,-2.095719
2023-10-04,-2.050695
2023-10-05,-2.123697
2023-10-06,-2.004235
2023-10-09,-2.083862
2023-10-10,-2.035660
2023-10-11,-2.073752
2023-10-12,-2.115014
2023-10-13,-2.133409
2023-10-16,-2.155916
2023-10-17,-2.203581
2023-10-18,-2.208000
2023-10-19,-2.220560
2023-10-20,-2.225818
2023-10-23,-2.118256
2023-10-24,-2.015280
2023-10-25,-2.100793
2023-10-26,-2.088013
2023-10-27,-1.932716
2023-10-30,-1.976826
2023-10-31,-1.937492
2023-11-01,-2.004757
2023-11-02,-2.033407
2023-11-03,-2.039234
2023-11-06,-2.073988
2023-11-07,-1.933222
2023-11-08,-1.860993
2023-11-09,-1.853832
2023-11-10,-1.931294
2023-11-13,-1.920038
2023-11-14,-1.893621
2023-11-15,-1.802594
2023-11-16,-1.840846
2023-11-17,-1.886199
2023-11-20,-1.891803
2023-11-21,-1.892176
2023-11-22,-1.923736
2023-11-24,-1.900045
2023-11-27,-1.885796
2023-11-28,-1.872407
2023-11-29,-1.847097
2023-11-30,-1.904380
2023-12-01,-1.631925
2023-12-04,-1.622076
2023-12-05,-1.610916
2023-12-06,-1.582542
2023-12-07,-1.579189
2023-12-08,-1.602176
2023-12-11,-1.668240
2023-12-12,-1.723922
2023-12-13,-1.617100
2023-12-14,-1.643230
2023-12-15,-2.101548
2023-12-18,-2.160309
2023-12-19,-2.188469
2023-12-20,-2.411259
2023-12-21,-2.439872
2023-12-22,-2.439378
2023-12-26,-2.304436
2023-12-27,-2.323038
2023-12-28,-2.300104
2023-12-29,-2.372776
2024-01-02,-2.494426
2024-01-03,-2.329159
2024-01-04,-2.307350
2024-01-05,-2.422353
2024-01-08,-2.599406
2024-01-09,-2.463041
2024-01-10,-2.317661
2024-01-11,-2.402812
2024-01-12,-2.367984
2024-01-16,-2.396204
2024-01-17,-2.287061
2024-01-18,-2.308136
2024-01-19,-2.487068
2024-01-22,-2.435280
2024-01-23,-2.353814
2024-01-24,-2.380346
2024-01-25,-2.430859
2024-01-26,-2.308955
2024-01-29,-2.309561
2024-01-30,-2.322271
2024-01-31,-2.154144
2024-02-01,-2.129711
2024-02-02,-2.073393
2024-02-05,-2.119061
2024-02-06,-2.085049
2024-02-07,-2.101027
2024-02-08,-2.293080
2024-02-09,-2.301063
2024-02-12,-2.346301
2024-02-13,-2.467609
2024-02-14,-2.467935
2024-02-15,-2.429282
2024-02-16,-2.495151
2024-02-20,-2.332462
2024-02-21,-2.292544
2024-02-22,-2.317846
2024-02-23,-2.285408
2024-02-26,-2.113275
2024-02-27,-2.172498
2024-02-28,-2.173102
2024-02-29,-2.037266
2024-03-01,-2.078531
2024-03-04,-1.908012
2024-03-05,-1.843665
2024-03-06,-1.659366
2024-03-07,-1.658698
2024-03-08,-1.766502
2024-03-11,-1.461028
2024-03-12,-1.511038
2024-03-13,-1.619595
2024-03-14,-1.526210
2024-03-15,-1.512194
2024-03-18,-1.384418
2024-03-19,-1.421908
2024-03-20,-1.501928
2024-03-21,-1.525017
2024-03-22,-1.671853
2024-03-25,-1.484626
2024-03-26,-1.565839
2024-03-27,-1.547332
2024-03-28,-1.539844
2024-04-01,-1.516270
2024-04-02,-1.524492
2024-04-03,-1.437440
2024-04-04,-1.698899
2024-04-05,-1.707725
2024-04-08,-1.724199
2024-04-09,-1.662073
2024-04-10,-1.648492
2024-04-11,-1.793318
2024-04-12,-1.790509
2024-04-15,-1.931387
2024-04-16,-1.872853
2024-04-17,-1.824360
2024-04-18,-1.866803
2024-04-19,-1.848890
2024-04-22,-1.912629
2024-04-23,-1.921670
2024-04-24,-1.922777
2024-04-25,-1.948828
2024-04-26,-1.912452
2024-04-29,-1.807010
2024-04-30,-1.875534
2024-05-01,-1.828052
2024-05-02,-1.867241
2024-05-03,-1.813822
2024-05-06,-1.852139
2024-05-07,-1.798826
2024-05-08,-1.800589
2024-05-09,-1.807020
2024-05-10,-1.826174
2024-05-13,-1.853110
2024-05-14,-1.928552
2024-05-15,-2.007832
2024-05-16,-2.000800
2024-05-17,-1.884804
2024-05-20,-1.853571
2024-05-21,-1.880247
2024-05-22,-1.889375
2024-05-23,-1.981236
2024-05-24,-1.971323
2024-05-28,-1.988495
2024-05-29,-2.005387
2024-05-30,-2.052290
2024-05-31,-2.207436
2024-06-03,-2.227702
2024-06-04,-2.191760
2024-06-05,-2.203603
2024-06-06,-2.215376
2024-06-07,-2.175923
2024-06-10,-2.203990
2024-06-11,-2.254886
2024-06-12,-2.078958
2024-06-13,-2.097647
2024-06-14,-2.142127
2024-06-17,-2.283493
2024-06-18,-2.188348
2024-06-20,-2.187040
2024-06-21,-2.153589
2024-06-24,-2.238738
2024-06-25,-2.196495
2024-06-26,-2.115259
2024-06-27,-2.030758
2024-06-28,-2.039914
2024-07-01,-2.014121
2024-07-02,-2.056172
2024-07-03,-2.076000
2024-07-05,-2.098862
2024-07-08,-2.077464
2024-07-09,-1.967753
2024-07-10,-2.022084
2024-07-11,-2.027916
2024-07-12,-2.095713
2024-07-15,-2.060703
2024-07-16,-2.063929
2024-07-17,-2.080617
2024-07-18,-1.815395
2024-07-19,-1.767474
2024-07-22,-1.637919
2024-07-23,-1.630445
2024-07-24,-1.621690
2024-07-25,-1.594857
2024-07-26,-1.707020
2024-07-29,-1.531222
2024-07-30,-1.559231
2024-07-31,-1.527498
2024-08-01,-1.583567
2024-08-02,-1.559344
2024-08-05,-1.509930
2024-08-06,-1.418150
2024-08-07,-1.660810
2024-08-08,-1.562212
2024-08-09,-1.529988
2024-08-12,-1.579598
2024-08-13,-1.574623
2024-08-14,-1.562032
2024-08-15,-1.559215
2024-08-16,-1.552619
2024-08-19,-1.610438
2024-08-20,-1.623799
2024-08-21,-1.518476
2024-08-22,-1.495422
2024-08-23,-1.467271
2024-08-26,-1.413343
2024-08-27,-1.363597
2024-08-28,-1.341366
2024-08-29,-1.458790
2024-08-30,-1.545119
2024-09-03,-1.656569
2024-09-04,-1.645476
2024-09-05,-1.631389
2024-09-06,-1.595222
2024-09-09,-1.605563
2024-09-10,-1.600630
2024-09-11,-1.773924
2024-09-12,-1.818262
2024-09-13,-1.817809
2024-09-16,-1.832061
2024-09-17,-1.849129
2024-09-18,-1.761077
2024-09-19,-1.713926
2024-09-20,-1.662141
2024-09-23,-1.635442
2024-09-24,-1.597561
2024-09-25,-1.625819
2024-09-26,-1.620116
2024-09-27,-1.661778
2024-09-30,-1.592361
2024-10-01,-1.538698
2024-10-02,-1.607461
2024-10-03,-1.594621
2024-10-04,-1.575060
2024-10-07,-1.640499
2024-10-08,-1.640052
2024-10-09,-1.545997
2024-10-10,-1.548147
2024-10-11,-1.516274
2024-10-14,-1.442479
2024-10-15,-1.461086
2024-10-16,-1.494516
2024-10-17,-1.536744
2024-10-18,-1.539831
2024-10-21,-1.565276
2024-10-22,-1.517198
2024-10-23,-1.601483
2024-10-24,-1.588506
2024-10-25,-1.503434
2024-10-28,-1.502499
2024-10-29,-1.535146
2024-10-30,-1.553778
2024-10-31,-1.551972
2024-11-01,-1.499656
2024-11-04,-1.467803
2024-11-05,-1.447768
2024-11-06,-1.461116
2024-11-07,-1.466913
2024-11-08,-1.481511
2024-11-11,-1.439224
2024-11-12,-1.333479
2024-11-13,-1.331172
2024-11-14,-1.340142
2024-11-15,-1.330802
2024-11-18,-1.309610
2024-11-19,-1.288654
2024-11-20,-1.259456
2024-11-21,-1.259950
2024-11-22,-1.249198
2024-11-25,-1.246232
2024-11-26,-1.259456
2024-11-27,-1.289307
2024-11-29,-1.282037
2024-12-02,-1.278438
2024-12-03,-1.248165
2024-12-04,-1.264261
2024-12-05,-1.281356
2024-12-06,-1.287782
2024-12-09,-1.249633
2024-12-10,-1.256363
2024-12-11,-1.258268
2024-12-12,-1.192908
2024-12-13,-1.199769
2024-12-16,-1.207032
2024-12-17,-1.219890
2024-12-18,-1.575622
2024-12-19,-1.549871
2024-12-20,-1.343547
2024-12-23,-1.313613
2024-12-24,-1.342788
2024-12-26,-1.327546
2024-12-27,-1.335312
2024-12-30,-1.377401
2024-12-31,-1.303699
2025-01-02,-1.258874
2025-01-03,-1.310621
2025-01-06,-1.387012
2025-01-07,-1.385124
2025-01-08,-1.203909
2025-01-10,-1.233513
2025-01-13,-1.238303
2025-01-14,-1.150622
2025-01-15,-1.138408
2025-01-16,-1.125782
2025-01-17,-1.115568
2025-01-21,-1.113184
2025-01-22,-0.955577
2025-01-23,-0.980245
2025-01-24,-0.972585
2025-01-27,-0.921973
2025-01-28,-0.904655
2025-01-29,-0.862478
2025-01-30,-0.761110
2025-01-31,-0.935495
2025-02-03,-1.054806
2025-02-04,-1.049786
2025-02-05,-1.059178
2025-02-06,-1.068627
2025-02-07,-1.090401
2025-02-10,-1.095931
2025-02-11,-1.110447
2025-02-12,-1.103754
2025-02-13,-1.053875
2025-02-14,-1.000984
2025-02-18,-0.995238
2025-02-19,-1.026064
2025-02-20,-1.004882
2025-02-21,-1.087315
2025-02-24,-1.158474
2025-02-25,-1.115674
2025-02-26,-1.249534
2025-02-27,-1.481494
2025-02-28,-1.509292
2025-03-03,-1.578820
2025-03-04,-1.759439
2025-03-05,-1.708256
2025-03-06,-1.773447
2025-03-07,-1.760273
2025-03-10,-1.690735
2025-03-11,-1.668505
2025-03-12,-1.582603
2025-03-13,-1.568468
2025-03-14,-1.574788
2025-03-17,-1.658547
2025-03-18,-1.680334
2025-03-19,-1.644350
2025-03-20,-1.726140
2025-03-21,-1.687796
2025-03-24,-1.640147
2025-03-25,-1.572117
2025-03-26,-1.584822
2025-03-27,-1.570797
2025-03-28,-1.529903
2025-03-31,-1.588678
2025-04-01,-1.538424
2025-04-02,-1.557592
2025-04-03,-1.532973
2025-04-04,-1.453067
2025-04-07,-1.115418
2025-04-08,-1.387964
2025-04-09,-1.712902
2025-04-10,-1.742948
2025-04-11,-1.746937
2025-04-14,-1.701870
2025-04-15,-1.702921
2025-04-16,-1.644889
2025-04-17,-1.698460
2025-04-21,-1.749607
2025-04-22,-1.678585
2025-04-23,-1.692223
2025-04-24,-1.629474
2025-04-25,-1.636806
2025-04-28,-1.692444
2025-04-29,-1.643541
2025-04-30,-1.623144
2025-05-01,-1.660075
2025-05-02,-1.636895
2025-05-05,-1.677365
2025-05-06,-1.634733
2025-05-07,-1.585155
2025-05-08,-1.630393
2025-05-09,-1.629467
2025-05-12,-1.674167
2025-05-13,-1.672520
2025-05-14,-1.662833
2025-05-15,-1.697537
2025-05-16,-1.663527
2025-05-19,-1.618663
2025-05-20,-1.587095
2025-05-21,-1.701948
2025-05-22,-1.684572
2025-05-23,-1.665896
2025-05-27,-1.679545
2025-05-28,-1.558553
2025-05-29,-1.542314
2025-05-30,-1.609130
2025-06-02,-1.617258
2025-06-03,-1.604208
2025-06-04,-1.503506
2025-06-05,-1.584503
2025-06-06,-1.604340
2025-06-09,-1.584036
2025-06-10,-1.591013
2025-06-11,-1.602811
2025-06-12,-1.609702
2025-06-13,-1.626302
2025-06-16,-1.633210
2025-06-17,-1.678869
2025-06-18,-1.655520
2025-06-20,-1.532345
2025-06-23,-1.518017
2025-06-24,-1.497626
2025-06-25,-1.508307
2025-06-26,-1.490876
2025-06-27,-1.533934
2025-06-30,-1.568552
2025-07-01,-1.560406
2025-07-02,-1.567217
2025-07-03,-1.582956
2025-07-07,-1.541529
2025-07-08,-1.510970
2025-07-09,-1.522553
2025-07-10,-1.540018
2025-07-11,-1.539514
2025-07-14,-1.527550
2025-07-15,-1.535327
2025-07-16,-1.482967
2025-07-17,-1.475073
2025-07-18,-1.473788
2025-07-21,-1.479067
2025-07-22,-1.519515
2025-07-23,-1.548411
2025-07-24,-1.538766
2025-07-25,-1.550844
2025-07-28,-1.547245
2025-07-29,-1.569837
2025-07-30,-1.533555
2025-07-31,-1.561097
2025-08-01,-1.545185
2025-08-04,-1.577582
2025-08-05,-1.535594
2025-08-06,-1.572836
2025-08-07,-1.635463
2025-08-08,-1.599973
2025-08-11,-1.464112
2025-08-12,-1.512618
2025-08-13,-1.535698
2025-08-14,-1.527750
2025-08-15,-1.506348
2025-08-18,-1.526403
2025-08-19,-1.516758
2025-08-20,-1.510955
2025-08-21,-1.421686
2025-08-22,-1.442571
2025-08-25,-1.503885
2025-08-26,-1.535714
2025-08-27,-1.528486
2025-08-28,-1.543119
2025-08-29,-1.536343
2025-09-02,-1.582477
2025-09-03,-1.514306
2025-09-04,-1.510149
2025-09-05,-1.468235
2025-09-08,-1.493717
2025-09-09,-1.526977
2025-09-10,-1.563989
2025-09-11,-1.565405
2025-09-12,-1.589960
2025-09-15,-1.406475
2025-09-16,-1.385963
2025-09-17,-1.252213
2025-09-18,-1.254177
2025-09-19,-1.247583
2025-09-22,-1.335535
2025-09-23,-1.384451
2025-09-24,-1.411480
2025-09-25,-1.370325
2025-09-26,-1.384905
2025-09-29,-1.381106
2025-09-30,-1.397452
2025-10-01,-1.417139
2025-10-02,-1.461722
2025-10-03,-1.462096
2025-10-06,-1.473275
2025-10-07,-1.473988
2025-10-08,-1.483585
2025-10-09,-1.447087
2025-10-10,-1.531045
2025-10-13,-1.537662
2025-10-14,-1.569540
2025-10-15,-1.620684
2025-10-16,-1.585289
2025-10-17,-1.581473
2025-10-20,-1.585690
2025-10-21,-1.556234
2025-10-22,-1.567634
2025-10-23,-1.591559
2025-10-24,-1.626953
2025-10-27,-1.570033
2025-10-28,-1.640088
2025-10-29,-1.611715
2025-10-30,-1.650412
2025-10-31,-1.645845
2025-11-03,-1.660391
2025-11-04,-1.660501
2025-11-05,-1.715742
2025-11-06,-1.706777
2025-11-07,-1.760559
2025-11-10,-1.760026
2025-11-11,-1.776360
2025-11-12,-1.779553
2025-11-13,-1.768908
2025-11-14,-1.745619
2025-11-17,-1.752721
2025-11-18,-1.759962
2025-11-19,-1.716386
2025-11-20,-1.881343
2025-11-21,-1.864181
2025-11-24,-1.878399
2025-11-25,-1.897941
2025-11-26,-1.891692
2025-11-28,-1.889106
2025-12-01,-1.895872
2025-12-02,-1.866823
2025-12-03,-1.862043
2025-12-04,-1.846786
2025-12-05,-1.856267
2025-12-08,-1.842769
2025-12-09,-1.851144
2025-12-10,-1.861707
2025-12-11,-1.918233
2025-12-12,-1.922583
2025-12-15,-1.914689
2025-12-16,-1.909951
2025-12-17,-1.892192
2025-12-18,-1.864794
2025-12-19,-1.867737
2025-12-22,-1.575165
2025-12-23,-1.603130
2025-12-24,-1.612717
2025-12-26,-1.627731
2025-12-29,-1.615813
2025-12-30,-1.648456
2025-12-31,-1.671891
2026-01-02,-1.624782
2026-01-05,-1.670267
2026-01-06,-1.700528
2026-01-07,-1.708735
2026-01-08,-1.648329
2026-01-09,-1.646877
2026-01-12,-1.711494
2026-01-13,-1.689138
2026-01-14,-1.728146
2026-01-15,-1.787054
2026-01-16,-1.785251
2026-01-20,-1.853637
2026-01-21,-1.918321
2026-01-22,-1.900848
2026-01-23,-1.875876
2026-01-26,-1.876905
2026-01-27,-1.864804
2026-01-28,-1.882901
2026-01-29,-1.884381
2026-01-30,-1.879687
2026-02-02,-1.927804
2026-02-03,-1.786587
2026-02-04,-1.778112
2026-02-05,-1.796836
2026-02-06,-1.785051
2026-02-09,-1.783543
2026-02-10,-1.818144
2026-02-11,-1.804345
2026-02-12,-1.786823
2026-02-13,-1.829395
2026-02-17,-1.796755
2026-02-18,-1.811796
2026-02-19,-1.816049
2026-02-20,-1.794498
2026-02-23,-1.780043
2026-02-24,-1.714206
2026-02-25,-1.680470
2026-02-26,-1.711720
2026-02-27,-1.606695
2026-03-02,-1.358258
2026-03-03,-1.319809
2026-03-04,-1.278209
2026-03-05,-1.171448
2026-03-06,-1.188244
2026-03-09,-1.192616
2026-03-10,-1.206766
2026-03-11,-1.278839
2026-03-12,-1.310116
2026-03-13,-1.322901
2026-03-16,-1.314392
2026-03-17,-1.287283
2026-03-18,-1.235612
2026-03-19,-1.208237
2026-03-20,-1.241919
2026-03-23,-1.229362
2026-03-24,-1.218724
2026-03-25,-1.186708
2026-03-26,-1.338004
2026-03-27,-1.301028
2026-03-30,-1.314065
2026-03-31,-1.351891
2026-04-01,-1.317416
2026-04-02,-1.354303
2026-04-06,-1.327228
2026-04-07,-1.285766
2026-04-08,-1.361022
2026-04-09,-1.377889
2026-04-10,-1.105296
2026-04-13,-0.572649
2026-04-14,-0.544825
2026-04-15,-0.648028
2026-04-16,-0.525333
2026-04-17,-0.508419
2026-04-20,-0.307407
2026-04-21,-0.184178
2026-04-22,-0.087562
2026-04-23,-0.220111
2026-04-24,-0.198494
2026-04-27,-0.166653
2026-04-28,-0.197606
2026-04-29,-0.038830
2026-04-30,-0.142964
2026-05-01,-0.175678
2026-05-04,-0.187600
2026-05-05,-0.177984
2026-05-06,-0.181341
2026-05-07,-0.275876
2026-05-08,-0.350203
2026-05-11,-0.230572
2026-05-12,-0.258983
2026-05-13,-0.158953
2026-05-14,-0.087216
2026-05-15,-0.098007
2026-05-18,0.055020
2026-05-19,-0.025754
2026-05-20,-0.051627
2026-05-21,-0.111046
2026-05-22,0.150314
2026-05-26,0.102951
2026-05-27,0.067613
2026-05-28,0.101853
2026-05-29,0.109379
2026-06-01,0.036150
2026-06-02,0.162675
2026-06-03,0.187060
2026-06-04,0.110649
2026-06-05,-0.272154
2026-06-08,-0.040802
2026-06-09,-0.008121
2026-06-10,0.009231
2026-06-11,0.008804
2026-06-12,0.005923
2026-06-15,-0.015086
2026-06-16,0.099800
2026-06-17,0.118000
2026-06-18,0.225972
2026-06-22,0.177278
2026-06-23,0.154169
2026-06-24,0.080774
2026-06-25,0.146494
2026-06-26,0.151191
2026-06-29,0.157654
2026-06-30,0.238599
2026-07-01,0.275310
2026-07-02,0.208629
2026-07-06,0.226444
2026-07-07,-0.011855
2026-07-08,-0.066499
2026-07-09,-0.067775
2026-07-10,-0.038840
2026-07-13,-0.080928
2026-07-14,-0.089020
2026-07-15,-0.067931
2026-07-16,-0.044866
2026-07-17,-0.113890
2026-07-20,-0.166393
2026-07-21,-0.162593
2026-07-22,-0.118089
2026-07-23,-0.078363
2026-07-24,-0.120807
2026-07-27,-0.154418
2026-07-28,-0.164183
2026-07-29,-0.188856
2026-07-30,-0.177465
2026-07-31,-0.217017
2026-08-03,-0.189027
2026-08-04,-0.309970
2026-08-05,-0.271657
2026-08-06,-0.284496
2026-08-07,-0.248082
2026-08-10,-0.215741
2026-08-11,-0.216223
2026-08-12,-0.237601
2026-08-13,-0.167339
2026-08-14,-0.151914
2026-08-17,-0.195497
2026-08-18,-0.239674
2026-08-19,-0.228836
2026-08-20,-0.214352
2026-08-21,-0.222320
2026-08-24,-0.199574
2026-08-25,-0.184303
2026-08-26,-0.103994
2026-08-27,-0.099665
2026-08-28,-0.176994
2026-08-31,-0.134914
2026-09-01,-0.161392
2026-09-02,-0.151932
2026-09-03,-0.137853
2026-09-04,-0.028258
2026-09-08,-0.022991
2026-09-09,0.022070
2026-09-10,0.052065
2026-09-11,0.056886
2026-09-14,-0.057043
2026-09-15,-0.044090
2026-09-16,-0.043784
2026-09-17,-0.046291
2026-09-18,-0.370103
2026-09-21,-0.448056
2026-09-22,-0.465383
2026-09-23,-0.377425
2026-09-24,-0.220369
2026-09-25,-0.201126
