session,side,entry_time,entry_px,exit_time,exit_px,gross,net,dollars_net,hold_min,reason
2021-11-09,long,2021-11-09 13:28-05:00,394.5394898229091,2021-11-09 15:59-05:00,395.32,0.001978281508502988,0.001778281508502988,0.001778281508502988,152,session
2021-11-10,long,2021-11-10 14:43-05:00,387.7759548355585,2021-11-10 15:59-05:00,389.51,0.004471770729510105,0.004271770729510105,0.004279367140406958,77,session
2021-11-22,long,2021-11-22 15:50-05:00,401.0143967767409,2021-11-22 15:59-05:00,399.3,-0.004275150195406474,-0.004475150195406474,-0.004502259082941346,10,session
2021-11-23,long,2021-11-23 13:30-05:00,393.1997970069737,2021-11-23 15:59-05:00,397.48,0.01088556765697013,0.01068556765697013,0.010702187877410231,150,session
2021-11-26,long,2021-11-26 11:21-05:00,390.9263555825437,2021-11-26 13:00-05:00,391.2,0.0006999896874400058,0.0004999896874400058,0.0005061183497546925,100,session
2021-11-30,long,2021-11-30 11:01-05:00,393.0334392522953,2021-11-30 15:59-05:00,393.82,0.002001256557714326,0.0018012565577143259,0.0018242472484623787,299,session
2021-12-01,long,2021-12-01 15:04-05:00,392.2696221628456,2021-12-01 15:59-05:00,387.12,-0.013127761804374027,-0.013327761804374028,-0.013522186434448196,56,session
2021-12-03,long,2021-12-03 10:03-05:00,384.6810517628618,2021-12-03 15:59-05:00,383.13,-0.0040320461737167745,-0.004232046173716774,-0.0042365565048881676,357,session
2021-12-16,long,2021-12-16 11:13-05:00,390.44313312575736,2021-12-16 15:59-05:00,386.84,-0.009228317314513679,-0.00942831731451368,-0.009398422006936956,287,session
2022-01-04,long,2022-01-04 10:55-05:00,395.7503775721401,2022-01-04 15:59-05:00,396.47,0.0018183745831770182,0.001618374583177018,0.0015980328739161765,305,session
2022-01-05,long,2022-01-05 14:39-05:00,388.0716363169873,2022-01-05 15:59-05:00,384.29,-0.00974468619473734,-0.00994468619473734,-0.009835581162643277,81,session
2022-01-13,long,2022-01-13 12:20-05:00,381.4065760288497,2022-01-13 15:59-05:00,377.66,-0.009823050425240454,-0.010023050425240454,-0.009814503118405574,220,session
2022-01-20,long,2022-01-20 15:53-05:00,361.96223545293566,2022-01-20 15:59-05:00,361.72,-0.0006692285249938479,-0.0008692285249938479,-0.0008426116407595899,7,session
2022-01-24,long,2022-01-24 11:49-05:00,337.54320301809247,2022-01-24 15:59-05:00,353.3,0.04668083030859593,0.046480830308595934,0.045018362811266366,251,session
2022-01-26,long,2022-01-26 15:03-05:00,343.5548281125389,2022-01-26 15:59-05:00,344.57,0.0029549050235688767,0.0027549050235688767,0.002792246322713654,57,session
2022-02-11,long,2022-02-11 14:02-05:00,348.73416975361374,2022-02-11 15:59-05:00,347.06,-0.004800704659358668,-0.005000704659358667,-0.005082449799137898,118,session
2022-02-23,long,2022-02-23 14:33-05:00,331.8294265407657,2022-02-23 15:59-05:00,329.42,-0.007261039401729175,-0.007461039401729174,-0.007545082596727199,87,session
2022-03-07,long,2022-03-07 14:45-05:00,327.4316628270947,2022-03-07 15:59-05:00,324.86,-0.007854044428356688,-0.008054044428356688,-0.008083998964235051,75,session
2022-03-11,long,2022-03-11 15:59-05:00,323.9267769159895,2022-03-11 15:59-05:00,324.4,0.0014608952322987534,0.0012608952322987533,0.0012553916677372403,1,session
2022-04-21,long,2022-04-21 14:03-04:00,336.9919637332115,2022-04-21 15:59-04:00,334.15,-0.008433327910043031,-0.008633327910043032,-0.008606483306328407,117,session
2022-04-22,long,2022-04-22 15:51-04:00,325.64968060941067,2022-04-22 15:59-04:00,325.4,-0.0007667153517345593,-0.0009667153517345593,-0.0009553894124885252,9,session
2022-04-26,long,2022-04-26 15:16-04:00,318.76605113770614,2022-04-26 15:59-04:00,317.14,-0.005101080030017746,-0.005301080030017746,-0.005233908517028317,44,session
2022-04-29,long,2022-04-29 15:47-04:00,314.48690209531355,2022-04-29 15:59-04:00,313.25,-0.003933079842348031,-0.00413307984234803,-0.0040590762346005655,13,session
2022-05-05,long,2022-05-05 10:39-04:00,315.36456775156836,2022-05-05 15:59-04:00,313.0,-0.00749788655214767,-0.00769788655214767,-0.007528808070536464,321,session
2022-05-18,long,2022-05-18 14:36-04:00,291.2506078184475,2022-05-18 15:59-04:00,291.14,-0.00037976854117494074,-0.0005797685411749407,-0.0005626693805987063,84,session
2022-05-20,long,2022-05-20 12:38-04:00,282.6891465373348,2022-05-20 15:59-04:00,288.68,0.0211923716776794,0.0209923716776794,0.02036143019354809,202,session
2022-06-28,long,2022-06-28 14:37-04:00,284.07699223136177,2022-06-28 15:59-04:00,283.54,-0.0018903052554302135,-0.0020903052554302136,-0.0020700411668868393,83,session
2022-08-26,long,2022-08-26 10:38-04:00,313.8994419868609,2022-08-26 15:59-04:00,307.44,-0.020578061387988344,-0.020778061387988343,-0.020533620764506655,322,session
2022-08-30,long,2022-08-30 10:46-04:00,299.36206987642606,2022-08-30 15:59-04:00,301.02,0.005538210382692421,0.0053382103826924215,0.005165796958930492,314,session
2022-09-02,long,2022-09-02 13:35-04:00,295.56542912482064,2022-09-02 15:59-04:00,295.17,-0.0013378733974115375,-0.0015378733974115376,-0.0014961475315612089,145,session
2022-09-13,long,2022-09-13 15:11-04:00,295.10152491714587,2022-09-13 15:59-04:00,293.7,-0.004749297441073441,-0.004949297441073441,-0.0048076073070862655,49,session
2022-10-14,long,2022-10-14 10:44-04:00,263.30749630433337,2022-10-14 15:59-04:00,260.74,-0.009750942682489439,-0.009950942682489439,-0.009618223559515785,316,session
2022-11-02,long,2022-11-02 15:26-04:00,267.4349677667642,2022-11-02 15:59-04:00,265.68,-0.006562222514950755,-0.006762222514950755,-0.006471080680427467,34,session
2022-12-06,long,2022-12-06 14:25-05:00,280.9137904403797,2022-12-06 15:59-05:00,281.68,0.002727561215200902,0.002527561215200902,0.00240238312856005,95,session
2022-12-13,long,2022-12-13 11:47-05:00,290.6083732685412,2022-12-13 15:59-05:00,288.65,-0.006738874198685019,-0.006938874198685018,-0.006611894593203417,253,session
2022-12-15,long,2022-12-15 13:51-05:00,275.7843371550176,2022-12-15 15:59-05:00,276.89,0.0040091575046949934,0.0038091575046949933,0.003604473356549093,129,session
2022-12-22,long,2022-12-22 12:26-05:00,263.97148711343857,2022-12-22 15:59-05:00,266.76,0.010563689726698078,0.010363689726698077,0.009844155034012071,214,session
2023-01-03,long,2023-01-03 12:24-05:00,262.37804441170465,2023-01-03 15:59-05:00,264.48,0.008011171792244642,0.007811171792244643,0.007496489930559246,216,session
2023-02-09,long,2023-02-09 15:01-05:00,302.1285038749665,2023-02-09 15:59-05:00,301.68,-0.0014844805081750678,-0.001684480508175068,-0.0016292470030481057,59,session
2023-03-09,long,2023-03-09 15:18-05:00,292.8017263136077,2023-03-09 15:59-05:00,292.66,-0.00048403510249750425,-0.0006840351024975042,-0.0006604913773540581,42,session
2023-06-07,long,2023-06-07 12:22-04:00,350.42580149729156,2023-06-07 15:59-04:00,348.82,-0.004582429405683985,-0.004782429405683985,-0.004614664767258245,218,session
2023-06-16,long,2023-06-16 15:59-04:00,367.48914816171396,2023-06-16 15:59-04:00,367.93,0.001199632262588679,0.000999632262588679,0.0009599528189911851,1,session
2023-07-20,long,2023-07-20 14:26-04:00,377.5415943590406,2023-07-20 15:59-04:00,376.76,-0.002070220528595068,-0.002270220528595068,-0.0021822856074008488,94,session
2023-07-27,long,2023-07-27 14:26-04:00,378.00241497655594,2023-07-27 15:59-04:00,376.62,-0.003657159112704811,-0.003857159112704811,-0.0036993381503033036,94,session
2023-08-02,long,2023-08-02 11:59-04:00,374.08624490174446,2023-08-02 15:59-04:00,374.39,0.0008119921606186686,0.0006119921606186687,0.0005846876949280443,241,session
2023-08-17,long,2023-08-17 15:13-04:00,358.58499368698153,2023-08-17 15:59-04:00,358.58,-1.3926090242089018e-05,-0.00021392609024208903,-0.000204506705465849,47,session
2023-08-24,long,2023-08-24 10:24-04:00,367.190133856095,2023-08-24 15:59-04:00,361.22,-0.016258971322020033,-0.01645897132202003,-0.01573089999360464,336,session
2023-09-15,long,2023-09-15 13:20-04:00,370.84706431350367,2023-09-15 15:59-04:00,370.81,-9.99450098715382e-05,-0.0002999450098715382,-0.00028195837827603285,160,session
2023-09-20,long,2023-09-20 15:33-04:00,365.9795665804546,2023-09-20 15:59-04:00,364.54,-0.003933461624388568,-0.0041334616243885675,-0.003884427220929451,27,session
2023-10-03,long,2023-10-03 15:31-04:00,353.46709534376515,2023-10-03 15:59-04:00,354.92,0.004110438214402601,0.003910438214402601,0.0036596507994368604,29,session
2023-10-13,long,2023-10-13 13:26-04:00,364.87629354240465,2023-10-13 15:59-04:00,365.28,0.001106420079188819,0.000906420079188819,0.0008516059878871799,154,session
2023-10-25,long,2023-10-25 13:32-04:00,350.7831887679797,2023-10-25 15:59-04:00,350.32,-0.0013204417509474764,-0.0015204417509474765,-0.0014297906428764925,148,session
2023-10-26,long,2023-10-26 12:19-04:00,342.9558181416955,2023-10-26 15:59-04:00,343.66,0.0020532728154902813,0.0018532728154902812,0.0017401280082255226,221,session
2023-12-06,long,2023-12-06 15:17-05:00,385.509310941791,2023-12-06 15:59-05:00,385.05,-0.0011914392953802366,-0.0013914392953802367,-0.0013089113304733107,43,session
2023-12-20,long,2023-12-20 15:05-05:00,403.8215391387415,2023-12-20 15:59-05:00,403.08,-0.00183630407710067,-0.00203630407710067,-0.0019128630525052886,55,session
2024-01-02,long,2024-01-02 14:04-05:00,401.65449103590737,2024-01-02 15:59-05:00,402.59,0.0023291385630466177,0.0021291385630466176,0.0019959971490473394,116,session
2024-01-11,long,2024-01-11 11:14-05:00,405.0494886743636,2024-01-11 15:59-05:00,409.35,0.010617249116178451,0.01041724911617845,0.009786620114718852,286,session
2024-03-05,long,2024-03-05 10:49-05:00,435.73988068463905,2024-03-05 15:59-05:00,436.05,0.0007117074408560242,0.0005117074408560242,0.00048573809424949833,311,session
2024-03-08,long,2024-03-08 12:56-05:00,440.047408113758,2024-03-08 15:59-05:00,439.02,-0.002334766879236838,-0.002534766879236838,-0.002407357732044531,184,session
2024-04-04,long,2024-04-04 14:30-04:00,441.0684592646152,2024-04-04 15:59-04:00,435.34,-0.012987687385686564,-0.013187687385686564,-0.012493065532487472,90,session
2024-04-15,long,2024-04-15 13:18-04:00,435.9647753921501,2024-04-15 15:59-04:00,431.06,-0.011250393768024614,-0.011450393768024614,-0.010704228122327792,162,session
2024-04-17,long,2024-04-17 12:05-04:00,426.76248490445596,2024-04-17 15:59-04:00,425.84,-0.002161588558241001,-0.002361588558241001,-0.002182416505428808,235,session
2024-04-19,long,2024-04-19 12:14-04:00,415.82387729006666,2024-04-19 15:59-04:00,414.65,-0.0028230155942868818,-0.003023015594286882,-0.002787064061158138,226,session
2024-05-23,long,2024-05-23 13:43-04:00,455.50451423924636,2024-05-23 15:59-04:00,453.69,-0.003983526359287226,-0.004183526359287226,-0.0038453352218025694,137,session
2024-05-30,long,2024-05-30 15:49-04:00,450.3885531728216,2024-05-30 15:59-04:00,451.55,0.002578766309659475,0.0023787663096594748,0.0021773226061791657,11,session
2024-05-31,long,2024-05-31 10:32-04:00,446.58865651762005,2024-05-31 15:59-04:00,451.71,0.011467697192120374,0.011267697192120374,0.010338035716082775,328,session
2024-06-03,long,2024-06-03 12:31-04:00,449.0762524806472,2024-06-03 15:59-04:00,453.13,0.00902685790433222,0.008826857904332219,0.008189834604285686,209,session
2024-06-20,long,2024-06-20 12:33-04:00,481.0567675226694,2024-06-20 15:59-04:00,481.47,0.000859009799318855,0.000659009799318855,0.000616847067223088,207,session
2024-07-11,long,2024-07-11 10:20-04:00,497.83241730862875,2024-07-11 15:59-04:00,491.93,-0.011856233349644585,-0.012056233349644585,-0.01129232547018597,340,session
2024-07-17,long,2024-07-17 12:46-04:00,482.35756158245897,2024-07-17 15:59-04:00,481.77,-0.0012181038077466733,-0.0014181038077466734,-0.0013122361278505078,194,session
2024-07-18,long,2024-07-18 11:13-04:00,478.98487861228335,2024-07-18 15:59-04:00,479.49,0.0010545664597598758,0.0008545664597598759,0.0007896479258930904,287,session
2024-07-24,long,2024-07-24 12:00-04:00,467.09240129231114,2024-07-24 15:59-04:00,463.38,-0.007947894853437942,-0.008147894853437943,-0.007535360709931896,240,session
2024-07-25,long,2024-07-25 10:12-04:00,456.1793726285747,2024-07-25 15:59-04:00,458.26,0.004560985209472346,0.004360985209472346,0.004000277906931187,348,session
2024-07-30,long,2024-07-30 11:38-04:00,458.0966879245549,2024-07-30 15:59-04:00,457.53,-0.0012370487268142938,-0.0014370487268142939,-0.001323935654520933,262,session
2024-08-01,long,2024-08-01 11:42-04:00,463.1615676492335,2024-08-01 15:59-04:00,459.66,-0.0075601429259462005,-0.0077601429259462,-0.007139052124345012,258,session
2024-08-07,long,2024-08-07 15:54-04:00,435.4709845801166,2024-08-07 15:59-04:00,434.77,-0.0016097159281289741,-0.0018097159281289742,-0.0016519538472090053,6,session
2024-08-22,long,2024-08-22 13:53-04:00,475.5309627579394,2024-08-22 15:59-04:00,474.85,-0.0014320050875130663,-0.0016320050875130664,-0.0014870389613583753,127,session
2024-09-03,long,2024-09-03 13:58-04:00,464.4164209480877,2024-09-03 15:59-04:00,461.81,-0.005612249762329213,-0.005812249762329213,-0.005287321974350195,122,session
2024-09-06,long,2024-09-06 10:43-04:00,451.28320616725534,2024-09-06 15:59-04:00,448.69,-0.0057462944151620565,-0.005946294415162056,-0.00537782053921572,317,session
2024-10-01,long,2024-10-01 10:10-04:00,480.20202414709416,2024-10-01 15:59-04:00,481.27,0.002224013642597056,0.0020240136425970557,0.0018196303889662217,350,session
2024-10-15,long,2024-10-15 10:40-04:00,491.0554081652001,2024-10-15 15:59-04:00,490.81,-0.0004997565674249582,-0.0006997565674249582,-0.000630369015936388,320,session
2024-10-23,long,2024-10-23 13:14-04:00,487.2415364533035,2024-10-23 15:59-04:00,488.36,0.0022955012309457956,0.0020955012309457955,0.0018863913173801715,166,session
2024-10-31,long,2024-10-31 10:47-04:00,486.04403801597255,2024-10-31 15:59-04:00,483.87,-0.004472923945013196,-0.004672923945013196,-0.0042154281717168745,313,session
2024-11-15,long,2024-11-15 11:58-05:00,496.4875480898786,2024-11-15 15:59-05:00,496.57,0.00016607044917571478,-3.3929550824285225e-05,-3.046470027109692e-05,242,session
2024-11-21,long,2024-11-21 10:27-05:00,498.9337299925818,2024-11-21 15:59-05:00,504.98,0.012118382951395335,0.011918382951395334,0.010700926951002764,333,session
2024-12-18,long,2024-12-18 14:46-05:00,528.5452446188289,2024-12-18 15:59-05:00,516.47,-0.022846189123387428,-0.023046189123387427,-0.020938649674665206,74,session
2025-01-07,long,2025-01-07 10:47-05:00,516.5941332566796,2025-01-07 15:59-05:00,515.18,-0.002737416408050808,-0.002937416408050808,-0.002607288547652645,313,session
2025-02-21,long,2025-02-21 12:57-05:00,530.0895398219278,2025-02-21 15:59-05:00,526.12,-0.007488432658492528,-0.007688432658492527,-0.006804305656555416,183,session
2025-02-25,long,2025-02-25 11:30-05:00,510.3620011729888,2025-02-25 15:59-05:00,513.32,0.005795883745679964,0.005595883745679964,0.004914312129058884,270,session
2025-02-27,long,2025-02-27 10:00-05:00,509.13866427670973,2025-02-27 15:59-05:00,500.27,-0.017418956561291,-0.017618956561290998,-0.015559574818266855,360,session
2025-03-03,long,2025-03-03 14:52-05:00,501.6307870549181,2025-03-03 15:59-05:00,497.3,-0.008633415585084347,-0.008833415585084348,-0.007663482624624806,68,session
2025-03-10,long,2025-03-10 14:06-04:00,471.9734978877508,2025-03-10 15:59-04:00,472.73,0.0016028487100119282,0.001402848710011928,0.0012062990981548513,114,session
2025-03-28,long,2025-03-28 13:01-04:00,469.2140415783005,2025-03-28 15:59-04:00,468.94,-0.0005840438563575745,-0.0007840438563575745,-0.0006751392308518681,179,session
2025-04-04,long,2025-04-04 13:16-04:00,425.70891447710017,2025-04-04 15:59-04:00,422.67,-0.0071384797775091435,-0.007338479777509143,-0.006314201700116349,164,session
2025-04-08,long,2025-04-08 14:36-04:00,422.0306966664793,2025-04-08 15:59-04:00,416.06,-0.014147541194610702,-0.014347541194610703,-0.012254370776703768,84,session
2025-04-10,long,2025-04-10 12:27-04:00,432.7215231460969,2025-04-10 15:59-04:00,446.15,0.031032606735785784,0.030832606735785785,0.02595658714091622,213,session
2025-07-31,long,2025-07-31 11:15-04:00,568.4875682840393,2025-07-31 15:59-04:00,565.01,-0.006117228375875028,-0.0063172283758750275,-0.0054821645973228295,285,session
2025-08-01,long,2025-08-01 10:01-04:00,552.1698848351793,2025-08-01 15:59-04:00,553.88,0.0030970815536799368,0.0028970815536799367,0.0024982389448834257,359,session
2025-08-19,long,2025-08-19 12:45-04:00,569.5189501751648,2025-08-19 15:59-04:00,569.28,-0.00041956492420724967,-0.0006195649242072497,-0.0005358169447728307,195,session
2025-08-20,long,2025-08-20 10:06-04:00,561.2761680197959,2025-08-20 15:59-04:00,565.9,0.008238069320700259,0.008038069320700258,0.00694723854117112,354,session
2025-09-05,long,2025-09-05 10:47-04:00,573.1313452696783,2025-09-05 15:59-04:00,576.06,0.0051099189644630005,0.004909918964463001,0.004277713773932687,313,session
2025-09-17,long,2025-09-17 14:53-04:00,584.5987683867163,2025-09-17 15:59-04:00,590.0,0.009239211413649029,0.009039211413649028,0.007913982301745545,67,session
2025-10-10,long,2025-10-10 11:02-04:00,604.8256130321797,2025-10-10 15:59-04:00,589.335,-0.02561170145311864,-0.02581170145311864,-0.022802854035447143,298,session
2025-10-16,long,2025-10-16 14:16-04:00,596.0370427377156,2025-10-16 15:59-04:00,599.99,0.006632066430179773,0.006432066430179773,0.005535616611359426,104,session
2025-10-22,long,2025-10-22 12:32-04:00,601.5322468354826,2025-10-22 15:59-04:00,605.49,0.006579453030719717,0.006379453030719718,0.00552565025160182,208,session
2025-11-06,long,2025-11-06 11:35-05:00,611.775598154025,2025-11-06 15:59-05:00,611.67,-0.000172609293904058,-0.000372609293904058,-0.0003247995305533156,265,session
2025-11-13,long,2025-11-13 13:35-05:00,607.0438103792363,2025-11-13 15:59-05:00,608.4,0.002234088541181789,0.002034088541181789,0.001772432523633561,145,session
2025-11-20,long,2025-11-20 11:47-05:00,599.5432789134323,2025-11-20 15:59-05:00,585.67,-0.0231397455385961,-0.0233397455385961,-0.02037879358438792,253,session
2025-12-12,long,2025-12-12 11:21-05:00,611.9153080650983,2025-12-12 15:59-05:00,613.62,0.00278582985657283,0.00258582985657283,0.0022050874293968975,279,session
2025-12-17,long,2025-12-17 13:39-05:00,602.7060826599931,2025-12-17 15:59-05:00,600.41,-0.003809622510958399,-0.004009622510958399,-0.0034280797570760344,141,session
2026-01-02,long,2026-01-02 11:01-05:00,611.8802470393176,2026-01-02 15:59-05:00,613.12,0.0020261365956510957,0.0018261365956510956,0.0015550194748492918,299,session
2026-01-29,long,2026-01-29 10:03-05:00,623.7133134904988,2026-01-29 15:59-05:00,629.37,0.009069369511842895,0.008869369511842895,0.007566371818332763,357,session
2026-02-03,long,2026-02-03 10:24-05:00,618.0724718435225,2026-02-03 15:59-05:00,616.52,-0.00251179580752392,-0.00271179580752392,-0.0023339247631994266,336,session
2026-02-04,long,2026-02-04 11:51-05:00,604.125152426128,2026-02-04 15:59-05:00,605.75,0.002689587691137696,0.002489587691137696,0.0021368693869886924,249,session
2026-02-12,long,2026-02-12 11:25-05:00,602.768756519234,2026-02-12 15:59-05:00,600.64,-0.0035316304904832174,-0.0037316304904832175,-0.003210916802286842,275,session
2026-02-26,long,2026-02-26 10:34-05:00,604.3355420947782,2026-02-26 15:59-05:00,609.24,0.008115455013983919,0.007915455013983918,0.006785512376053777,326,session
2026-03-20,long,2026-03-20 15:37-04:00,579.077760044433,2026-03-20 15:59-04:00,582.06,0.005149981852762053,0.004949981852762054,0.004276952955648624,23,session
2026-05-12,long,2026-05-12 12:54-04:00,696.7867096302584,2026-05-12 15:59-04:00,707.24,0.015002137993258335,0.014802137993258335,0.012852859549904703,186,session
2026-05-18,long,2026-05-18 12:30-04:00,699.6833312382812,2026-05-18 15:59-04:00,705.7199,0.008627572634945402,0.008427572634945401,0.007426072604344815,210,session
2026-06-05,long,2026-06-05 12:10-04:00,718.6321040705903,2026-06-05 15:59-04:00,705.06,-0.018886025260648864,-0.019086025260648863,-0.016959650287097568,230,session
2026-06-09,long,2026-06-09 10:48-04:00,708.8301560608662,2026-06-09 15:59-04:00,707.895,-0.0013192949719621483,-0.0015192949719621484,-0.0013242635361449028,312,session
2026-06-25,long,2026-06-25 09:55-04:00,707.8449123392628,2026-06-25 15:59-04:00,716.12,0.011690537738542117,0.011490537738542117,0.01000028438590559,365,session
2026-07-02,long,2026-07-02 13:47-04:00,708.0207439965154,2026-07-02 15:59-04:00,712.6044,0.006473900718800385,0.006273900718800385,0.005522954475434823,133,session
2026-07-27,long,2026-07-27 10:41-04:00,676.284818984636,2026-07-27 15:59-04:00,682.23,0.008790942585832351,0.00859094258583235,0.007610108467475714,319,session
